project_key,project_code,project_name,project_start_date,project_end_date,type_of_project,project_status,reporter_employee_id,approver_employee_id,client_id,tech_coe,proposition_coe,is_active_version,date_source,extended_end_date,extended_end_status,cluster_number
9e5668f22ea4cee8e0e813e791f641ec668b4b10e2b514402e220cea00892f25,GCC_005,Growth Curve - DD - Project Whistler (RC),2024-03-08,2024-03-29,Client Project,COMPLETE,JMG81,JMG159,E7B0400F-CBCC-4BE8-9573-F811A6B47A40,,Due Diligence,1,given,,,3.0
9edc5e0001a2baab219eb16c872fd76f6784b9114dd37d18538ce714517d7ed3,JUM_004,Equivia - JUMiNGO - Part-Time Managed Service (JT/LG/JR),2026-01-05,2026-03-30,Client Project,COMPLETE,JMD31,JMD144,870D2486-FD7A-46AB-9D9B-2672ECFCECB6,Data Engineering,Managed Service,1,given,,,1.0
b18e2c4c48692ed34c81543e831036ae82bd534e678fe5e823cc714f4ffd70e8,FMT_003,Baird Capital - Freemarket - Automate Commercial Dashboard (SS / JAT / RS),2024-01-08,2024-02-27,Client Project,COMPLETE,JMG64,JMD116,150AB409-24E2-4F6D-A223-F05935E58DA6,,Core Reporting,1,given,,,2.0
af7e2c6d9c3c1c2810bd2b5181f87b7efb6171d2430df368861e2b64d0d06216,RLD_001,ARR Reporting,2022-09-26,2022-12-23,Client Project,COMPLETE,JMG112,JMD89,6FA65EF2-FAFC-432E-ADF3-4E4090AE887D,,,1,given,,,1.0
8136a74cf773eab1bf5a9f5dd1b2cdd09f9eb5b9dadc79bd6d11b728b3a8de5b,BKM_006,Bookmark FUP,2020-11-23,2021-04-30,Client Project,COMPLETE,JMD160,JML56,E07682C0-7187-4EC7-A4B4-2590F0F0032D,,,1,given,,,
242a6df414a87450f9aee6c526c1959e20b6e5101fef4eecaa7a1c9b6b9298e6,ERG_002,Permira - Ergomed - Sales Funnel / ICP Phase 1,2025-10-06,2025-11-17,Client Project,PROPOSE,JMG141,JMG141,B128A82A-816D-4216-B236-BCB1BDBE5E92,Data Science & ML,Value Creation,1,given,,,1.0
84297f00fabfb1a3861e9918318721a6b3b331ee61f1c5b8396c3269485a5df2,HCE_001,Graphite Capital - Horizon Care & Education - Design and Discovery,2026-06-08,2026-07-13,Client Project,DEAL WON,JMG398,JMD152,B547876F-43ED-4217-A8E3-6A249273B1EE,Consulting,Data Advisory,1,given,,,2.0
bd3f13fe4a086800e656fa3f03da068fb22578ebe65d5f17faff6c00f092618f,NTL_003,Winning and Retaining Customers,2022-09-05,2023-01-31,Client Project,COMPLETE,JMG112,JMG112,4A53C5AA-F996-4D6C-90D5-3B4046634709,,,1,given,,,3.0
fb1cccb9e74ee1f00f66f69856e33372d1b73f3ec49d5e35a363460760de8c4c,JMG_243,Product - CustomerRevML,2025-01-28,2026-12-31,Internal Project,COMPLETE,JMD37,JMD112,45AC9AD7-51C9-4C2D-AB89-ADEA174B2771,Data Science & ML,Value Creation,1,given,,,
4653e0fe5890cf01236b4e6dc279c7066a35f96aa40289afa85f845de720d7b6,JMG_231,Pharma Services (sales) - Internal Project,2024-10-28,2025-01-31,Internal Project,COMPLETE,JMG141,JMD20,45AC9AD7-51C9-4C2D-AB89-ADEA174B2771,,,1,given,,,
affff1b06d7bb8b6fbc0d0ebb5b3c444f8185e1bf1ef17464a78ed81c53e7f88,DNS_008,IK Partners - Dains - Phase 5a - Acquisition Integrations & Azure Migration,2025-06-02,2025-10-17,Client Project,COMPLETE,JMG97,JMD195,5553337B-330A-4E7B-AAB2-97AF6889EF91,BI and Reporting;Data Engineering,Core Reporting,1,given,2026-07-10,,5.0
aec9ba73fb5315c3ee475f1941ba64e6494e81d389972a2157820688d79ddcce,LWF_002,Blixt - Lawfront - Exit Cube & Tool,2025-08-18,2025-11-14,Client Project,COMPLETE,JMG141,JMD82,C05AD92C-C140-4C13-B40D-9BB219B0F157,Data Engineering;BI and Reporting,Exit Support,1,given,,,4.0
e58b67565db14c94d6741152397c8a7572bc55360e16c1ddab7308fd36f533ed,FIR_013,Guna Int - FireTree - Cloud Migration (Phase 2),2023-09-01,2023-11-30,Client Project,COMPLETE,JMD28,JMD28,A13DC602-1FC1-4D39-B2AF-D0F1E4D8767C,,,1,given,,,2.0
f63e9dbae294ab0d32d079d00953d24eb71c2c0e68818d8e040be36da0da7f35,THO_003,THORtal-Vincere Integration,2020-12-28,2021-05-28,Client Project,COMPLETE,JMD160,JML56,C396D527-0F25-41D6-87CC-015440EAD08C,,,1,given,,,2.0
caab7854543daa7beb2f23392a750af816dbad77c2c52365fb4ea46eb97ca359,KRO_001,Stone Point - Kroll Lucid,2026-03-09,2026-05-18,Client Project,COMPLETE,JMG107,JMD84,2DC9E3BC-BE8A-4246-902C-3B82395E6B39,BI and Reporting,Exit Support,1,given,2026-06-30,,2.0
d77400a2ce8ab3be09b8a80380627ae41350d07375d1764790b50cbf31249feb,CSD_008,FPF - Clearstead - Seattle Integration,2026-04-13,2026-04-20,Client Project,PROPOSE,JMG128,JMG128,A7055242-6D88-4386-A79A-740298F495CE,Data Engineering;BI and Reporting,Core Reporting,1,given,,,4.0
31f5cb188232f09accaea1f847c7ee4fbdb490719bcbb3739846390a50849b8f,JMG_169,JMAN Group - GenAI POC,2023-07-10,2023-07-28,Client Project,COMPLETE,JMG81,JMD27,45AC9AD7-51C9-4C2D-AB89-ADEA174B2771,,,1,given,,,
383af8880ac104d7b9948d1dc0a20eb1df7e217988b6b461fd96e3ab7a493314,PGY_003,Further Global - Progeny - Operational Efficiency Scoping,2025-09-15,2025-10-10,Client Project,COMPLETE,JMG313,JMG149,CFCC2EAC-35D0-4D1F-A9E0-786B81AA4312,Consulting,Value Creation,1,given,,,4.0
596c39d2a5e6e626cd09b5fd9db8de9430ce2305333791dce6e56c73175a5a6e,NEG_008,Synova - NEG - Reporting,2023-11-27,2023-12-22,Client Project,COMPLETE,JMG22,JMG22,CC0B7B33-C73A-417A-AAC9-219778FC86B8,,Core Reporting,1,given,,,2.0
bfa7b74e6addd831197db6ff2500616a05bf4c125c803da7dcff66d3ad23b6ff,CNC_025,Cinch - Mobile App Build Q4 2024 (NJ) (EXT),2024-09-01,2024-12-31,Managed Services,COMPLETE,JMD129,JMD157,E6ED099A-E034-473D-A237-92B0C8A6EADF,Full Stack Engineering,Managed Services,1,given,,,4.0
c1e6f7de04d470e9ae720abb7934afcb5472d7f6ba5b80e49280470dcb6389c4,ALM_010,Apax - Alcumus - Migration & Data Modelling,2025-12-08,2026-01-12,Client Project,COMPLETE,JMG117,JMD112,7F3D6169-7593-427C-AEB3-F0F6C253DA67,Data Science & ML,Value Creation,1,given,,,4.0
b61b1d894a1a5c66d4f4321cd428a2b37e686d2cceb5c37ab791d6547c54a3e9,CLN_008,BAU Data Team Support,2022-02-16,2022-09-30,Client Project,COMPLETE,JMG24,JMD118,CBE4E752-7D89-485F-8768-BE5DBF9C1F6C,,,1,given,,,4.0
7c20f3e32152bff6db934822d75da7c9f1dc3fea06d971e54f43c20142da2f87,RWB_001,Baird GIB - Structured Cabling Co Exit Cube,2026-07-20,2026-08-17,Client Project,PROPOSE,JMG124,JMG124,5B8D7E8C-AA98-43CB-8CAC-654D87734E08,Consulting,Exit Support,1,given,2026-08-26,,1.0
63fff936aacf7ffb162cb8993ba1f011e6e3633627eadbd5f92340505557c85a,MCL_012,MyConsoleImpact,2020-11-30,2021-01-29,Client Project,COMPLETE,JMD160,JML56,637B410A-A9BA-45E3-A0AC-45FE639485EA,,,1,given,,,4.0
9c193e5275043f97b2a5d6cf91981c48215cd583a3818e8ef5d5c722e9d3ba8b,PFG_004,In-house MI Support,2022-10-03,2023-01-01,Client Project,COMPLETE,JMG52,JMG52,7FD76730-2ADC-4C30-BA25-06459E759DB6,,,1,given,,,2.0
a21164235ea35253e609e3d574fa43a45284998e4ccf907a18919e7622502815,GLS_007,Levine Leichtman Capital Partners - GLAS - Managed Service (NJ / SS / KO),2024-09-12,2024-12-29,Managed Services,COMPLETE,JMD41,JMD41,16BA707B-C0A5-43B3-8F7F-4D0E13213915,Data Engineering,Core Reporting,1,given,,,4.0
5636e432ab320d63f28e1fa1fa88933140a3ccea8d0bd8fc38af6a5ff0ca305e,VRF_002,Apax - Veriforce - Additional Pricing Prompts,2026-07-20,2026-08-17,Client Project,DEAL WON,JMG117,JMD112,3DEF32B2-B27F-4D9E-A013-7F35FB1F0D1F,Data Science & ML,Value Creation,1,given,,,2.0
535f04c3c9c9358bac9c6084796de944511974e3345b39c2b4df1b721cd93d45,AND_004,Andwis - Data Platform Build Phase 2,2026-06-22,2026-08-17,Client Project,SOW PENDING SIGNATURE,JMG133,JMD157,7CE95475-03A9-4164-AF73-DE5D18D5FB39,BI and Reporting,Core Reporting,1,given,2026-09-25,,3.0
3c3af88bb7401446d7dbf85ac3bdc71f2eb1e12487cf503bd7a02179ecebc540,SOV_018,Sovos DBT Maintenance & Development (APR 2026 - JUN 2026),2026-04-01,2026-06-24,Managed Services,COMPLETE,JMD135,JMD205,F984AAE7-6BC9-4D69-8125-763CEE1196B5,TechOps and Automation,Managed Service,1,given,,,1.0
55c1da5ed4a732519b90fa425642301cc08ff7abb966e5f35abad80fcdc38c2f,JMG_164,The Way We Do It,2023-01-16,2023-09-30,Internal Project,COMPLETE,JMG76,JMD21,3A4B9733-496E-4579-9FCB-892E2A96B228,,,1,given,,,
51c9d0c2cdf543e8f43124f0b1931b5aa2bcf959583dae1164a651efc8b77550,BOT_001,Bootstrappers - Extension,2023-03-01,2023-12-31,Client Project,COMPLETE,JMD8,JMD65,B705808C-497C-467B-A9A3-AA2C7044FEE4,,,1,given,,,2.0
f94c331d6aedba74cdcd6b53c12b4b76147935e7a59bfcb8374ea266f0fa34e3,VNQ_001,Capital D - VONQ - Exit D&D (Phase 1) (PG/VC),2026-06-29,2026-07-27,Client Project,SOW PENDING SIGNATURE,JMG391,JMD77,437A2A3E-F1F6-493A-A265-8135BE5E8125,Consulting;Data Engineering;BI and Reporting,Exit Support,1,given,,,1.0
77d09d6bb1f88a66e87b389fe270bf35fd04ab963ce81befc8f70e73d2cc31cb,FIR_023,Firetree-Maintenance-Q4,2024-10-01,2024-12-30,Managed Services,COMPLETE,JMD28,JMD137,A13DC602-1FC1-4D39-B2AF-D0F1E4D8767C,Full Stack Engineering,Managed Services,1,given,,,2.0
87d9fd09473f541aa83b2734c8ccff34120e6c73c12ca413cbc0b07370b27657,LCL_001,Aurelius - Lloyds Clinical - Productionisation of Insight Engine,2025-04-07,2025-06-20,Client Project,COMPLETE,JMG133,JMD372,C944160A-797A-44F6-8740-95C8BC518E0C,Data Science & ML,Value Creation,1,given,,,1.0
454686b66fd3723137b3df75b910cad8fdeb5267cb6fe9cb07d573cfc012e71d,RGS_011,RegScan Go-Live Support,2021-10-01,2021-10-31,Client Project,COMPLETE,JMD160,JML56,6C7618D4-6109-4EA4-A227-1B8CEBE1D585,,,1,given,,,
e1404c4e8317a19e68be13f1ae50a477070df0def4374b1f448cb17c7abdef70,SOV_003,Snowball and Data Warehouse Build,2021-03-23,2021-11-30,Client Project,COMPLETE,JMG24,JMD41,F984AAE7-6BC9-4D69-8125-763CEE1196B5,,,1,given,,,1.0
eae5c2b2d25543deb3d03acba7a47ba47b22587b1a096ec63302956d7cdb13ea,VPS_005,PAI - VPS Group - Revenue Cube Refreshes,2024-10-21,2024-11-10,Client Project,COMPLETE,JMG90,JMD77,4DDC6D71-D260-4489-9659-30FB4A52DBAA,Data Engineering,Exit Support,1,given,,,2.0
b105078037cf721e5fe10f99b3a4e380033a37eeba6441c45de38ea3fa2ddbbc,KSY_007,Insight - Kaseya - Data Products Pod 2 (RevOps),2026-04-20,2026-08-10,Client Project,ACTIVE,JMG312,JMG86,2B0A8598-3C73-4209-A636-E544FFBCF854,Data Engineering;BI and Reporting,Core Reporting,1,given,2026-10-09,,3.0
cc35ccb0e4b208d04464c2b4646f6743a9e2927c752addf61b37fb3df821d184,JUN_001,Horizon - Juniper - Pipeline Setup (PG/AMR),2025-08-25,2025-10-13,Client Project,COMPLETE,JMG354,JMD376,4303257C-6326-4935-9CED-F552ABE44D51,Data Engineering,Managed Services,1,given,,,4.0
2e3e27334eeed86aaba5490356311d553f02f0ea2a4ca80ec2f2482581301d71,GLS_016,Levine Leichtman - GLAS - Revenue Reconciliation and NetSuite Integration,2025-09-22,2026-03-13,Client Project,COMPLETE,JMG156,JMD158,16BA707B-C0A5-43B3-8F7F-4D0E13213915,Data Engineering;Consulting,Core Reporting,1,given,2026-04-24,,4.0
8eb13eceece9328e22c2f8a9720e1669006da45dbccad82f7833685fc48e7a31,SEG_003,SEGRO Data Capabilities Assessment,2019-10-03,2019-12-31,Client Project,COMPLETE,JML-024,JML-024,2A8783B2-5AE0-4378-B753-DA2CAA7DCE88,,,1,given,,,
34c7abb5cf7fed4a25c1da1b88821aa75ee04a96cd89554e5e2a2779f5499ae7,GET_006,ISG,2019-10-01,2020-10-01,Client Project,COMPLETE,JML-005,JML-005,FE147121-9446-4FD9-B905-0EB291701893,,,1,given,,,
66b95df3ff99fd4f439ef5efdb86ba02b342364dae56ee306f9baf110119b47d,IDN_003,Corsair - IDnow - Salesforce ingestion and order to transaction mapping refinement,2026-01-05,2026-02-02,Client Project,COMPLETE,JMG302,JMD37,4C08A09D-266B-4BF5-983D-DA8A90F88E02,Data Engineering,Value Creation,1,given,2026-03-21,,1.0
209d9d28729ffe54cfe8c55e7cbb30f6d6fe964cc196bec1c526c5af32638a63,STL_002,Graphite Capital - Storal Nurseries - Phase 2,2025-09-08,2025-12-07,Client Project,COMPLETE,JMG141,JMD19,3A3351E8-AE6C-4014-A48A-4AC408DA183E,BI and Reporting;Data Engineering;Consulting,Exit Support,1,given,,,2.0
60ff15f5ea7a36a2f5592e6e38a143af22e5f490a906bf93a25430eb26a4c94c,GFP_005,Knox Lane - Guardian - Timesheet Validation Reporting & Operational Reports,2025-05-12,2025-06-22,Client Project,CLOSED,JMG114,JMG114,18BEADF3-4092-4A91-B73F-154A649BC563,Data Engineering;BI and Reporting,Core Reporting,1,given,,,3.0
b369a48de757b5beb8153f05ee57e5ce324e7ec78fe4f3d9cbb1962180ad3a2a,DAL_001,Dalcour Maclaren - Data strategy,2024-11-13,2025-01-08,Client Project,CLOSED,JMG90,JMD8,9205BDF6-A56F-4E0E-ACCE-55D752B7061F,Consulting,Data Advisory,1,given,,,2.0
2e6452f32180043d75e89a4c6d1d957c7d6309a274c4f95657cd7a20886caa9b,HGC_037,Reserved DD Support,2022-06-01,2022-06-01,Client Project,COMPLETE,JML56,JML56,EE649EF4-C803-4F9C-A7AA-110D5BBB256E,,,1,given,,,1.0
ae54bfda8020d7939403e2d36781753d340079d100dab034c4b27d72159f9e25,CLN_018,Greenstone 2,2022-12-01,2023-04-30,Client Project,COMPLETE,JMG51,JMG51,CBE4E752-7D89-485F-8768-BE5DBF9C1F6C,,,1,given,,,4.0
fe4920449ba964c4f7eb031995e39fb3fbcda1270e678723628f116480195019,SOV_013,Hg Capital - Sovos - DBT Migration,2024-10-21,2024-12-29,Client Project,COMPLETE,JMD135,JMD135,F984AAE7-6BC9-4D69-8125-763CEE1196B5,Data Engineering,Core Reporting,1,given,,,1.0
a4114b1d8374015d93bf1131d09489a9355c1a41afdb3d3658dbd3fd944bd48e,NEU_002,Permira - Neuraxpharm - Productionisation Demand Forecasting Model (Phase 3),2024-08-23,2024-10-08,Client Project,COMPLETE,JMG122,JMD27,FCD4E105-C01A-4C15-959E-5D7D3DB59FB2,Analytical Engineering;Data Engineering,Value Creation,1,given,,,1.0
a9592e93660a6ed8a98f5dcb158a5cf2981006321ee5f5a5cb755f8051163284,WDC_012,Quoting Engine,2022-08-01,2022-12-09,Client Project,COMPLETE,JMG52,JMG52,BA9A80E3-DFA1-45D1-8440-5955274FEA1A,,,1,given,,,1.0
a298cf4936ccd36556c5d59d22c63c67f2a8a5eb47f6ced3972bf754de6f7d7f,JMG_173,JMAN Group - IG Portal,2023-08-28,2023-12-29,Client Project,COMPLETE,JMD41,JMD96,45AC9AD7-51C9-4C2D-AB89-ADEA174B2771,,,1,given,,,
68b97c9ee4849c8389395e475819344c82bac47df121f3640a25331b3120d4ff,WIT_010,Operational Support & Roll Down,2023-07-31,2023-12-31,Client Project,COMPLETE,JMG49,JMG49,BD5939CE-0970-4DB4-98B7-BF77E8588207,,Exit Support,1,given,,,2.0
2d28ed6ebe9e9f10c5261d4d018bb0bff66d22cfbbc713298748257f26f93432,PSC_013,Welsh Digital Review,2021-10-11,2021-11-26,Client Project,COMPLETE,JMG15,JMG15,88B6B8E6-EF36-4337-80D6-8986EB36FAC7,,,1,given,,,2.0
cc81eb785f3598b6f5e5ca9282c2386a2ebcf209fb9cec1085987357cad1c0e9,DXT_002,Oakley - Dexters - Exit Extension Phase 2 (KM/PG),2026-01-26,2026-03-23,Client Project,COMPLETE,JMG149,JMD263,9C437241-FABB-43DD-995E-C704F6348A30,Data Engineering;BI and Reporting,Exit Support,1,given,2026-07-31,,1.0
2ab829dc7b0cd9403dba36dee93fc8c8a7bdc9b3cdd722f7e623b6c548ac78a7,CSD_001,Platform and Financial Reporting,2024-03-15,2024-06-28,Client Project,COMPLETE,JMG52,JMD20,A7055242-6D88-4386-A79A-740298F495CE,Data Science;Data Engineering,Exit Support,1,given,,,4.0
e7dd98ba08cb7e9d624575b4f0a2ae0910f1b45aced5ea682d9ee0a7eb4ea1c4,LLR_002,Cost Review,2019-08-05,2019-08-31,Client Project,COMPLETE,JML-005,JML-005,532DD2F7-BF82-450E-A552-DAF9E4CAB4FA,,,1,given,,,
e1ff1531386d779459bfe09ec9258bec29f308dde93e4a0720c01e4a39965dcc,JMG_186,Data Advisory - Solution,2024-01-01,2026-12-31,Internal Project,ACTIVE,JMG301,JMG87,45AC9AD7-51C9-4C2D-AB89-ADEA174B2771,,,1,given,,,
f4ec49bcefd1199984ae1d8b7f9af14b14e19538871164471f170992e4056895,CSD_006,FPF - Clearstead - Custodian Dashboard,2025-06-18,2025-07-02,Client Project,COMPLETE,JMG86,JMD84,A7055242-6D88-4386-A79A-740298F495CE,Data Engineering;BI and Reporting,Core Reporting,1,given,,,4.0
1cf9e31cd344cf4ddcdaa6c5780f5c98fa8f71168817b6ad0226a1439cf299d4,AND_002,Andwis - Data Platform Build Phase 1,2026-01-19,2026-06-19,Client Project,COMPLETE,JMG133,JMD77,7CE95475-03A9-4164-AF73-DE5D18D5FB39,Data Engineering;BI and Reporting,Core Reporting,1,given,,,3.0
596c23632119c82ac55bcbad95c63330228098f90affc95f0b6a85e9a4add3ad,JMG_210,Product - Sales Pipeline Tool,2024-07-29,2026-12-31,Internal Project,ACTIVE,JMD152,JMD376,45AC9AD7-51C9-4C2D-AB89-ADEA174B2771,,,1,given,2026-12-31,,
b1e9a850710a5f073a5147365b156e45f9fad7ba010bf35cccb2388ec1c211eb,TOT_003,Bowmark - TotalMobile - Secondment (Dashboard Updates & Value Additive Use-Cases) (CD/TB/PG),2023-08-07,2023-09-25,Client Project,COMPLETE,JMG87,JMG24,7198B121-659E-4EBA-B262-0359CE2986AB,,Core Reporting,1,given,,,1.0
4823ad9328de17cd8801bd30235a31f7f8f6939dc0252fd2e7745050fcd61826,AIR_002,August - Air IT - Governance coordination and data cleaning (PG/,2023-12-04,2024-06-12,Client Project,COMPLETE,JMG77,JMG77,2F995C34-5914-473B-A640-D7A460522B09,,Core Reporting,1,given,,,1.0
2fc38ce363b5bd9caed1bb83d5b67b7cdb7537b9b739be333655fa78a94e0b76,AGL_004,August Equity - Agilio - Managed Service (TB/NR),2023-09-20,2026-08-31,Managed Services,COMPLETE,JMG134,JMD221,9CDD31D9-6DA8-41AF-AF91-B0F3B5B05AD3,TechOps and Automation,Managed Services,1,given,2026-08-31,,1.0
e3abb15b9e9fd8287bc540c7a4c7dec7d86fce2d7ba9b23b345dcf81796ade8e,PSC_017,Vaccine Planning,2022-02-20,2022-05-31,Client Project,COMPLETE,JMG15,JMG15,88B6B8E6-EF36-4337-80D6-8986EB36FAC7,,,1,given,,,2.0
3c9ac0b6d9649884cfc19e5a52163af669fb0e6a863a7a6000e9793ec075953d,TSS_005,LLCP - TSS - Customer Master Data Cleanup,2025-05-10,2025-09-12,Client Project,COMPLETE,JMG114,JMD106,7C9941A6-875B-41EB-927F-F62312A06059,Data Engineering;BI and Reporting;Consulting,Core Reporting,1,given,,,4.0
af1f261acdc037cd6e48b3fd1ac5085149b87c7fb565ab2e55ce45e6dac832c1,JMG_206,Product - Lakester,2024-06-24,2026-12-31,Internal Project,COMPLETE,JMD172,JMD156,45AC9AD7-51C9-4C2D-AB89-ADEA174B2771,,,1,given,,,
4b4336a65f0e984e0b4b355eca1726c7249bf2373018dbc26416495a5597df56,FIR_012,Guna Int - Firetree - Q3 - Maintenance,2023-07-03,2023-09-29,Client Project,COMPLETE,JMD28,JMD28,A13DC602-1FC1-4D39-B2AF-D0F1E4D8767C,,Managed Services,1,given,,,2.0
3e3a019f1b3041845804f50f5946f21cef2fa5f16c008462be8f0f2c9fbb40ad,PSC_021,Sussex STP Finance Group Support,2018-10-22,2020-02-29,Client Project,COMPLETE,JMG42,JMG42,88B6B8E6-EF36-4337-80D6-8986EB36FAC7,,,1,given,,,2.0
7b8f464056ca1aa437b43336b33c7a492b1a7d27af74ccd234dddd840b393c48,EXM_001,Certificate Project,2021-06-15,2021-07-23,Client Project,COMPLETE,JMD160,JML56,37504803-47D3-4972-9A7F-8304791DD17F,,,1,given,,,
5bb9d84f07458eba9f540bd301ca10dfe88902f5fdfdf88946f01c74a314690e,AGG_004,AG Grid - Dashboard Refresh + Anonymisation & Obsidian Support,2025-09-08,2025-09-21,Client Project,COMPLETE,JMG225,JMD144,791B8459-E635-4911-A4CC-B52BC66461C4,BI and Reporting,Exit Support,1,given,,,2.0
ed559d796930ed6e5ec4be346189ef582259d9f1fc01febf501c3459df21a01f,BMF_003,Horizon - Boston MFO - Acquisition Data Integration CRB (CF/PG),2025-06-02,2025-06-20,Client Project,COMPLETE,JMG87,JMG134,536ACFE9-3147-48A9-A060-BD58E7F88981,BI and Reporting;Consulting,Core Reporting,1,given,,,4.0
510fe64276e8f32fa5ad6924f366e8ff51cead173b0f8332e771ef207ebbf854,PSC_024,PRT Tool Phase 1b,2019-02-04,2019-06-14,Client Project,COMPLETE,JML-015,JML-015,88B6B8E6-EF36-4337-80D6-8986EB36FAC7,,,1,given,,,2.0
8fbdbc6799475af71a524396cc4d88e58e38ecb5454c5b8360923193acdf326b,NTS_017,TA - Netsmart - Forms Development (LV/RR/HV),2024-07-01,2024-12-30,Managed Services,COMPLETE,JMD12,JMD22,11E011AC-D864-49EA-85CD-38A219CB55C6,,Managed Services,1,given,,,3.0
629cd8da2be810b327635453e6f69b27f4eb85350957e832fc135be1402bffb5,AMN_001,Cinven - Accumin - Group-wide Reporting - Phase 1,2025-05-26,2025-09-07,Client Project,COMPLETE,JMG79,JMD8,39A852E2-9E69-488B-A52F-A42968DF52CF,BI and Reporting,Core Reporting,1,given,,,2.0
cb5dfa1b13c5c1c89eb6edab18396339d1d8ef5b9db372e2ce7ffb3a77f4e2f9,MTC_001,Tenzing - MetaCompliance - Revenue and Pipeline Reporting (FH/LD),2024-07-12,2025-02-02,Client Project,COMPLETE,JMG124,JMD149,76573E93-FCB4-41CE-8301-A1DAE9458506,Analytical Engineering;Consulting,Exit Support,1,given,,,2.0
a7fa1293b6a558c51fafa47b585d046b90c1cd0c689e09c4514735313ef81cdf,CTA_003,Certania - Summit Partners - Data Platform Build -Phase 3 (FH/SS/YO),2025-12-01,2026-03-02,Client Project,COMPLETE,JMG367,JMD27,CAD81631-8120-4D06-BD19-7C88643927A5,BI and Reporting,Core Reporting,1,given,2026-03-06,,1.0
42b828be9ccbf70b2ba11392858c597e6d4c02a2a6dac4ba27d7892bc57d64d3,CIT_005,Customer-Centric Data Warehouse,2021-03-08,2022-12-31,Client Project,COMPLETE,JMD3,JMD84,766C0C98-E15A-4D17-ACD0-01447E03F822,,,1,given,,,1.0
b25fe9d7de6d742e930c00529f9b57a4bc888dfa326300e954f3451b1c0731a0,ALA_001,The Private Clinic,2019-03-26,2019-04-03,Client Project,COMPLETE,JMG15,JMG15,2F3480E2-BF0C-49D0-BE00-3D760C18A37D,,,1,given,,,
9e5824c0a42f7ec5492a8e7cd318b43e48798a20a3d0ca521e9ae4fd9d37a0c5,PMR_015,Permira - Investor Relations Data Wrangling (NM),2024-08-28,2024-09-04,Client Project,COMPLETE,JMG53,JMG53,5DE4495A-84E3-4D46-83C4-6CA90A048F32,Data Engineering,Data and Reporting,1,given,,,3.0
b384748ad5549512ad30d010db9e4b857b10aaa45d0b0d4f163f9f5c5d5a333a,GLS_003,"Levine Leichtman Capital Partners - GLAS - Dashboard Suite Roll Out, Platform Maintenance and M&A Integration (CD/MC/SS/SS)",2024-06-17,2024-09-06,Client Project,COMPLETE,JMG64,JMD19,16BA707B-C0A5-43B3-8F7F-4D0E13213915,Data Engineering;Data Governance;Analytical Engineering,Core Reporting,1,given,,,4.0
42fd4460806d53c2692753f78fcc298378b7e9abb30a5116bb209009bcdeb3db,WHS_002,WHS Magazine Range Optimisation,2019-10-21,2019-12-06,Client Project,COMPLETE,JML-005,,AF58F8A4-53D7-4FAF-92A9-7CD5201E1AAA,,,1,given,,,
2b97871f0aeb759ca6edb4d9eb17272cf6db6d79d42f3f7b8dadaf37b7c8949f,PSC_032,The PSC - Portal text updates (MS/YS),2023-05-02,2023-05-02,Client Project,COMPLETE,JMD42,JMD42,88B6B8E6-EF36-4337-80D6-8986EB36FAC7,,,1,given,,,2.0
f25e54a442630154baafa9173bf2aa479d598d60bd415010b159650bd9aab578,HBU_001,HIG - Confidential Portco - Exit ,2024-12-14,2025-02-24,Client Project,COMPLETE,JMG59,JMD77,50BF2268-960D-4ACB-8973-BFCCF9BEAC4A,Analytical Engineering,Exit Support,1,given,,,3.0
a7efb77620ea880b9d91be13202cbd71652a6a2071b35246a2f8a544855cbe52,WIT_016,ICG - With Intelligence - CRM & Product Data Audit (EF/OMC),2024-04-02,2024-04-26,Client Project,COMPLETE,JMG107,JMD116,BD5939CE-0970-4DB4-98B7-BF77E8588207,,Exit Support,1,given,,,2.0
bc5bd4996c36c0f554acb4308f7dc66527a5a7b2292a11cd147fb560a624cc79,CWT_001,Baird Capital - cleanwater1 - Exit Support - Design & Discovery,2025-06-02,2025-07-11,Client Project,COMPLETE,JMG81,JMD130,12F69E93-486D-4DB7-8018-FFBE3B7C8399,BI and Reporting,Core Reporting,1,given,,,2.0
693ff2a521278dff31ec46caa96d3bc989e701543c7999364588e2503fa15dfc,ROC_001,BGF - Roc Technologies - exit narratives & operational reporting. phase 1 (JT / MB / VK),2023-10-09,2023-10-20,Client Project,COMPLETE,JMG29,JMD5,76BBBAA9-36F0-4740-8EA0-93B5E1B687C7,,Exit Support,1,given,,,1.0
f4f8cc001145c906457cb6e54af2b8a63d02d7f73ebc222608238b6725e9d089,AHP_002,LDC - Ashtons - Managed Service,2026-05-04,2026-05-18,Client Project,COMPLETE,JMG217,JMD12,48891EA8-55FB-46DA-8F4C-9D81B45C4B96,Data Engineering;BI and Reporting;TechOps and Automation,Managed Service,1,given,2026-06-30,,1.0
c0ebdab5638ac998664ace51a2970ef9510589b8d7404a7583b7e74d87d16a6f,PMR_001,Diligence Churn Automation,2021-11-26,2022-01-28,Client Project,COMPLETE,JMG22,JMG22,5DE4495A-84E3-4D46-83C4-6CA90A048F32,,,1,given,,,3.0
6ec70491d7082375df599df6b9d6a0b75e6fc3fd862fc2215ba105deb3fdbe37,JAG_011,Cinven - Project Javelin - Project Javelin (MC/MS/CF/SM),2024-04-10,2024-08-09,Client Project,COMPLETE,JMG159,JMD135,AC01872E-7DDC-4613-9962-C52DCBECDDF6,,Exit Support,1,given,,,3.0
4a2cdc388c3df5a0a8d06c17864c0e476d4bb40bbf153567a9e5cc280a42982b,JAG_008,Recurring Rev Refresh Improvements,2023-01-03,2023-01-27,Client Project,COMPLETE,JMG44,JMG44,AC01872E-7DDC-4613-9962-C52DCBECDDF6,,,1,given,,,3.0
780df52358b1965bb8949927463558f08af10e0d1fe180a2c81a1e8afa80be6e,BRT_001,Alpine Investors - Alpine Holiday Design & Discovery,2026-04-06,2026-05-01,Client Project,COMPLETE,JMG159,JMD116,D84AEBAB-0940-4FFB-A788-B99D9BF9C126,Data Engineering,Data Advisory,1,given,2026-05-08,,3.0
c0c534894a26d1194f460dc0418e7c33635088c04c58dcd66ff94b2782ae46fc,TAA_002,TAA_001 Chaos analysis support,2025-03-24,2025-04-18,Client Project,COMPLETE,JMG73,JMG73,B7C00337-0573-4623-8D79-2331587B7EE8,Consulting,Core Reporting,1,given,,,1.0
55802a939f221787b26976a4e12b6d14c2a3135f980df45c6cdf1e826b150871,JMG_062,Operations- Data Warehouse,2022-03-14,2022-04-22,Internal Project,COMPLETE,JMD1,JMD8,EDB6A9A7-5102-45E7-9BE3-A7F958716C2F,,,1,given,,,
02fbf37a0272dca538fdcb973e76a7f7fc1a8b85b99689205b5e4c17ec60e733,WIT_006,Phase 3 Exit Support,2023-04-03,2023-07-28,Client Project,COMPLETE,JMG49,JMG49,BD5939CE-0970-4DB4-98B7-BF77E8588207,,,1,given,,,2.0
a9db243bd4905393ba0d5e0132e74ad272aa6f585d5c18af06137ad5163f835c,LOW_004,Perwyn - Lowe Rental - Cost Cube (Sprint 6) TP/MB/KM,2024-01-05,2024-03-07,Client Project,COMPLETE,JMG51,JMD118,5B2E59CB-5FFE-4024-A372-A4600861A984,,Exit Support,1,given,,,1.0
89f57f17f023ecd2a830412556b969abfc2d0f6872b6359b0046438c71232321,TBL_003,Project Value Analysis,2022-04-14,2022-05-06,Client Project,COMPLETE,JML-024,JML-024,7380B4D8-1B2D-4F08-A018-B0896FD20ED4,,,1,given,,,1.0
72c7efc923dedf25d74bf54cc8e604bf2800e21a7b965741ddbbfd3d13fbe66c,PSC_006,Sussex MHIS,2020-09-06,2020-10-30,Client Project,COMPLETE,JML-005,JML-005,88B6B8E6-EF36-4337-80D6-8986EB36FAC7,,,1,given,,,2.0
ecc3fd5b6f3381da72f91f00d985990e6d0e3f447d6bb5bb75af4e0e4815430f,BEL_001,BELECTRIC Canada,2019-02-18,2019-04-12,Client Project,COMPLETE,JML-014,JML-014,5670837E-1957-45F9-AFC7-B5B952DF752A,,,1,given,,,
637116e60b9c4b5c14e84c44944b4aec952b065dbd62b0abc38340b01a359a3f,THP_001,EQT - Thinkproject - ARR cube build (JT/TB),2025-06-09,2025-11-30,Client Project,ACTIVE,JMG149,JMD267,41203525-5637-44BD-91F2-F2DE5B06A80D,BI and Reporting,Core Reporting,1,given,2026-09-30,,1.0
7dfdd209427619c93afbd5da541f87176ecca3494bd9d7d8a09b26bd4ba1aa1f,PTZ_017,Partnerize - AKKR - Partner Cube Analytics,2026-05-18,2026-06-01,Client Project,PROPOSE,JMG134,JMG134,6DAE2A80-0E2E-40D9-A19E-0C34F59EDF1D,BI and Reporting,Value Creation,1,given,2026-08-28,,2.0
d734b1c9c70e84a231f700c134fbc4a5239f442e0e2881859d74fa3a970deff9,AMR_002,Soundcore Capital - American Restoration - End-to-end data cube build (MB/RC/KO),2023-12-11,2024-02-23,Client Project,COMPLETE,JMG52,JMD126,B5B0C7D9-95BB-4C90-B869-E0AA700918F9,,Exit Support,1,given,,,3.0
aeede428e7bf01d98634d250b3333a2e3e72af57fee84ab6c3b15c0835d064e6,TBP_001,Canopius Analyst Support,2021-02-07,2021-03-19,Client Project,COMPLETE,JMG15,JMG15,2FBD753A-06DB-49B2-9225-114B4B163FC3,,,1,given,,,
a0fbf124f5e60fade360ba8a0f934685d2c9bea0c2b4eca54120a75b529e9af3,BAK_005,H&F - Baker Tilly - Reporting Data Strategy & Design For Critical Reporting (incremental value) (JT / AB / YS),2026-04-27,2026-06-08,Client Project,COMPLETE,JMG100,JMD42,0F65D3C5-AAD3-497E-B3BA-5A6D8D64BCD1,Consulting,Data Advisory,1,given,2026-06-19,,1.0
0a3e0a5d86934472bbd552f72f13def3c0b200de7fd6038503bd3802a21ea5a9,CIP_003,Insight - CivicPlus - Dbt Migration (TW/EF/VK/VC),2025-05-19,2025-08-08,Client Project,COMPLETE,JMG107,JMD5,951EF888-BA80-447A-8646-69007C340272,Data Engineering;Full Stack Engineering,Core Reporting,1,given,,,3.0
09f4a28f897c2501e391f3bf1fc072d206223b65cc65dab9422ddbb67ac3e81e,ECS_002,Data Engineering support,2023-03-15,2023-07-31,Client Project,COMPLETE,JMG52,JMD42,24D10D6E-AEC1-4B92-8D43-1410BFBEC48A,,,1,given,,,1.0
44a1e7ac51031fd9676bf15a2eefa925450aa10eb26bb5e56456c08c7113c9bc,PTV_001,Bridgepoint - PTV Group - Tactical Data Squad - Phase 1 (TW/CD),2024-02-05,2024-04-24,Client Project,COMPLETE,JMG114,JMD152,63924AEF-725E-46EA-A913-031437D297C5,,Core Reporting,1,given,,,4.0
9a217ca828a4fa95b373e62d6f5c86216f6aff89b3978c2fc6e862231a2eb175,OHO_005,JUMiNGO - Power BI Training,2025-08-04,2025-08-17,Client Project,COMPLETE,JMG239,JMD31,F8AC2C91-E710-4AD2-85C6-C8A1F6673844,BI and Reporting,Managed Services,1,given,,,1.0
1a23bf9737bba16bcd3fc4668a8cedad6dedab506abc60f65fd2840df06c9c10,CHV_004,Triton - Chevron TM - DWH Managed Service (SS/PG),2024-03-10,2026-08-31,Managed Services,ACTIVE,JMG87,JMD144,783F433D-70FA-417F-AA42-8D5833AED390,TechOps and Automation,Managed Services,1,given,,,4.0
058ffbb69a903ac3d7d6d2c7f41756c91efd3f4af888fbc8308ac434179cb5db,EMC_002,TV data stitching - EM,2019-07-08,2019-08-30,Client Project,COMPLETE,JMG10,JMG10,DE9E676D-60E7-43BB-9B1F-648F8D027665,,,1,given,,,
07cf3b47ae1cafd78bd5806273069ff4b782874a943af57755b623b5be6b51f0,MCL_013,MyConsole Impact,2020-11-30,2021-01-21,Client Project,COMPLETE,JMD97,JMD97,637B410A-A9BA-45E3-A0AC-45FE639485EA,,,1,given,,,4.0
e8d3e1a76f4d53dcc48d10cc1a1242d17533db170282069a084100c2ddb6855f,PHN_002,Oakley Cap - Phenna - MVP Customer Reporting (JT / TB / AB / SL),2026-01-26,2026-05-11,Client Project,COMPLETE,JMG98,JMD435,292F23F2-DBB2-4181-B2D7-57D6C405416E,Data Engineering;BI and Reporting,Core Reporting,1,given,,,1.0
ac062c47318d4f96450401784ebf766a65dc46b5237dad8a0ec4481314e1cb3d,URB_009,Guna Intl - Urban SDK - QA Phase 9 (AG),2024-07-08,2024-10-07,Client Project,COMPLETE,JMD16,JMD165,537AE83E-2265-47B9-80F8-98900B13B716,QA,Managed Services,1,given,,,2.0
394bbb334d2533b3465c84e54da9bc9c8784952d01495724843ffb9568d67d1c,JMG_083,Sales- Project Dop phase 2- breaking into Pharma,2022-05-02,2022-06-10,Internal Project,COMPLETE,JMG42,JMG42,EDB6A9A7-5102-45E7-9BE3-A7F958716C2F,,,1,given,,,
47d230bcc51a4c19ac145d8a55b93b83d88433da33a730f528fe58410b2f9cb9,JMG_214,Data Science - RetensionFlow,2024-08-01,2024-12-31,Internal Project,COMPLETE,JMD94,JMD112,45AC9AD7-51C9-4C2D-AB89-ADEA174B2771,,,1,given,,,
fba02ec657b32b88fe47e69fb8abded394f05df9d12c99b21537c982e1dfc997,SUE_002,ICG - SEG - Phase 1 Reporting Implementation,2025-09-15,2026-03-01,Client Project,COMPLETE,JMG107,JMD82,62371637-05E9-499E-8480-46755837F85F,Data Engineering,Core Reporting,1,given,2026-04-11,,2.0
7830d9738446980b591b6d6533addb952a85c50140783dda5a0db9595d4b6a66,JMG_105,Marketing- New Branding- Consolidate and Support,2022-07-04,2022-08-12,Internal Project,COMPLETE,JMG15,JMG15,EDB6A9A7-5102-45E7-9BE3-A7F958716C2F,,,1,given,,,
ca8dfb5296bbd7214b2d039eb67b7f92a3fe151ed5e3e0910c3511828481fecd,GLS_006,Levine Leichtman Capital Partners - GLAS - DTaaS (MC / KO / SS),2024-09-09,2024-11-03,Client Project,CLOSED,JMG72,JMD19,16BA707B-C0A5-43B3-8F7F-4D0E13213915,Analytical Engineering;Data Engineering;UI/UX,Managed Services,1,given,,,4.0
2042b9f6d3688849905ac2170e3d49c1ce547b904e376ac4b88ea3b46d4d0dfa,CAP_001,Capgemini Sales Assessments,2019-06-11,2019-07-31,Client Project,COMPLETE,JMG42,JMG42,A238B898-A6F5-4C13-BB67-5BACAA99F9A3,,,1,given,,,
05f7d4e6e1b0cf0b5e25a01a45ad61cdc8d1eb7daf3cd6f033daad751277e4b4,TSS_006,LLCP - TSS - POC Extension,2025-07-20,2025-08-07,Client Project,COMPLETE,JMG114,JMG114,7C9941A6-875B-41EB-927F-F62312A06059,Data Engineering;BI and Reporting,Core Reporting,1,given,,,4.0
40db84c3c7fc6dd6273c0263ae467dc8d45b5d3961c07670eed1af4fbae0f2ae,ALM_008,Apax - Alcumus - Customer Sentiment Tool Enablement (ALM_009),2025-09-22,2025-10-12,Client Project,CLOSED,JMG117,JMD402,7F3D6169-7593-427C-AEB3-F0F6C253DA67,,Value Creation,1,given,,,4.0
0c1f6980002e749a4896f4a5df50b90f6c05c478143c8a611af3d4d9f70a3640,MSG_022,Perwyn - Miss Group - ARMA Support,2025-02-24,2025-03-02,Client Project,COMPLETE,JMG161,JMD94,2D143C29-D66C-4CD2-BB0D-1800CC18F116,Data Engineering,Core Reporting,1,given,,,1.0
693151c021f017d96bd09e097e1c02e35b5601ee4cba85fe36ea1483125c159d,RDG_003,Horizon - Ridge - Phase 2a - BI Team Support,2025-08-25,2025-09-19,Client Project,COMPLETE,JMG97,JMD180,C61666D9-4AB2-4623-95E1-E828C5352219,BI and Reporting,Core Reporting,1,given,,,4.0
fe9494236397ed37035743daf18c8f7c9f90297df4cb79c2242ed1f6c2890ff1,SLC_007,Ziply Fiber Analysis,2023-03-13,2023-03-24,Client Project,COMPLETE,JMG72,JMG72,FD167415-3377-4EC5-A564-654340D84674,,,1,given,,,3.0
226c699eeb2e9517f116831c12505f4117e9675cbb5ab8ca3f94c84899bce682,SHK_003,Shackleton Advisors - Phase 3 (Delivery),2025-02-17,2025-05-16,Client Project,COMPLETE,JMG122,JMD370,2388CF8B-3F81-4137-818A-54C9284CC92E,BI and Reporting;Data Engineering,Core Reporting,1,given,,,2.0
6ec4cc9b5917df40152d280eb1a3963d05f24cffdb123225ca68b4c0d1d8e578,BRH_001,Hg - Bright - Invoice Data Clean-up,2023-04-24,2023-05-26,Client Project,COMPLETE,JMG29,JMG29,19F9264F-BD3C-4720-A8B3-BBEF13E4AC63,,,1,given,,,1.0
4abb4b35855f79f8b899f9f4b56bbd468faf2899683f28be90a0e157c8ec133a,RAM_001,ESG Reporting,2022-06-13,2022-07-22,Client Project,COMPLETE,JMG56,JMG56,BEF5286C-C5A6-4DFF-8C2C-BF6213D35C48,,,1,given,,,
65eee433614ca3bd4f45686a27f6ecf589cdd18831453604be5599e6f4943b6e,LSE_002,In-Source People Analytics Jul-Aug22,2022-07-01,2022-09-02,Client Project,COMPLETE,JMG42,JMG42,31522699-7FAB-45EC-A1E9-0FFD76C2243F,,,1,given,,,2.0
4cff7d897e3b51309cb68466237ecd18d85a8d818097d4ab2ff4d3af4b75533f,JMG_128,Client project feedback,2022-09-12,2022-12-02,Internal Project,COMPLETE,JMG22,JMG22,EDB6A9A7-5102-45E7-9BE3-A7F958716C2F,,,1,given,,,
cff46684188db7abdbddf9ec075fed85800d2ab25f240e3b572e93958340697b,VTR_001,Vitruvian - Civitatis - PoC,2024-04-08,2024-05-03,Client Project,COMPLETE,JMG207,JMD141,ABB0A2B2-72FB-4E87-94F2-1E94882D38A3,Data Science,Value Creation,1,given,,,1.0
ec3be09e36b9ef80336cbcea71c436c36bdcba3c8244fbdceb51cd5adf1f646c,PMR_003,Data Driven Origination,2022-04-25,2022-07-01,Client Project,COMPLETE,JMG22,JMD41,5DE4495A-84E3-4D46-83C4-6CA90A048F32,,,1,given,,,3.0
097a2c7e6ad58e8ef212bb66b0aed8a7b5863e7da745108fb188f07831bda1ae,JER_001,Jersey Electricity - Solar Strategy,2019-05-06,2019-07-19,Client Project,COMPLETE,JML-014,,E116A4D7-F120-4A1C-AF1D-B8D2A76DF2C4,,,1,given,,,
924b830176a07272a1e5cebeaebb379728797cff310c61620eacb7d031994a93,AMN_003,Cinven - Accumin - Group-wide Reporting - Phase 3,2026-01-19,2026-04-13,Client Project,COMPLETE,JMG206,JMD8,39A852E2-9E69-488B-A52F-A42968DF52CF,Data Engineering;BI and Reporting,Core Reporting,1,given,,,2.0
d5427f79016415f94fb3a7bd96fcb8114aeb93ad8e2ec2b1aff7e4c14e0d313c,GLS_002,Levine Leichtman Capital Partners - GLAS - Support Growth & Exit Phase 2,2024-01-22,2024-06-16,Client Project,COMPLETE,JMG64,JMD256,16BA707B-C0A5-43B3-8F7F-4D0E13213915,,Exit Support,1,given,,,4.0
85beb94d46a214563652be1dba215fda864e23dbd1a1ba5bc52b609f08947e4c,JMG_072,Sustainability- External facing material,2022-03-14,2022-04-22,Internal Project,COMPLETE,JMG29,JMG29,EDB6A9A7-5102-45E7-9BE3-A7F958716C2F,,,1,given,,,
1926e21c3c3d4ce40f4f3789dce8da3ff8871c7c00a2435c12e05cfdb4126dff,PMG_001,LLCP - Prime Global - Tactical Support (HT/OMC),2025-04-07,2025-07-07,Client Project,COMPLETE,JMG313,JMD12,39DD5FA7-614D-438A-9F3E-FCA02F113EE5,BI and Reporting;Consulting,Core Reporting,1,given,,,4.0
f36390edf38a52ee32ff7a17356d402b925392a64a4efc5540060f28efa8c656,JMG_021,CDM: Analytics Solutions,2020-01-01,2022-12-31,Internal Project,COMPLETE,JMD162,JMD98,EDB6A9A7-5102-45E7-9BE3-A7F958716C2F,,,1,given,,,
0c61b7d54503429471256a6f3b0eae97bc8110e40ef3b7ee6358a8e30b27173b,IGN_003,Ignite Hubs Pro Bono - Student Lifecycle Dashboard,2023-06-05,2023-06-23,Client Project,COMPLETE,JMG64,JMD162,2627D3C4-43D0-4A0F-80ED-37472149D96A,,,1,given,,,1.0
5f35a62dcb0b370e69979dfd6d6c46807531f7d3929a66ebee7e628bd93634b8,BNC_001,Omers - Bionic - Value Creation D&D,2026-05-25,2026-06-22,Client Project,COMPLETE,JMG225,JMG225,5AAF04EE-636E-40DB-9611-74EF371B645C,Data Science & ML,Value Creation,1,given,2026-07-03,,1.0
ffa1e0eb0691809cf5b5f1a8f652ebe401c21abe502376ae872fd82754d52c58,UPR_002,UpReach Maintenance,2021-01-01,2023-06-30,Client Project,COMPLETE,JMD7,JMD56,34DF2ADE-5CD1-46CD-8387-6B2C0F3FEBA5,,,1,given,,,1.0
6bcc0e5d89b859dcc11b5f87d06e9d009f92eeac1d09e5f6ee1ec7511ba55e8e,GLG_002,Glory Global Services Transformation,2019-08-19,2019-12-31,Client Project,COMPLETE,JMG42,,E5D86489-B7DA-46C0-AF7D-34143CA229A2,,,1,given,,,
a7f300bd5000bf1aa3719c27dabf7158c2a73018102d869902c0260424070f1e,ESP_001,Espria - core reporting,2025-03-17,2025-06-13,Client Project,COMPLETE,JMG159,JMD376,EA81D7E6-B8EC-4B11-B577-7994C685248B,Data Engineering,Core Reporting,1,given,,,2.0
22b2baac71d7ba5fff65a18dee7727e4fcfe44148a58ac0b83a41611e8e5d745,JMG_038,JIN-Reports,2020-05-27,2021-12-31,Internal Project,COMPLETE,JMD97,JMD97,EDB6A9A7-5102-45E7-9BE3-A7F958716C2F,,,1,given,,,
8e57e2fb556679ce87d0b4ecdaf1c57887d3fdb967b54dfdde0fe99044685510,JMG_174,Internal Pricing,2023-09-28,2024-01-26,Internal Project,COMPLETE,JMG186,JMG186,45AC9AD7-51C9-4C2D-AB89-ADEA174B2771,,,1,given,,,
9b6e08350fd6c655ef75847a17360ec6b01b662abea83eba2980a270ee52c801,ASD_002,Pareto enhancements,2022-11-21,2022-11-25,Client Project,COMPLETE,JMG69,JMG69,2DA24903-AD0A-4349-AE06-1F79E0AAC484,,,1,given,,,1.0
abe9a4011197eca1902c8ffb3ad48c7446812266953722a710a8e56cb49dd905,JMG_017,JIN 2.3 Support,2019-02-04,2022-12-31,Internal Project,COMPLETE,JMD160,JMD160,EDB6A9A7-5102-45E7-9BE3-A7F958716C2F,,,1,given,,,
68279d8a5b2bc06734aa5a6ae139d23aa5d9fa5a5b9df04f52f0f224dbd888e3,NZO_003,NetZero Group - July Refresh,2026-07-06,2026-08-03,Client Project,DEAL WON,JMG398,JMD223,EF39E392-4DEF-4ADC-B095-2E495BB0ED5C,BI and Reporting,Exit Support,1,given,2026-08-14,,2.0
23c8197a744662f9661738460d8b191f91f458c5ee51ab245832604904e3f589,MKC_001,Cabot Square Capital - MKC Wealth - D&D,2025-10-20,2025-11-16,Client Project,CLOSED,JMG157,JMG157,9FC44AE6-1610-43B4-9322-0164F6439140,BI and Reporting,Core Reporting,1,given,,,2.0
f4d88a2aacfab859501c88521b3116b46d73e83c605e10eeb43f8c6697f26844,JMG_009,JIN Mobile App,2019-02-01,2019-04-30,Internal Project,COMPLETE,JMD11,JMD11,EDB6A9A7-5102-45E7-9BE3-A7F958716C2F,,,1,given,,,
3301e9d218967bc5be8181aec7713c724a09bb66f2082ce97d586861ca1ac013,IRI_015,Hg Capital - IRIS - Customer matching DD (TB/CD),2024-09-19,2024-09-23,Client Project,COMPLETE,JMG69,JMG225,C8496A79-EC52-4B84-875C-972B867B5CA6,,Due Diligence,1,given,,,1.0
6f100783ea146326e9f8c34478770a6fda8ff357d64442e3f0b04ed7fc871aae,ACU_002,Permira - Acuity - DWH Build,2023-12-11,2024-01-05,Client Project,COMPLETE,JMG59,JMD141,49797433-5344-45D7-8831-983A56B88995,,Core Reporting,1,given,,,1.0
01736485e3990decaa075768d853ffad2aafdd5479e97b364b7aa26a9b9b05e6,PFG_002,PER_003,2022-09-26,2022-09-30,Client Project,COMPLETE,JMG52,JMG52,7FD76730-2ADC-4C30-BA25-06459E759DB6,,,1,given,,,2.0
4c064d1a7adaacd484175d8079834b12f1f64a14bd5a38a72b819e6ba5b69ba5,HGC_008,Project Tribe,2021-03-01,2022-09-08,Client Project,COMPLETE,JMG29,JMG29,EE649EF4-C803-4F9C-A7AA-110D5BBB256E,,,1,given,,,1.0
f72f5f5bce5bf9362e913db5287eaea0b6ead67ce0771066b3c2ddef191d27f2,IMA_006,PSG - Imaweb - Power BI Adjustment (MH/JT),2023-08-07,2024-01-26,Client Project,COMPLETE,JMG56,JMD93,6094CAB1-A9AE-4B8D-9A6A-C2E0B73FAF16,,Core Reporting,1,given,,,1.0
63feda23cb271bf753fc21d0421f4c5b65a1bb6935606f74f0441db9fc632de2,JMG_045,ZOHO Creator POC,2021-02-01,2021-04-30,Internal Project,COMPLETE,JMD160,JML56,EDB6A9A7-5102-45E7-9BE3-A7F958716C2F,,,1,given,,,
e4be875814e435a6187d970ec69fd26dc173a28666a5ed2285b58e91b43f436e,RMC_001,Duplicate site & enhancements,2021-09-16,2022-12-31,Client Project,COMPLETE,JMD160,JMD160,B53F23DB-A3CF-4645-A6A7-30A1BDB67517,,,1,given,,,2.0
2304d2c00cbd55f8b14c2351594dd56565746e1fe65d9c8e7071638654249beb,CIT_002,Sales Headroom Analysis,2020-02-04,2020-02-18,Client Project,COMPLETE,JMG29,JMG29,766C0C98-E15A-4D17-ACD0-01447E03F822,,,1,given,,,1.0
4e6a6c3614ad25dc8a95985cb33cbcf4ac7e692faa629f2488a74bb2f5acbcd6,JMG_047,People- London resourcing tool build,2022-03-14,2022-04-22,Internal Project,COMPLETE,JMG15,JMG15,EDB6A9A7-5102-45E7-9BE3-A7F958716C2F,,,1,given,,,
c425f515546b244c434fdd8cec78c0bc5b41df3a6e13cfab614ff69613dc9576,WPT_002,Deal Tracking App development - Phase1,2022-12-19,2023-03-24,Client Project,COMPLETE,JMD162,JMD5,EE58669B-ACBC-448F-A34D-650D2BA024C1,,,1,given,,,2.0
1ff769fec603bde171a2a4564132bde9f3ef5bf2d75df0933d10e24dddc9fe25,TSS_002,Levine Leichtman - TSS - Full Customer Cube Build,2025-09-22,2025-12-12,Client Project,COMPLETE,JMG114,JMD243,7C9941A6-875B-41EB-927F-F62312A06059,Data Engineering;BI and Reporting,Core Reporting,1,given,2026-04-08,,4.0
11db1b5fe58e66531f1426bbebfb1c4a65cc12f5f6dfa20f75ed902420cd73dd,CLN_024,MDM Support - Data Migration,2023-03-13,2023-05-31,Client Project,COMPLETE,JMG105,JMG105,CBE4E752-7D89-485F-8768-BE5DBF9C1F6C,,,1,given,,,4.0
f4cb5f26e67d0e184b9a32168269453dda1fece651c03708b8d18f35fee28507,RIT_002,Insight Partners - Rithum - Phase 2 ARR Expansion (TW/RC),2024-08-14,2024-12-13,Client Project,COMPLETE,JMG44,JMD370,5AD60E58-D7A2-4AF5-8DA0-251C77DF4432,Analytical Engineering,Core Reporting,1,given,,,3.0
d9f0067859b227ffe6e1e5f9001c4e046659af35ddf91b3d3107d4b2aaa3c96d,AAH_002,Aurelius - AAH - Pricing Discovery,2025-04-07,2025-05-07,Client Project,COMPLETE,JMG217,JMG302,7E945F5F-92AE-4116-AB85-7753C8B65051,Data Science & ML,Value Creation,1,given,,,1.0
11f2a7fd3a2b9b6ced57916ce797e00ebbaa31cf8825feb1dea01611d7c01697,LGC_003,CDx Phase II - Customer & Salesforce,2020-11-22,2020-12-31,Client Project,COMPLETE,JML-005,JML-005,AF08DE99-873B-4EF4-8D4A-50CFCEF39CBA,,,1,given,,,
0acc3428d79dbe2d1e8a22a6548bac9074e6f505d81f5424c0403cb365ab9d8d,KLN_001,Financial Modelling,2022-12-19,2022-12-23,Client Project,COMPLETE,JMG59,JMG59,FC7EC06E-8850-4E8B-BCC5-BA5EDD088BA1,,,1,given,,,4.0
6ff094e166c58a4cbacd2ad83264db68cbc8ff61b81c89415aaf5decd366d376,PEN_005,Pension Bee - Virtual Dev Support,2019-04-16,2019-05-24,Client Project,COMPLETE,JMD11,JMD11,1E971694-A819-4360-8CD2-44D47B1167F5,,,1,given,,,
6ee0b8d792fa87167cd54c1531d7c443dd9c75ef3db93c84b06db9e2292fef51,TNM_001,Horizon - Turnmill - Data Cube (MCo/PG/EF),2024-08-21,2024-10-11,Client Project,COMPLETE,JMG188,JMD256,268F8F25-FFFF-4AA8-B7CF-F6A9D40FEAAA,Data Engineering,Core Reporting,1,given,,,4.0
fa62b4ecd244be2812d8b50e7ebfdf7e6b927730a4957737186a54088f1fc0b8,CNC_017,Cinch,2022-09-01,2022-12-31,Client Project,COMPLETE,JMD162,JMD41,E6ED099A-E034-473D-A237-92B0C8A6EADF,,,1,given,,,4.0
c8c60f1ce7185f45020e69d4627f2436b6ff4fed320042e5a8170b7d6920d473,KEY_002,CBPE - The Key - CRO Workshop Art of the Possible,2025-02-24,2025-03-16,Client Project,COMPLETE,JMG300,JMG72,37FD4DCB-19C4-4FEC-AA44-C758C22C5BBA,Consulting,Data Advisory,1,given,,,2.0
febf17fdd8c75d073cc2a7a485284368529ad6751f4f1e89880064c4370e10cf,FFN_002,August - Family First Nurseries  - Build,2026-03-30,2026-06-29,Client Project,COMPLETE,JMG381,JMD93,3C894E32-6419-4DB4-BAB4-23C7B05CCBCB,BI and Reporting,Exit Support,1,given,2026-07-03,,1.0
678dda95510553bc2f1685afc26444c68c2d9e72206ad9c8f1f1d3015645f1b7,PSC_029,Copy of 2020 Performance Review Tool(1),2021-04-16,2022-09-08,Client Project,COMPLETE,JMD11,JMD11,88B6B8E6-EF36-4337-80D6-8986EB36FAC7,,,1,given,,,2.0
81f1df8c3bc288a49987959b8fc3a221d872294ec4a38fb69d8304984285c9d3,UPR_008,upReach - Website Maintenance,2023-06-26,2024-06-28,Client Project,COMPLETE,JMD41,JMD96,34DF2ADE-5CD1-46CD-8387-6B2C0F3FEBA5,,Core Reporting,1,given,,,1.0
5972046fbfa865dc858acf604296fac733f8775865de55627b07c5b2ebcb3b9f,PSC_004,Screening IT Strat Dev,2020-08-02,2021-01-22,Client Project,COMPLETE,JML-005,JML-005,88B6B8E6-EF36-4337-80D6-8986EB36FAC7,,,1,given,,,2.0
bef64a73ada45ac3939f46563027eca6bd943bba3cf17c15e0d0e5ee8400cdb3,LIT_004,DocsCorp + Litera Snowball Creation,2021-04-16,2021-05-31,Client Project,COMPLETE,JML-024,JMG56,473AE726-CA6B-4869-B88B-B131A95074F8,,,1,given,,,1.0
d50282634c1b4a69fabe48b2de2a2235d6c90ffe200137f3ed284c427058c838,PMR_009,Permira - Motus - LinkedIn Scraping,2023-09-27,2023-11-24,Client Project,COMPLETE,JMG161,JMD112,5DE4495A-84E3-4D46-83C4-6CA90A048F32,,,1,given,,,3.0
a486ab2bb8a77140770bd7ceb2a9a6decb1830f3f700d6c2582e26e82ad6ec8b,IMG_001,IG Website,2020-07-27,2020-08-31,Client Project,COMPLETE,JMD97,JMD97,C7BF9AF1-90A7-4606-A6D8-E63E4365D5B7,,,1,given,,,
78d5cc58086876b084ac13359ec090cbc873eb153d860c655c208779eab4d828,OAD_001,BC Partners - OneAdvanced - Data Transformation (Phase 1) (PG/JT/YS),2026-05-28,2026-08-07,Client Project,COMPLETE,JMG82,JMD263,1FE97166-C908-45BD-A859-811C2B1CA1AB,Consulting;Data Engineering;BI and Reporting,Data Advisory,1,given,2026-09-04,,1.0
0ba0c4dee921715da9cb839aeed00c2fa8a76866b73234f0c94a331bc4cd9c78,SVT_025,Searchlight - Survitec - DTaaS - For Defense - June - September,2025-07-01,2025-09-29,Client Project,COMPLETE,JMD3,JMD132,06667D0C-DFA2-4925-A6B2-CEE326A4E4D7,Data Engineering,Core Reporting,1,given,,,3.0
53c369406b9ddf1518a793dace4987ec3cbbffc0a0caa663bbd30a439bc9f8da,JMG_211,Data Governance - Spectrum,2024-07-31,2024-09-04,Internal Project,COMPLETE,JMD256,JMD84,45AC9AD7-51C9-4C2D-AB89-ADEA174B2771,,,1,given,,,
f8f9f71962e7f2813623eef536a08b1fe18ed3f44a51a737a91f127325fd80d3,MSG_005,Project Matrix support,2022-04-11,2022-10-28,Client Project,COMPLETE,JMG87,JMD94,2D143C29-D66C-4CD2-BB0D-1800CC18F116,,,1,given,,,1.0
760e3b4f7b8ef8837ef8af9701f6745e7cffe790ccaa709d97c1105eaffa33da,DLR_001,Deliveroo - Strategy Board Support (AN/TP),2023-04-18,2023-06-18,Client Project,COMPLETE,JMG161,JMG161,A5395623-48A1-406C-962B-ACB96CD1C7E7,,,1,given,,,1.0
d468f2e5d33ec26bb70db12f50a6abafc981b2f0f7ba78c9c966023296561a59,PEC_003,Platinum - Peli BioThermal - Run Team,2025-08-04,2025-12-28,Client Project,ACTIVE,JMG122,JMD383,2AD82EA3-8E7E-47BE-B693-EA64752F9440,Consulting;BI and Reporting,Exit Support,1,given,2026-10-02,,5.0
101be4c42ee6ccf65771a4ec8f29656482e948603d51d018184945ff51b4711a,STT_002,Data Discovery,2023-02-20,2023-03-06,Client Project,COMPLETE,JMG87,JMD8,A7EFCD95-5542-420F-A161-2025F1955333,,,1,given,,,4.0
06f4f1adbab8157263323d4c391b35ac2704ab42cde3b1f9f7e1405b1b389179,JMG_209,JMAN People Team,2024-07-29,2025-01-03,Internal Project,COMPLETE,JMG320,JMG320,45AC9AD7-51C9-4C2D-AB89-ADEA174B2771,,,1,given,,,
22c25959fcb68c285460c6c37bbe31bbbdb39c815d8a7274c2baf635ebd16d16,FIR_025,Firetree EM Maintenance 2025 Q1,2025-01-01,2025-05-31,Client Project,COMPLETE,JMD28,JMD228,A13DC602-1FC1-4D39-B2AF-D0F1E4D8767C,Full Stack Engineering,Managed Services,1,given,,,2.0
b16c524750385b7aaa6007cf5f02d94ffc04b32d3012466d3bff597595b31954,ACS_001,Triton - Acre Securities - Revenue and Cost Reporting,2025-11-24,2026-03-15,Client Project,COMPLETE,JMG64,JMD376,96290954-D89D-4A34-97A2-1BD17C1AEEFA,Data Engineering;BI and Reporting,Core Reporting,1,given,2026-04-02,,4.0
410445a5bcb41267e079ac5aa1c16c51e6df731bd7007aa1d6bd2d097df165d4,HNO_001,"Platinum Equity - Horizon Organic - Data, Tech & AI Assessment & Plan",2026-03-16,2026-04-20,Client Project,COMPLETE,JMG81,JMD140,6A5D7A8F-D1B1-4733-8723-08EFC584746D,Data Engineering;BI and Reporting;Consulting,Data Advisory,1,given,2026-04-26,,4.0
37a597085eed4c2e6eaebbffa1faa866eae1ab0b9f95faa9969910b1828da91e,JMG_244, sales toolkit,2024-12-01,2025-03-31,Internal Project,COMPLETE,EXT001,JMG218,45AC9AD7-51C9-4C2D-AB89-ADEA174B2771,,,1,given,,,
7e060d31599fd5abc5a09715aa04d7af85b83780c9e67df4a97891bfa0b341b5,INV_002,Investindustrial DD - Consumer Trends (AW / TP),2024-09-02,2024-09-09,Client Project,DEAL LOST,JMG81,JMG81,C01F216B-EE26-4DBF-A1E8-663A8AAF601C,Data Engineering,Exit Support,1,given,,,1.0
00ddf3aa225ba40c0ab870b1840cbe24ed9e2a5a20173abf47e60a35c5c5de68,FIR_019,Firetree EM Maintenance Q3,2024-07-01,2024-09-30,Managed Services,COMPLETE,JMD28,JMD28,A13DC602-1FC1-4D39-B2AF-D0F1E4D8767C,Software Development and LLMs,Managed Services,1,given,,,2.0
bb62f21fbe67dbcc05f5abfb6916f370c646a2feefd2f8fc76c3d0d3e12d19e0,JMG_132,Consolidate and develop PM training,2022-09-12,2022-12-02,Internal Project,COMPLETE,JMG22,JMG22,EDB6A9A7-5102-45E7-9BE3-A7F958716C2F,,,1,given,,,
4f0609a4f38aec23b44259e9f1aa19d5e7e11745bb7bb687701767c2d1c70c37,OHO_003,IK Partners - Dains - Phase 5a - Acquisition Integrations & HSKSG CCH Migration,2025-06-02,2025-08-24,Client Project,CLOSED,JMG97,JMD195,F8AC2C91-E710-4AD2-85C6-C8A1F6673844,Data Engineering;BI and Reporting,Core Reporting,1,given,,,1.0
db3e834a10ae8198063d07dd48a223164ff2c2d407da7bdf79052849b33467bf,RGS_003,RegScan Virtual Team,2020-07-13,2021-11-06,Client Project,COMPLETE,JMD97,JMD97,6C7618D4-6109-4EA4-A227-1B8CEBE1D585,,,1,given,,,
edbfea74edc05bf2ccfff0678ece60332305bfefa1df17ecb97d9a0ea0d4c72b,MCL_019,MyConsole – MongoDB Upgrade,2025-06-23,2025-07-20,Managed Services,COMPLETE,JMD41,JMD157,637B410A-A9BA-45E3-A0AC-45FE639485EA,TechOps and Automation;Full Stack Engineering,Managed Services,1,given,,,4.0
1d9cac07e25893d7cbabcb494aa43f9f2278fe340c49c6efdcd50c6be1cff726,JMG_088,People- An automated UK training tracker,2022-05-02,2022-07-29,Internal Project,COMPLETE,JMG15,JMG15,EDB6A9A7-5102-45E7-9BE3-A7F958716C2F,,,1,given,,,
362de30f078803324b990543d0eac87e26005a30a47030d9ddedbb09b22a2797,BAU_013,Pre-Sales,2019-02-01,2025-12-31,BAU Activity,COMPLETE,JMG11,JMG11,EDB6A9A7-5102-45E7-9BE3-A7F958716C2F,,,1,given,,,
87c73265243ce60f7abd8fff32b7de947805a49f751d5adb56da7a20a077b212,DGT_008,Insight Partners - Diligent - Account Hierarchy - Full Run and Roll Out,2026-08-20,2026-09-17,Client Project,PROPOSE,JMG329,JMD57,CF24F70C-1907-4C84-809B-60DF0823AA71,BI and Reporting,Core Reporting,1,given,,,3.0
e063a0e231993f092bf6addb95b59cf256b916f9a0e0f0af735647bd0e76e033,CLN_002,Clinigen UAT Process & Automation,2021-10-04,2022-03-31,Client Project,COMPLETE,JMD3,JMD118,CBE4E752-7D89-485F-8768-BE5DBF9C1F6C,,,1,given,,,4.0
ccf990107fbedb8242ca2bb97282ad13c70077cd43e5b6ba579a7278101d4f9c,ENL_005,Elevation Labs - OOR Roll-Out,2026-07-21,2026-08-25,Client Project,PROPOSE,JMU003,JMD172,2D334B84-1809-448A-AFED-3C1407EEB354,BI and Reporting;Data Engineering,Managed Service,1,given,,,3.0
feacf57801706e4a4d315e4f4e092527188cd41febe9c9799ec9a5a496209ad5,ONE_006,Antagonist CLV Analysis,2021-08-20,2021-10-29,Client Project,COMPLETE,JMG31,JMG31,AC87B31A-212B-44B6-BA73-6677A4222D6E,,,1,given,,,2.0
b7f20e773e67f79b1ce9aa9aa88be3a3fb7a8761d8fb44139b973d1e0d88cb05,SEG_004,BI Tool Assessment,2019-10-10,2020-05-01,Client Project,COMPLETE,JML56,JML56,2A8783B2-5AE0-4378-B753-DA2CAA7DCE88,,,1,given,,,
8717edfb674312107f105d721f6b8aacdb75e3452c4fd6fc85c7f24a4c7eeb31,IFS_002,EQT - IFS - Ultimo ARR,2026-02-16,2026-03-02,Client Project,COMPLETE,JMG69,JMG380,9AC87250-DE30-4780-88A9-BF699B2BBA84,BI and Reporting,Exit Support,1,given,2026-03-06,,1.0
d7df8d292b2aaff804600f39dcaf8433a96101d6d211007afc60d720416256d8,CHV_003,Triton - Chevron TM - Payroll data cleaning (PG/CD),2023-09-05,2023-09-08,Client Project,COMPLETE,JMG87,JMG87,783F433D-70FA-417F-AA42-8D5833AED390,,Core Reporting,1,given,,,4.0
94ea4cd125bd3f375f9cba4fcf56925d213cbc9530fe0832b51fc71bf9219443,FGS_003,Estancia - Flagstone - CloudOps (SI/JB),2025-01-20,2025-04-11,Client Project,COMPLETE,JMD181,JMD105,4EB019A8-44FA-46AE-8158-0B6233F0D292,TechOps and Automation,Core Reporting,1,given,,,1.0
abdd3c7be1361e317266387fd8bd495ceef912ad62bf8602ce3d09a121c3f8b3,PSC_018,PRT Upgrades,2022-04-11,2022-04-20,Client Project,COMPLETE,JMD42,JMD42,88B6B8E6-EF36-4337-80D6-8986EB36FAC7,,,1,given,,,2.0
f2c4873ba4791ec833ef30c8c17b373d0d1944d3c22005c9d7793422eb015858,TBD_001,Warn&Co Tableau Training,2022-12-14,2022-12-20,Client Project,COMPLETE,JMG69,JMG69,9DE264DC-BE32-433B-8098-EF52757C26F5,,,1,given,,,2.0
767b18960f1997ba239ac80d2c558ebf16eb8f5378cea24a4768b4aaa43cc80b,TIS_002,Oakley Cap - TechInsights - ARR Insights Build (JT / AB),2025-12-15,2026-05-31,Client Project,COMPLETE,JMG150,JMD267,2AA0D75C-64C7-4E14-A530-A4EA9BEAFE8A,BI and Reporting;Data Engineering,Core Reporting,1,given,2026-08-14,,1.0
b2bcbeaaef618e1ca08b340068a006057e5f28dfcbd408f26f8aafff10e19d6c,CIP_008,Insight Partners - CivicPlus - Churn Reporting Automation,2026-01-12,2026-02-16,Client Project,COMPLETE,JMG107,JMD37,951EF888-BA80-447A-8646-69007C340272,BI and Reporting,Core Reporting,1,given,2026-02-28,,2.0
6dea7f5d375682381275b1602891310589c4d37e2630b4da8e997d297773a8fd,ENL_001,Knox Lane - Elevation Labs - Data & AI Diagnostic,2026-01-20,2026-02-20,Client Project,COMPLETE,JMU003,JMD257,2D334B84-1809-448A-AFED-3C1407EEB354,Gen AI,Value Creation,1,given,,,3.0
d3758f25b7a8a7fc8d9ba62efddfeda139f40ec303a9959925cbc3afe281847f,GEN_004,Self-Serve Data Feed (Phase 3),2022-01-24,2022-03-04,Client Project,COMPLETE,JMG22,JMD94,3B2D70E5-92E8-43FF-A2D2-69E697FA210E,,,1,given,,,
f3cef8eef6a1ea1c87a52863db44503e6ded07119e8e0a356f531ccf6e86c51f,LSE_004,Org Analytics Phase 2,2021-04-12,2021-12-31,Client Project,COMPLETE,JMG42,JMG113,31522699-7FAB-45EC-A1E9-0FFD76C2243F,,,1,given,,,2.0
123f26447935ac39e57a4ae33ca7a63960f189397311c829b598a80f9c8f9d62,KOH_006,KKR - Internal Secondment,2024-11-18,2025-05-04,Client Project,CLOSED,JMG161,JMG161,0B4392F7-5F30-4FF1-BF34-91D76DC5E93A,,PE Services,1,given,,,1.0
f2ac9b2709912ad5d365f2407cf6aae4e1c56eeb2c42c0969920d3d363f28211,TNM_002,Turnmill - Managed Services,2024-10-21,2026-08-31,Managed Services,ACTIVE,JMG212,JMD205,268F8F25-FFFF-4AA8-B7CF-F6A9D40FEAAA,Data Engineering;BI and Reporting,Managed Services,1,given,2026-08-31,,5.0
3aa0085338e4d75e30fc38d37a65ba7f82ae2e9ebc68ba692be65ce266f793c9,ALM_002,Apax - Project Viper - Transcript & LLM Phase 2 (TW/TH/VC),2025-03-23,2025-06-29,Client Project,COMPLETE,JMG49,JMD5,7F3D6169-7593-427C-AEB3-F0F6C253DA67,Data Science & ML;Gen AI,Value Creation,1,given,,,4.0
fdb28f07ae1915c623e373bb82b434654b562c57caf0f96532cfafa2e4d03d7c,CTV_002,Inflexion - Creative Car Park - Operational Build Phase (FS / LI / DF/ AB / LG),2026-02-16,2026-05-11,Client Project,COMPLETE,JMG85,JMD467,F4FFDA2E-B79C-4A62-9A4B-EA4EF6BE94A7,Data Science & ML;BI and Reporting;Data Engineering;Consulting,Value Creation,1,given,,,2.0
b585e0a37174b42c3150965f05757c20913fdad663cfd1ba5644e483ac89c9b6,BAU_007,Operations,2022-09-05,2030-12-31,BAU Activity,ACTIVE,JMG76,JMG76,EDB6A9A7-5102-45E7-9BE3-A7F958716C2F,,,1,given,,,
b845d0656b0f274ce9e5c60111a02e23d8376a727a40db185056ce7f137684d7,JMG_014,Social Media Analysis,2019-02-01,2019-02-28,Internal Project,COMPLETE,JMD43,JMD43,EDB6A9A7-5102-45E7-9BE3-A7F958716C2F,,,1,given,,,
9afd61070dbba80f79936d2c3a687c5d8ed06b8e4cff8a6da68a71c1131e6f11,PMC_002,Inflexion - PMC Treasury - Data Platform & Reporting (Platform Build phase - 2) (TP/JT/KO),2025-01-12,2025-03-28,Client Project,COMPLETE,JMG159,JMD370,C09EA69C-E07C-4294-BAFB-E55DE4C3C93A,Data Engineering;BI and Reporting,Core Reporting,1,given,,,2.0
d23bed292c602d326599f0af4b4c8a165b3fee0ea3d9400d96029ec2b849d6ca,JMG_106,Operations- Contracts Reconciliation,2022-07-04,2022-08-12,Internal Project,COMPLETE,JMG76,JMG76,EDB6A9A7-5102-45E7-9BE3-A7F958716C2F,,,1,given,,,
c53101892d4ac545ef8fec2cd921e15fbb1c99e26288b5516401385a8defe2a9,HKA_002,PAI Partners - HKA - Network Model - Full Build,2026-03-23,2026-06-29,Client Project,COMPLETE,JMG107,JMD272,19551FD7-86AC-424E-89DB-D345043584BB,Data Science & ML,Value Creation,1,given,,,2.0
f4fed4f3a67f153f1670e9c5f3cb74223265c4ff71615b7c80971cbb1611d708,JMG_108,JMAN Group - JIN Redevelopments (NJ/EF),2022-05-15,2024-01-31,Client Project,COMPLETE,JMD41,JMD96,45AC9AD7-51C9-4C2D-AB89-ADEA174B2771,,,1,given,,,
0661e692ba678b3ec5e9789dde1feea7e6fdff56602d7919ea91100e580d218f,BRZ_006,Pricing dashboard,2022-11-14,2023-01-06,Client Project,COMPLETE,JMG69,JMD41,B011A4FF-F946-4E1F-B542-F6A6E65887B1,,,1,given,,,2.0
5c69171be3b9e402065147d4a5593af451fdd30d58d58cfbb1fcc780319ee264,HGC_041,Deal Origination Tool - Phase 5,2020-11-23,2021-01-31,Client Project,COMPLETE,JMG22,JMG22,EE649EF4-C803-4F9C-A7AA-110D5BBB256E,,,1,given,,,1.0
18b69f1a16f0363867e6d8bbe6e7c9f007ded0f20f08d9e825d1f8c219288696,JMG_236,Product - Tenali AI,2024-11-22,2026-12-31,Internal Project,COMPLETE,JMD37,JMD5,45AC9AD7-51C9-4C2D-AB89-ADEA174B2771,,,1,given,,,
d4c82a88322fb99cd3b469deb03fb05276c6ae821572ac6512b234adff399758,WOW_004,Universal Partners - Workwell - Additional Support (PGC),2025-06-04,2025-06-17,Client Project,COMPLETE,JMG79,JMD136,D9D90AD9-C28D-4A34-B57B-5F3906C1D02A,Data Engineering,Exit Support,1,given,,,2.0
89bce68ef9acc6f2c8b69260e91621a9efd08ff293a6fe70c8a602873a2aa668,DAM_003,Triton/Kartesia - Damovo - Project Nexus - Bid Book extraction extension,2024-08-12,2024-08-26,Client Project,COMPLETE,JMG87,JMD156,960945DA-EA32-4A2B-BCFB-39307A77667F,,Exit Support,1,given,,,1.0
f8debb9c495c9716da64dc91ba1a13c12c87f647304986c22206cc898c7ae249,CSD_003,FlexPoint Ford - Clearstead - Revenue Reporting & CCID Project (CD & MB),2024-10-21,2025-03-06,Client Project,COMPLETE,JMG59,JMD84,A7055242-6D88-4386-A79A-740298F495CE,Data Engineering;Analytical Engineering;Data Governance;Consulting,Core Reporting,1,given,,,4.0
4ca7aefe9558f7b77e2891133406a1d0bec36d549a97e5bad604568f6a73cc4f,FWS_001,Insight Partners - Fleetworthy - Customer Cube Build,2025-02-28,2025-07-04,Client Project,COMPLETE,JMG114,JMD27,66BAB079-6D92-42AF-A3FB-B63AA3AB15C3,Data Engineering;BI and Reporting,Core Reporting,1,given,,,3.0
4c2b7b81c02a39a074b127495b00c97ab63f8856e44d48a889d4c5681d2a1842,JMG_205,JIN - Maintenance and Enhancement,2024-06-03,2025-05-31,Client Project,COMPLETE,JMD157,JMD157,45AC9AD7-51C9-4C2D-AB89-ADEA174B2771,UI/UX,Other,1,given,,,
9f8674330bf4cbf872bfefae8b2d1dd90bae84cddc19015dc4d64b91a39d5a7e,RGS_007,RegScan Go-Live Support,2021-04-12,2021-05-07,Client Project,COMPLETE,JMD97,JMD97,6C7618D4-6109-4EA4-A227-1B8CEBE1D585,,,1,given,,,
d49ee288a59464c3d63376b05dd9f9dcca3d677d672510023eb98adbcd5a5eef,JMG_171,JMAN Group - ATS Campus Tool,2023-08-28,2024-12-31,Client Project,COMPLETE,JMD7,JMD157,45AC9AD7-51C9-4C2D-AB89-ADEA174B2771,,,1,given,,,
35b196f5ee8d2832a94b6834ba23f3526a7caa8b536726538312481ae376cae1,JMG_251,Price scraping,2025-04-17,2025-05-16,Internal Project,COMPLETE,JMG85,JMG85,45AC9AD7-51C9-4C2D-AB89-ADEA174B2771,,,1,given,,,
ee6ad72fdf3c983a9236a43a47612ddc7fce81708dcbe811e509bc644ba50caa,PLC_006,plan.com - Partnership model / DevTaaS support (JT / SG / KW),2025-03-03,2025-09-05,Client Project,COMPLETE,JMG150,JMD28,7E5DEA6D-06B5-433D-8F6D-5641EDD03CE1,Full Stack Engineering,Value Creation,1,given,,,1.0
6ea1ecd62e7ae08f8976b41b131287bb7f028f199f374f6a62d63b5cb50b1269,BAU_035,Client Engagement,2026-08-01,2031-12-31,BAU Activity,ACTIVE,,,F8AC2C91-E710-4AD2-85C6-C8A1F6673844,,,1,given,,,
cb65c03d78475e224be469cd441094a50174884177bdb3c40466c350912b225d,EXP_001,Experian Data Analytics,2019-01-03,2020-12-31,Client Project,COMPLETE,JML56,JML56,EEF3970B-BE21-4D28-9292-FD9BED0F7EED,,,1,given,,,
3ab88ff7bd9ce54cb53a4daac05b9712fefeeae2bf27b7109c3924a3698418e5,JMG_165,Special Projects,2023-01-16,2023-12-31,Internal Project,COMPLETE,JMG15,JMG15,3A4B9733-496E-4579-9FCB-892E2A96B228,,,1,given,,,
26e72a7ef33c015765b5687d559d74c0d9cbcdbaea5907fe68519884096a9dab,TSS_001,Levine Leichtman - TSS - Phase One - DWH Design & Discovery,2025-01-02,2025-02-28,Client Project,COMPLETE,JMG114,JMD5,7C9941A6-875B-41EB-927F-F62312A06059,Data Engineering,Data Advisory,1,given,,,4.0
78d83f929b0268614507a9d8814ba90b13977516193d776a9014a78ae5fc695e,BAL_002,Baltisse - M&A Targeting Phase 1,2024-10-07,2024-11-25,Client Project,COMPLETE,JMG302,JMD16,3251A6B1-AF73-4E4F-AACC-8E107659A195,Consulting,Value Creation,1,given,,,1.0
679e483ecd11bf80debe01c3ca43f0cdcc88d6cdba80ddb5c5ef0d36f66c57cd,CLN_036,Triton - Clinigen - QA Testing Extention (JC/JCG),2024-02-01,2024-04-30,Client Project,COMPLETE,JMD16,JMD16,CBE4E752-7D89-485F-8768-BE5DBF9C1F6C,QA,Core Reporting,1,given,,,4.0
6b8a8d3c277c59d0f5fa2d44d005d1a62b6fd7a2d6978bbc5440074b03b7266f,JMG_239,Product - Single Company View - Splink,2025-01-06,2026-12-31,Internal Project,COMPLETE,JMD37,JMD372,45AC9AD7-51C9-4C2D-AB89-ADEA174B2771,,,1,given,,,
7da3b8a90e677bf0e63a56323301903c4283471ec8b90e8406f6b0f3704d29d5,NTS_005,Netsmart FMD,2022-01-01,2022-12-31,Client Project,COMPLETE,JMD8,JMD22,11E011AC-D864-49EA-85CD-38A219CB55C6,,,1,given,,,3.0
738198c1b070f9aacfc63f9151cee22ca175350ab5f73290fbb1d458ca944ac0,NXN_004,Pricoa - Nixon - 2025 Extension,2025-08-18,2026-01-11,Client Project,COMPLETE,JMG51,JMD94,AF91FB14-CB0C-4238-9EBA-4AA4814BD089,Full Stack Engineering;BI and Reporting,Core Reporting,1,given,,,2.0
9dc93b01fd48c645b0187ebdc5b49ca625219e181c7865c5957702655da97a3e,NTL_004,Nitel Tool Support,2023-01-30,2023-05-05,Client Project,COMPLETE,JMG72,JMG72,4A53C5AA-F996-4D6C-90D5-3B4046634709,,,1,given,,,3.0
504d2a178f8c36e2c435a8e31e065b7d4cc02378e62f3dc3670414121b17fb98,UPR_001,UpReach Maintenance,2020-01-01,2021-12-31,Client Project,COMPLETE,JMD160,JML56,34DF2ADE-5CD1-46CD-8387-6B2C0F3FEBA5,,,1,given,,,1.0
47b08cc84c9727b8fe224eed74593db530db744eeee4d78d34862aff41c31e9a,QSC_003,Systems integration support,2022-10-03,2022-11-11,Client Project,COMPLETE,JMG69,JMD82,34E5306B-5B74-4EC2-B262-4B3C119FB438,,,1,given,,,1.0
d408468742a60e6c82ba78f268f88d39a6657691dffd173588959a10671036c3,AAH_001,Aurelius - AAH - Forecasting and Pricing Optimisation  (RK),2023-12-11,2024-02-09,Client Project,COMPLETE,JMG122,JMG122,7E945F5F-92AE-4116-AB85-7753C8B65051,,Value Creation,1,given,,,1.0
116ec5754fc13ab17d554c7268cedd8b3f0f867fdc921d648736f5c12b1d8f5b,JMG_080,"Design of a Spec for branding and marketing support""",2022-05-02,2022-08-12,Internal Project,COMPLETE,JMG15,JMG15,EDB6A9A7-5102-45E7-9BE3-A7F958716C2F,,,1,given,,,
eb177cacca93402a40e425474f78c4d5e673911a56e0e04ace53cff0a00e9621,JMG_003,J-Labs ATS Enhancements,2019-01-01,2021-12-31,Internal Project,COMPLETE,JML-017,JML-017,EDB6A9A7-5102-45E7-9BE3-A7F958716C2F,,,1,given,,,
a5105b26fe03dd92a60cb2ca2f104e0bcd647401f8180919abfb3a7947b05eda,QPK_001,KKR - Q Park - Customer contact classification (TP/FH/MSiu),2024-08-12,2024-08-26,Client Project,COMPLETE,JMG207,JMD254,E5F59C95-AE6D-4D1A-82CB-39EE28D366FD,,Value Creation,1,given,,,1.0
75ee3f994e57fc061d1913f25d13eaae66e72926544c8b85993091b323cc51ba,KSY_003,Insight Partners - Kaseya - Data Products Team 1 (Sales & GTM),2026-01-05,2026-03-16,Client Project,COMPLETE,JMU12,JMD91,2B0A8598-3C73-4209-A636-E544FFBCF854,Data Engineering;BI and Reporting,Core Reporting,1,given,2026-08-21,,3.0
b8855b5abb10dd0d9dd549fea2e69218c27c9e526305eb677d752810005b03ba,RGS_009,RegScan Go-Live Support,2021-07-05,2021-08-31,Client Project,COMPLETE,JMD160,JML56,6C7618D4-6109-4EA4-A227-1B8CEBE1D585,,,1,given,,,
1fd6382b4d2352dde9761f6c38107e88051467ecde0d6b4bcfac5f426e5765e1,JMG_232,JMAN Basics,2024-10-20,2024-12-27,Internal Project,COMPLETE,JMG87,JMG87,45AC9AD7-51C9-4C2D-AB89-ADEA174B2771,,,1,given,,,
34d7e284d570e5172aed2be4148576b7a785ecf9b5200892ffe425408aabdc59,CRU_003,CRU Wine - Software Development and Data Management Support (MC/AP),2024-02-27,2024-03-06,Client Project,COMPLETE,EXT017,JMD56,FCD7AD0C-94BB-4E9C-B688-D785EC972386,Software Development and LLMs,Other,1,given,,,4.0
b461c6862fd2ff86adf939ead805002f45e6e438b9e2002dab2b40354d6a80ff,PAS_001,Tenzing - PSSG - Management reporting,2024-04-08,2024-12-22,Client Project,COMPLETE,JMG51,JMD31,2C775C80-825E-41CA-8109-0E1ED312253B,Analytical Engineering,Data and Reporting,1,given,,,2.0
d13869506c548f69b1ef99dc248805f94a9e5bc1d2df9da9681cec79119f9684,DAL_004,Dalcour Maclaren - AI Workshop,2025-04-01,2025-04-28,Client Project,COMPLETE,JMG72,JMG72,9205BDF6-A56F-4E0E-ACCE-55D752B7061F,Consulting,Data Advisory,1,given,,,2.0
d34b410f7272bcec4c29bd7daed8cf99507d6412145ad0a37f95b980aa668b46,WGN_002,Perwyn - WGNSTAR - Managed Service (KM/YS),2024-05-05,2026-02-28,Managed Services,COMPLETE,JMG149,JMD205,15AC0768-166E-4959-9493-A8B3B2E629FD,TechOps and Automation,Managed Services,1,given,2026-02-28,,1.0
e743f5673fd6c4b7c4387e4be8ebfd04ca85c605bd023e78bcde7412bf13443d,SGT_003,TDR - Stonegate - Data Science Secondment (2nd person),2023-06-23,2023-08-04,Client Project,COMPLETE,JMG161,JMG161,8DA57139-9112-4BAD-A64A-4AC20AD2596C,,Value Creation,1,given,,,1.0
91e3083732f851378cefd6faf72fe54cb1d777a0cfb1885621de64ddd0ca321b,JMG_155,PE Lead Scraping,2022-09-28,2022-10-28,Internal Project,COMPLETE,JMG44,JMG44,EDB6A9A7-5102-45E7-9BE3-A7F958716C2F,,,1,given,,,
fc1f0fb76dc94bdca3e79f518ef98045e36bb2524c2168308c83090f5a33547d,JMG_266,"""JMAN-WorkDay integration""",2026-01-01,2026-07-30,Client Project,DEAL WON,JMD432,JMD257,45AC9AD7-51C9-4C2D-AB89-ADEA174B2771,TechOps and Automation;Consulting,Value Creation,1,given,2026-09-30,,
75298aca1ff07d6f81b8770f380d9994d4b2825fa9a0e6ecfddd372e803fc1a7,FIR_024,Firetree - Infra structure & Data Lake maintenance,2024-12-05,2025-03-31,Client Project,COMPLETE,JMD28,JMD28,A13DC602-1FC1-4D39-B2AF-D0F1E4D8767C,Full Stack Engineering,Managed Services,1,given,,,2.0
4a524e0ae26889f19088ca8c158af4b437efbfb9807497d864f821d1c924db1a,MRG_001,Exit Analysis Automation & Reporting Prioritisation,2023-04-11,2023-05-23,Client Project,COMPLETE,JMG112,JMD77,B6E3FC52-303B-4442-8D8B-923FFA0E3D61,,,1,given,,,2.0
6f2f12d19c242677c7a748612609962252fde1785e4bacde1a4f38a51d6c9fcb,ANG_002,Sun Capital - Anderson Global - Phase 2 - US Customer Tool (TW),2026-09-14,2026-12-07,Client Project,PROPOSE,JMU014,JMD77,68D8C23B-CA81-4A05-B7F2-97426880536C,Full Stack Engineering;Data Engineering;BI and Reporting,Core Reporting,1,given,,,4.0
dc98623bf21e3ee4fd1239d125818d40bdf64542f4bed363432fcf95ee48fc36,OXE_001,SVP - OXEA - Pricing Elasticity AI Tool,2026-08-24,2026-09-21,Client Project,PROPOSE,JMG389,JMD141,6A2AB031-BA9F-4102-BF81-9CEBD3747E35,Consulting;Data Science & ML,Value Creation,1,given,,,1.0
d83b561ee251f640676aa841c429d84a2f96f57624689f13b289b904473d80f5,JUN_002,Horizon - Juniper - Pipeline Maintenance (PG/AMR),2025-11-14,2026-08-31,Managed Services,ACTIVE,JMD383,JMD144,4303257C-6326-4935-9CED-F552ABE44D51,Data Engineering,Managed Services,1,given,2026-08-31,,5.0
9035751b912eac0fbe8ef442c890ba072725cac0d95a8cc86162ea14c281c543,LTM_001,Little Moons - L Catterton - Initial reachout (PG/RK/YS),2025-10-13,2025-11-14,Client Project,COMPLETE,JMG124,JMD435,96196DAB-D3BD-4E15-9A8F-5E9B96EE4E89,BI and Reporting,Core Reporting,1,given,2025-11-21,,1.0
1201278ca1f3d49f26fff5ce5dabcd740b577572be5e497cfd7ff338454248e1,BAU_003,Delivery,2022-09-05,2030-12-31,BAU Activity,ACTIVE,JMD432,JMD432,EDB6A9A7-5102-45E7-9BE3-A7F958716C2F,,,1,given,,,
e28cc7f558459f33d5da92a6b2945a654fc291d92fa16a516b133bdb7fd219e1,VTP_001,BC Partners - Vet Partner - Data Strategy (JT/SI/JC),2024-12-25,2025-08-08,Client Project,COMPLETE,JMG87,JMD370,28EF8687-3270-460B-A7AA-0D130E2D7892,Consulting;Data Engineering,Data Advisory,1,given,,,1.0
c6dd66eb3cd0fd4fab9383619fec6d3d43f357263b8204e08eb90a3213e84c3b,GIA_003,Inflexion - Giacom - Implementation Phase,2026-05-18,2026-09-11,Client Project,ACTIVE,JMG72,JMD219,839EDA27-332C-4F04-AB08-5C7BA3E72409,BI and Reporting;Data Engineering,Core Reporting,1,given,2026-10-02,,2.0
91080bf8868baca0a2afe938a19c04fc7488c2068fd5c7e2b1ffa6535c6d2bfa,COP_002,Lee Equity - Cooper Parry - Phase 2 Build (SS/TW),2026-03-16,2026-05-11,Client Project,COMPLETE,JMG64,JMD81,175DC05B-EF5D-462B-9F84-E6E6BF946378,Data Engineering;Full Stack Engineering;BI and Reporting,Core Reporting,1,given,2026-06-05,,4.0
76ef4907647424662e1e4beee942e49455e8df6b4e7cee421ab0489b4f32764c,JMG_104,Marketing- More effective monitoring of marketing performance,2022-07-04,2022-08-12,Internal Project,COMPLETE,JMG15,JMG15,EDB6A9A7-5102-45E7-9BE3-A7F958716C2F,,,1,given,,,
07584a72d789232c41f60f4aaaafae77a81904d34d9274526749beeaeecb8df1,NSH_002,nShift Build Phase,2026-05-18,2026-09-07,Client Project,ACTIVE,JMG307,JMD89,D609D274-F591-4F02-8B9F-FB1D4531690F,BI and Reporting;Data Engineering,Core Reporting,1,given,2026-10-02,,2.0
7729ecf3afb8c0f3ca391291dafb44a416313c5f20f0bba4f1f07edb68fa589d,BSN_002,Oakley Cap - Bright Stars - Exit Support Implementation,2025-06-16,2025-10-03,Client Project,COMPLETE,JMG98,JMD42,0BE83240-6C85-4495-B3B4-1907CCE459DC,Data Engineering;BI and Reporting;Consulting,Exit Support,1,given,,,1.0
db9979f0f553861cf2f3635cbd0105c2501c9c84786bad2b419535fc8162cf6c,FMT_006,Baird Capital - Freemarket - Data Platform Build,2025-06-02,2025-11-07,Client Project,COMPLETE,JMG218,JMD89,150AB409-24E2-4F6D-A223-F05935E58DA6,Data Engineering,Core Reporting,1,given,,,2.0
eadfec0c435f2f53e09bacf682bb6ba20f7e23f9a738ad0ad12364f350f515b9,JMG_256,Product - Jlens,2024-06-01,2026-12-31,Internal Project,ACTIVE,JMD166,JMD5,45AC9AD7-51C9-4C2D-AB89-ADEA174B2771,,,1,given,2026-02-28,,
cfa899c33a17b019deb738aeebb729013ef7b307a880fc67bb0eca6c4080df9c,JMG_039,PySpark R&D,2021-09-27,2021-10-29,Internal Project,COMPLETE,JMG22,JMG22,EDB6A9A7-5102-45E7-9BE3-A7F958716C2F,,,1,given,,,
4c26290c8b5bab1bdab3ccb1b9ebcd0bfe08207132c94345ee36692613e2bee1,SRT_001,Serent Capital - CallRevu - AI Diligence (AW / OMC / CA),2025-04-22,2025-04-28,Client Project,COMPLETE,JMG81,JMD5,A4258A9A-F413-4099-A0D1-B1B9A28CB2B6,Gen AI,Due Diligence,1,given,,,4.0
5286a2f6c778f9e5661479fae3ed70235581b8024b24b98dc3ec416b9382a486,TOT_007,FAPI - Totalmobile - Solvares Integration,2026-07-20,2026-08-17,Client Project,SOW PENDING SIGNATURE,JMG69,JMG69,7198B121-659E-4EBA-B262-0359CE2986AB,Data Engineering;BI and Reporting,Core Reporting,1,given,,,1.0
468bd62d577f489c9c5bb858b5243de8111c947ae4f7029efdb703a60ce7f015,LIT_007,Data Monetisation PoC,2022-04-25,2022-06-10,Client Project,COMPLETE,JMG15,JMG15,473AE726-CA6B-4869-B88B-B131A95074F8,,,1,given,,,1.0
3cce36a8ec36f0188b54b7f0b2a8133a1fbab18b35996ce55b82dcc3556cc27f,AMV_001,Data Strategy & Quick Wins,2023-03-06,2023-06-09,Client Project,COMPLETE,JMG87,JMD20,907A7C0B-FF5E-4F0C-83B7-2632C60E5CAB,,,1,given,,,1.0
1b994bed91b7b502249eb771c5bc000409697aede8caee466c09104b1ff15268,GLS_011,Levine Leichtman - GLAS - Data Engineering Secondment,2024-12-22,2025-08-31,Client Project,COMPLETE,JMG64,JMG64,16BA707B-C0A5-43B3-8F7F-4D0E13213915,Data Engineering,Core Reporting,1,given,,,4.0
16aeb576821d10e947e403346ee7ab19790521dc80bdbb50676eb6ff2cf2c049,ZIP_001,Searchlight - Ziply - Exit Support/Competitor Analysis,2024-04-24,2024-12-15,Client Project,COMPLETE,JMG52,JMD8,1D03DF8E-A3B7-4ABB-AD53-33536C471815,,Exit Support,1,given,,,3.0
3c8a967789517160bece2c4e66cff9c25a4a5423f049120e52fa34da92872c89,MCC_001,Middlesex Crcket Memberships 19,2018-11-26,2019-06-28,Client Project,COMPLETE,JMG42,JMG42,023E9694-A58A-483F-9850-B9C78FB6C86F,,,1,given,,,
9fdb5d784cb63dc7ed366f858895fb40f6467bdac9c287fbbb1df5aa5d20cc5d,RIT_003,Insight Partners - Rithum - ARR Refinements (TC/CF/JM/BVK),2024-11-07,2025-01-08,Client Project,COMPLETE,JMG100,JMD152,5AD60E58-D7A2-4AF5-8DA0-251C77DF4432,BI and Reporting,Core Reporting,1,given,,,3.0
821100f5d2196cebb87f497911419d2be414a45637dee26619a0d8deda492a83,KCG_005,Sun Capital - K3 Capital - Data Platform Build Wave 2,2025-10-01,2026-01-31,Client Project,COMPLETE,JMG218,JMD81,AEE80FE3-75A3-45B7-8A6C-C7672808E4D7,Data Engineering,Core Reporting,1,given,2026-03-27,,2.0
7784b8b3930a9eb56084a0303a54c043110407ce84df952f64bfa19a7ff4c2a1,CNV_001,Cinven DD - Web Scraping,2020-08-03,2020-08-31,Client Project,CLOSED,JMG22,JMG22,8135724D-49AF-474E-A51F-16D014729EE8,,,1,given,,,2.0
58ceb6511bc4ba9294f7ccae3f5d39b089be5ae29a8a0b922261266d0334ef70,TOT_001,Data Assessment,2022-08-08,2022-11-11,Client Project,COMPLETE,JMG87,JMD8,7198B121-659E-4EBA-B262-0359CE2986AB,,,1,given,,,1.0
8f8723395a2cdc0fa2863c69b68354d9ff1aa8352a063bdd570edab6b411213b,WVN_012,Macquarie - Wavenet - Backlog Adjustments,2026-03-16,2026-03-30,Client Project,DEAL WON,JMG51,JMD181,1F95B689-B6AC-4A18-8C04-3D0D26213AA8,BI and Reporting,Core Reporting,1,given,2026-04-03,,2.0
fd3eceee422b6cc36e7fabd25407fb7d43638251895e3bbc96d95d453b69c32b,CIT_009,Hg Capital - Citation - Data Migration Support (NJ/JC),2024-05-28,2025-03-31,Client Project,COMPLETE,JMD41,JMD41,766C0C98-E15A-4D17-ACD0-01447E03F822,Data Engineering,Managed Services,1,given,,,1.0
8a7327330a177d9fb0da5d292f02010b04745d78011cf219feeb0c1cf8bba1fb,ALM_004,Apax - Alcumus - Transcripts & Churn - Phase 3 (ALM_004),2025-06-29,2025-10-03,Client Project,COMPLETE,JMG117,JMD5,7F3D6169-7593-427C-AEB3-F0F6C253DA67,Gen AI;Data Science & ML;Data Engineering;BI and Reporting,Value Creation,1,given,,,4.0
b84ae4ec8f00bba5d9129776ec2a760a252549946c0230fce2619aded12b96b2,PTV_003,Bridgepoint - PTV - Qlikview Secondment,2025-02-17,2025-12-31,Managed Services,COMPLETE,JMD41,JMD157,63924AEF-725E-46EA-A913-031437D297C5,BI and Reporting,Managed Services,1,given,,,4.0
815aaf817cd81750dcfbce2e022f255b382d6b284bc9d3f1cfef1be97e143e9b,CNV_004,Project Malory,2021-05-03,2021-05-14,Client Project,COMPLETE,JMG42,JMG42,8135724D-49AF-474E-A51F-16D014729EE8,,,1,given,,,2.0
14f3c551d047f4057c94c86e6a417a58e6e1d32563141d35c327bc7088978eec,GEN_001,Customer Analysis,2021-03-01,2021-03-26,Client Project,COMPLETE,JMG22,JMG22,3B2D70E5-92E8-43FF-A2D2-69E697FA210E,,,1,given,,,
be2284232cdbebaf8bae047900f508fdf68daa0ad46b2eaedd272f392c9eccf7,JMG_240,JMAN x JMAN,2025-01-12,2025-02-06,Client Project,COMPLETE,JMG29,JMD256,45AC9AD7-51C9-4C2D-AB89-ADEA174B2771,Consulting;Data Engineering,Core Reporting,1,given,,,
dabac101023f626c96c104ee050dc6bf8a2885b5552cc238b438455d1ba72204,CIP_007,Insight - CivicPlus - Sales Reporting Automation,2025-12-01,2026-01-09,Client Project,COMPLETE,JMG107,JMD37,951EF888-BA80-447A-8646-69007C340272,BI and Reporting,Core Reporting,1,given,2026-02-06,,3.0
2772fd981e3a11080358ce4c45b1154de3fcb70be38cd0d8b062cfe35aa420b6,BRZ_005,Sales Insight Dashboard,2022-07-04,2022-07-22,Client Project,COMPLETE,JMG69,JMG69,B011A4FF-F946-4E1F-B542-F6A6E65887B1,,,1,given,,,2.0
f2b8364c84abc7002ff6252c61e2a6d9c2cf7c651d82045b5c5e9dad37ccd428,PSC_007,First Roll Out Support,2020-09-10,2021-01-31,Client Project,COMPLETE,JMG15,JMG15,88B6B8E6-EF36-4337-80D6-8986EB36FAC7,,,1,given,,,2.0
5c41a720f5691f693a1f5ed8414a14115ecd3bdb5c6bba91f2056ed6fd987db2,ENH_002,Enhesa - BI Secondment,2025-05-01,2025-08-08,Client Project,COMPLETE,JMD42,JMD42,536610FF-8102-4F7D-B7AC-17C12A856FFE,Data Engineering;BI and Reporting,Core Reporting,1,given,,,1.0
b1e4a091570f104dc8f741f56e841a2bc02148587a9e35fbaf2a30761c382570,OCO_004,Inflexion - Ocorian - Q2 2025 (FS / LI / DM),2025-04-07,2025-08-22,Client Project,COMPLETE,JMG236,JMD31,F419A4DB-8641-406D-83DC-C985EC14B44D,BI and Reporting,Core Reporting,1,given,,,2.0
5c5f0aec0e015fa472f99781a25f112744d541a2f57ec7f104251975775f1316,EVX_002,"TPG - Everfox - ARR, Renewals & BI Strategy (CD/CF/AS)",2025-03-31,2025-05-11,Client Project,CLOSED,JMG44,JMD16,1BDA2FFB-61C7-4F3F-A819-D79EE3818C31,BI and Reporting,Core Reporting,1,given,,,4.0
1621e462f61fde8082e7433fb1bc616c37e2d063d85b53e3314f727e5928ab56,JMG_197,QA & Automation - Technology CoE,2024-01-01,2025-12-31,Internal Project,COMPLETE,JMD16,JMD16,45AC9AD7-51C9-4C2D-AB89-ADEA174B2771,,,1,given,,,
263fc949eb3187e19fd67077c638d250311fefd51ae683dd40101cad4ab0bf6c,MHS_002,SQL POC Build,2022-09-16,2022-12-16,Client Project,COMPLETE,JMD42,JMD98,046136BB-6FFE-4290-B6F6-2A37955C44D4,,,1,given,,,2.0
590869aaf80a79fb495d16c0280870bb1f543f415454a76d23bce62516d2ba94,DLL_004,Expansion Model Enhancements,2022-04-25,2022-05-10,Client Project,COMPLETE,JMG51,JMD81,2A9CAD83-6016-4EFD-AECB-21304B4C846E,,,1,given,,,1.0
b95c09a1cb92d3e5d0debde2faa3c9079996210396649aeebc5a9cdf4cd278e8,TNC_007,Trench - HR Data Engineering Support,2026-04-20,2026-08-03,Client Project,ACTIVE,JMG69,JMD126,035038EA-77AA-4452-B6E3-3BD5BC424D3B,Data Engineering,Core Reporting,1,given,2026-09-30,,4.0
d69d48c518dac17f4e7551ec47888c56342eba88258d43f42cbe55fdf69860a8,AMV_002,Charterhouse - Amtivo - managed service support (JT / VK / JM),2023-07-03,2023-11-30,Client Project,COMPLETE,JMD41,JMD41,907A7C0B-FF5E-4F0C-83B7-2632C60E5CAB,,Managed Services,1,given,,,1.0
cba498b4fd1699bc6f4f44c5817f26d0f9ebc59709792adb9d57d80bf38b49f8,GLS_005,Levine Leichtman - GLAS - ARR Logic Additional Support,2024-08-05,2024-08-26,Client Project,COMPLETE,JMG64,JMD19,16BA707B-C0A5-43B3-8F7F-4D0E13213915,Consulting,Exit Support,1,given,,,4.0
46deb5528dd649809be67e844d82b0692eda7fd624edd9cfebd2de45aa4e0e4b,SVT_012,Searchlight - Survitec - BI Secondment,2024-02-07,2024-08-02,Client Project,COMPLETE,JMG146,JMD132,06667D0C-DFA2-4925-A6B2-CEE326A4E4D7,Analytical Engineering,Core Reporting,1,given,,,3.0
d96a5dea418384fb324ea61110c44c18e56b805af09cfd86c24cb352695073e9,PMR_017,Permira - AI Readiness Assessment,2025-07-21,2025-09-12,Client Project,COMPLETE,JMG133,JMD28,5DE4495A-84E3-4D46-83C4-6CA90A048F32,Full Stack Engineering,Value Creation,1,given,,,3.0
28d7d3a723ebcb8f05c84e0b8e85b0c799cb6e901d60330eb5de45e01c613fd5,BAU_010,Marketing & Branding,2022-09-05,2030-12-31,BAU Activity,ACTIVE,JMG326,JMG326,EDB6A9A7-5102-45E7-9BE3-A7F958716C2F,,,1,given,,,
05fae5dd8c03b1236f71a5a3c05d32a548a1f42aec8fe08550725bc0c8436c39,JMG_215,Data Science - ScaleSurge,2024-08-01,2024-12-31,Internal Project,COMPLETE,JMD94,JMD112,45AC9AD7-51C9-4C2D-AB89-ADEA174B2771,,,1,given,,,
fa2b643e33d38fed2cbf15da51cd0d387452011fc5000f44117aefed308a696a,PEN_006,ScamMan & Robbin,2019-12-02,2020-07-31,Client Project,COMPLETE,JMG42,JMG42,1E971694-A819-4360-8CD2-44D47B1167F5,,,1,given,,,
026b25b70cb4aaf231dec0a30d2825ef7832ce8f3bf24bdba3a14676d14909b8,JMG_187,Core Reporting - Solution,2024-01-01,2026-12-31,Internal Project,COMPLETE,JMG29,JMG69,45AC9AD7-51C9-4C2D-AB89-ADEA174B2771,,,1,given,,,
c4bc68f2d4cafa63b5802d969e294fedbd1416a609f6120311b5c8476f569838,JMG_146,Project block - overview pack builder,2022-09-12,2022-12-02,Internal Project,COMPLETE,JMG42,JMG42,EDB6A9A7-5102-45E7-9BE3-A7F958716C2F,,,1,given,,,
0d16422186888ad9810d08a969366dd31c49c8ae371dee2198884d4851d4224d,FLO_001,Finance Support,2022-08-09,2022-10-31,Client Project,COMPLETE,JMG22,JMD77,A01AC1A8-9087-47A1-99A8-74C2625F5A34,,,1,given,,,3.0
5ef26c99973ecebc5c7b2341c68d008ed2679ef769ef5de24df216e5308beb78,TNC_005,Triton - Trench Group - Phase 3 - Tactical Data Team,2025-05-26,2025-10-31,Client Project,COMPLETE,JMG313,JMD42,035038EA-77AA-4452-B6E3-3BD5BC424D3B,BI and Reporting;Data Engineering,Core Reporting,1,given,,,4.0
3ef3fbf27d53ce217d67f299cc0802ec4efbb70d4b7810700f6c5bf4feac329d,JMG_024,CDM: Business Solutions,2020-01-01,2021-12-31,Internal Project,COMPLETE,JMD97,JMD97,EDB6A9A7-5102-45E7-9BE3-A7F958716C2F,,,1,given,,,
3122e9331ad040d56912e4c961463f84bbbe04828a1ab3046401a35856dd69d4,BRE_001,Levine Leichtman - Blue Ridge ESOP Associates - Design and Discovery,2026-01-26,2026-02-16,Client Project,COMPLETE,JMG64,JMD41,FC19C739-3740-45C1-AEAD-A271D9A59B77,BI and Reporting;Data Engineering,Core Reporting,1,given,2026-02-28,,4.0
37d3ea4170d7692dbb7ba3208e2ae302dfe3ff991b4c2de2da02d86a8b46ad16,DGT_007,Insight Partners - Diligent - Phase 4 (Commercial Pilot & Expand to NFPs),2026-08-03,2026-08-17,Client Project,PROPOSE,JMG329,JMD57,CF24F70C-1907-4C84-809B-60DF0823AA71,Gen AI;Consulting,Value Creation,1,given,,,3.0
a271bc93a022f94ba0964e92e16bcd494ee1e8c7438587fe1b886c43760505a9,DSN_007,Frontenac - DSN - Build Enhancement & Refresh,2026-06-22,2026-08-03,Client Project,COMPLETE,JMG159,JMD136,80BAADB4-F045-41A2-A04D-B1131019757B,Data Engineering,Core Reporting,1,given,,,3.0
4d341df8b153ef9f9b5bde00f9749515e1ed6af29872e7bb3b45f36afe7f2138,WDC_009,External Reporting,2021-09-13,2021-12-03,Client Project,COMPLETE,JMG29,JMG29,BA9A80E3-DFA1-45D1-8440-5955274FEA1A,,,1,given,,,1.0
40a146415b4b4b6558e46f5f1a066f7223e63640c3ddf65c9b7efcd31bde2856,GLS_004,Levine Leichtman Capital Partners - GLAS - Solvas and Transtar Reporting,2024-07-22,2024-09-02,Client Project,COMPLETE,JMG64,JMD19,16BA707B-C0A5-43B3-8F7F-4D0E13213915,Data Engineering;Analytical Engineering,Core Reporting,1,given,,,4.0
413973ef43f0f237f6550f5ef06fbee0922b38a375505ab034e2a4662fd75051,JMG_143,Project toll - pricing model,2022-09-12,2022-12-16,Internal Project,COMPLETE,JMG24,JMG24,EDB6A9A7-5102-45E7-9BE3-A7F958716C2F,,,1,given,,,
8141a3caae0aeeb7a5c712b90d4a68b7a1f14eeebc4be7b74a8b3c18df90931a,JMG_050,People- London recruitment materials refresh,2022-03-14,2022-04-22,Internal Project,COMPLETE,JMG29,JMG29,EDB6A9A7-5102-45E7-9BE3-A7F958716C2F,,,1,given,,,
379b88abd795205e3be650c36b3509106ecd3a088c749d47b59ceeeb8de02211,GNT_004,Gen II - Revenue Report Hypercare,2025-05-19,2025-06-15,Client Project,COMPLETE,JMG150,JMD91,369E080B-7B46-47FB-BFD0-FE822EB363A7,Data Engineering;BI and Reporting,Core Reporting,1,given,,,3.0
430b6aef70bf066eafbd65a9bb9a571ef63f4416b3532e4aa880eeabd218fced,TRL_002,Trill Impact - Project Lumina - Data Cube refresh (October),2024-11-19,2024-11-21,Client Project,COMPLETE,JMG161,JMG59,F048BD80-1B3F-445B-A02B-F7AF9AFC5CD2,BI and Reporting,Exit Support,1,given,,,1.0
ece938010b27569c3b7a326c0ab6a4f436882f6dd25497fa3f660b216b987cc2,PNH_006,Kartesia - PlanetHome - Phase 6: Broker Cohort Data Expansion,2025-05-12,2025-06-06,Client Project,COMPLETE,JMG149,JMD140,41547C3F-28A6-4E22-8EBD-A014D1DA28E5,BI and Reporting,Value Creation,1,given,,,1.0
d81d9743a1ea1dd00a5942b13b0c7ceb2aff8f83c39bc8e76b04d7dd555d582a,GTW_001,Permira - G2 - Churn Prevention,2023-06-19,2023-08-18,Client Project,COMPLETE,JMG31,JMD5,5484564B-C0D6-4B05-BFD8-3589CD5AA437,,,1,given,,,3.0
ea520a0c0701f25cfa8bda4681d26de8115465273f8f5281d8bc0c9faefdc031,WVN_008,Macquarie - Wavenet - Data Cube Refresh Oct (JC/TC),2024-10-13,2024-10-19,Client Project,COMPLETE,JMG222,JMD31,1F95B689-B6AC-4A18-8C04-3D0D26213AA8,Data Engineering,Core Reporting,1,given,,,3.0
9fc25a254de46587dcc51c4e3711eaae362c2e27ecf0b5d57afc04eafd17ba1e,AND_003,Andwis - Design & Discovery (Extension),2025-12-22,2026-01-16,Client Project,COMPLETE,JMG222,JMD94,7CE95475-03A9-4164-AF73-DE5D18D5FB39,BI and Reporting,Core Reporting,1,given,,,3.0
110493094f8148db554521f7a3de34cbd1f50ef36d3ba6622382f39946afb680,MTF_003,Enterprise Reporting,2020-11-24,2021-02-28,Client Project,COMPLETE,JML-034,JML-034,B30CB546-7FD4-490E-942C-04CA6715F028,,,1,given,,,
c9cf535eb6b132d93f26293c991e70e32a1804b2ea94271fe510357fe01d9441,WIT_004,Phase 2 Exit Support & Revenue Bridge - Extension,2023-03-06,2023-03-31,Client Project,COMPLETE,JMG49,JMG49,BD5939CE-0970-4DB4-98B7-BF77E8588207,,,1,given,,,2.0
fe33b06c8632e74013cbff9991af12567546f063bbf82b2585f0e9784a5c0d60,JMG_184,Managed Services - Solution,2024-01-01,2026-12-31,Internal Project,ACTIVE,JMD41,JMD7,45AC9AD7-51C9-4C2D-AB89-ADEA174B2771,,,1,given,2026-12-31,,
dab6ec1f85faf60a68246674bcbcc1ce40c5125022d3c64221e1088d9eb18108,BAK_003,H&F - Baker Tilly - Engineering Secondment (JT / AB / PG),2026-02-23,2026-06-01,Client Project,DEAL WON,JMG98,JMD135,0F65D3C5-AAD3-497E-B3BA-5A6D8D64BCD1,Data Engineering;BI and Reporting,Core Reporting,1,given,,,1.0
00465d41b519a0a3bcef079db822a3902f358746602ecc40d90e8b9f9c76d549,HGC_021,Project Fuel,2021-10-25,2021-10-29,Client Project,COMPLETE,JMG56,JMG56,EE649EF4-C803-4F9C-A7AA-110D5BBB256E,,,1,given,,,1.0
41caa4ca0ecee35fe4f786ff475dd3c99cd2ffe333724bc14d2a04b08599c137,KOH_002,KKR - DD scraping (TP/RC/MB),2024-01-29,2024-02-16,Client Project,COMPLETE,JMG161,JMD82,0B4392F7-5F30-4FF1-BF34-91D76DC5E93A,,Value Creation,1,given,,,1.0
610a2e122df3128ef5efdd3f117a4623b5324e7c08b2e12369c73e80d268458b,ACL_002,Njord - Ambassador - Price Scraping Managed Service,2023-09-10,2025-12-31,Managed Services,COMPLETE,JMD41,JMD291,F9ABC517-BC80-44A8-BFDD-EE3092896EA2,TechOps And MS,Managed Services,1,given,2026-08-31,,1.0
f53e1500999613614fd08fe96c7f3f0f13ee7809fcbfceea96a31ea3fdbda59b,ALP_001,Leder Und Schuh,2019-02-04,2019-03-29,Client Project,COMPLETE,JMD3,JMD3,A45CD339-A192-4CF3-B6C1-D8C63ABD7D0B,,,1,given,,,
3bef696ef0826208e218fe2c51d5c7d17833c7fc55109ca1474dffec7b44aee7,NEU_001,Permira - Neuraxpharm - Forecasting Optimisation,2024-06-03,2024-07-15,Client Project,COMPLETE,JMG122,JMD94,FCD4E105-C01A-4C15-959E-5D7D3DB59FB2,Analytical Engineering,Value Creation,1,given,,,1.0
6e151096b9699b6c55121b965e0afd2cc742e0433708523aa618eafe3dfeda93,NTS_002,DeVero Forms Development,2020-01-01,2020-12-31,Client Project,COMPLETE,JMD160,JML56,11E011AC-D864-49EA-85CD-38A219CB55C6,,,1,given,,,3.0
1039ba481a16d61ce2ef970d5f8338cdbb314b7b489c6b64a7f196a662bd9538,GNT_002,Gen II - Reporting Quick Wins Design & Discovery,2025-01-27,2025-03-02,Client Project,COMPLETE,JMG81,JMD370,369E080B-7B46-47FB-BFD0-FE822EB363A7,Data Engineering;BI and Reporting,Data Advisory,1,given,,,3.0
992c0b25aa65fddb991011eb9075e574f8606d3a198efcecbdb290f634f5ae63,CNC_008,Cinch,2022-01-03,2022-01-31,Client Project,COMPLETE,JMD160,JMD160,E6ED099A-E034-473D-A237-92B0C8A6EADF,,,1,given,,,4.0
921360990fea959768bbfdb108c53a6de1773086f642e06f4893cd910f55253b,CTG_002,CBPE - Centralis - In house BI support,2023-08-14,2023-10-31,Client Project,COMPLETE,JMG117,JMD144,2F4EDD73-07BF-402F-8944-2316A7D9A444,,Core Reporting,1,given,,,2.0
150b4a3b4fedeefdeb3da75ad9769f9d7e848bb216c28592a1915c57528fa4af,JMG_098,Delivery Management Team,2022-06-20,2022-12-31,Internal Project,COMPLETE,JMD1,JMD162,EDB6A9A7-5102-45E7-9BE3-A7F958716C2F,,,1,given,,,
e5379057aeb7a5ab8245e2308db72e312c4b4ba460fd47d814bc6db6f005aad1,NAI_006,NAI - Managed Service Agreement,2026-05-18,2026-08-10,Managed Services,DEAL WON,JMD258,JMD233,C95FC561-B3EE-4DCC-901E-ED9CD4389D6C,Data Engineering;BI and Reporting,Managed Service,1,given,,,
ac67127bd7258922f93f8b3142264b0aab90d9a07c51ca011023d7c1beda4f66,URB_003,BAU Phase 2 ,2023-01-02,2023-03-31,Client Project,COMPLETE,JMD16,JMD16,537AE83E-2265-47B9-80F8-98900B13B716,,,1,given,,,2.0
749a197dc71eb64b3c139532d76f6cabb9a682e54ff00d6bdb81be93e8b05c99,BOT_002,Guna Int - Bootstrappers (RR/YS),2024-01-02,2024-12-31,Client Project,COMPLETE,JMD8,JMD123,B705808C-497C-467B-A9A3-AA2C7044FEE4,,Managed Services,1,given,,,2.0
3edd825fffddbe594e95e3ae16d29038ded924eee9fea71daf10d634f3bd3aab,LOW_006,Perwyn - Lowe - Continued Exit Prep,2025-03-25,2025-04-08,Client Project,COMPLETE,JMG29,JMD141,5B2E59CB-5FFE-4024-A372-A4600861A984,Consulting,Exit Support,1,given,,,1.0
b91011cd8c692e65778776535aba880e24bde18b815cf2e73aecbb016340035c,BAU_014,Finance & Accounts,2019-02-01,2025-12-31,BAU Activity,COMPLETE,JMG11,JMG11,EDB6A9A7-5102-45E7-9BE3-A7F958716C2F,,,1,given,,,
8acc67fec07f02685df2dc85856fae3ee8cbcc32b43e70d45425c466cd9779b9,ANG_001,Sun Capital - Anderson Global - Phase 1 D&D (TW/FC),2026-08-17,2026-09-14,Client Project,DEAL WON,JMU014,JMD77,68D8C23B-CA81-4A05-B7F2-97426880536C,Consulting,Data Advisory,1,given,,,4.0
8092ae982d2f73b9874e4b0a912c62d8f3c14802fd038d06568b7e0971127c22,MIT_003,Searchlight - Mitel - Unify Acquisition Support (BL/VA),2023-06-05,2023-06-16,Client Project,COMPLETE,JMG51,JMD42,FA52DD8B-17B4-4CA3-93C7-DBCB361C38EE,,,1,given,,,3.0
7ba3dbfccc5658dac2fd3179b7b64a7b83deb5cc41001355bde4d62fb17fa706,OVE_004,ERP Reporting,2023-02-01,2023-05-12,Client Project,COMPLETE,JMG52,JMD20,65B2BCEF-3902-47B3-A936-9A7F03852410,,,1,given,,,1.0
23c47fdfb0466ac4735d6f5e413b50e74ddf51c296d0f662b4ed6b12a71d3e83,HGC_054,Hg Capital - DD Support (NM) 2/2,2023-08-09,2023-08-23,Client Project,COMPLETE,JMG69,JMG53,EE649EF4-C803-4F9C-A7AA-110D5BBB256E,,Due Diligence,1,given,,,1.0
f7085502579844aaa5c6fb77ce96db4bb20c5e5bb2ef5293098b548315cb3dd3,CIP_001,Insight - CivicPlus - Week 0 Scoping (TW/MS/VK),2024-10-03,2025-03-09,Client Project,COMPLETE,JMG114,JMG114,951EF888-BA80-447A-8646-69007C340272,BI and Reporting,Value Creation,1,given,,,3.0
2caf37d1bca251e1e2cbbcb55331814f2c235f929b297414ee006bed5017b02b,SOV_006,Revenue Dashboard Data Engineering Support,2022-02-21,2022-03-31,Client Project,COMPLETE,JMD41,JMD41,F984AAE7-6BC9-4D69-8125-763CEE1196B5,,Managed Services,1,given,,,1.0
709547dd1af90c3461e1263cd8938d3645ab3ea2ad71f5ef92e75d5fb7115185,RDG_004,Horizon - Ridge - Phase 3 DTaaS,2025-09-22,2025-11-14,Client Project,COMPLETE,JMG97,JMD180,C61666D9-4AB2-4623-95E1-E828C5352219,BI and Reporting;Data Engineering,Core Reporting,1,given,,,4.0
5c820f5256863d72439e636fb4da617d2368f1cf0a5fca1357c53e8679bb230d,PSC_026,Western Sussex MTFP,2019-10-31,2019-12-25,Client Project,COMPLETE,JML-008,JML-008,88B6B8E6-EF36-4337-80D6-8986EB36FAC7,,,1,given,,,2.0
a6ca59973b4bc4d527833dcdf165f68eb8934fc5739d42bbe199da9deb860158,TSP_001,Initial scoping phase,2022-10-31,2022-11-18,Client Project,COMPLETE,JMG31,JMD20,908EF2AF-4996-4835-9F1F-C598F097DC27,,,1,given,,,2.0
35f8b8ee30b4cd98693abff4bfe21ac47b2be1f235f723ff8d930a6bd32a46c0,JMG_220,Taas Automation - JQAA,2024-08-01,2024-12-31,Internal Project,COMPLETE,JMD16,JMD16,45AC9AD7-51C9-4C2D-AB89-ADEA174B2771,,,1,given,,,
9a38ff2af6e1795e34b79f2e125258d72eb2f4ae2266456ced80dff76d8372ac,ENL_002,Knox Lane - Elevation Labs - Data & AI Platform and Core Reporting Build,2026-03-02,2026-06-22,Client Project,COMPLETE,JMU003,JMD257,2D334B84-1809-448A-AFED-3C1407EEB354,Data Engineering;Gen AI,Value Creation,1,given,2026-07-25,,3.0
56f68c16ead2fa44882a56a947099fb3f5042c7a53ab1be33ecaecac5cfa090b,SHG_005,Apiary - Shaw Gibbs - Enhancements,2025-08-11,2025-11-28,Client Project,COMPLETE,JMG64,JMD257,B7987B36-84C0-42F5-BE32-E79567278582,BI and Reporting;Data Engineering,Core Reporting,1,given,2026-01-02,,4.0
ba1cf593148455ecdb701e913ab908a6b9611cedb6a428149f5fd23154dd7b1c,IRI_001,Snowball Analysis Rollout,2020-11-16,2021-02-28,Client Project,COMPLETE,JML-038,JML-038,C8496A79-EC52-4B84-875C-972B867B5CA6,,,1,given,,,1.0
0677d6c570c8ac73d7c9ec4f10954b064260b94ede9c5f1dc303409711ab2ee3,KSY_009,Insight - Kaseya - Data Products Pod 5 (AI Account Investigator D&D),2026-06-29,2026-07-20,Client Project,COMPLETE,JMG133,JMD272,2B0A8598-3C73-4209-A636-E544FFBCF854,Consulting;Data Science & ML,Value Creation,1,given,2026-09-11,,3.0
61fb1db82b26e9fc243704e60c8e5654c35e3491e6dfc0449464bf4fe418e6cc,MSG_021,Perwyn - Miss Group - BDO Audit Support (CP/NM),2024-12-09,2025-02-21,Client Project,COMPLETE,JMG129,JMD157,2D143C29-D66C-4CD2-BB0D-1800CC18F116,Data Engineering,Core Reporting,1,given,,,1.0
696ed8eb274d5b472e7d7fbb484b5b84bec736630f27ec59da990d802f54fa23,SVT_011,Searchlight - Survitec - SKU Rationalisation Analysis,2024-01-02,2024-02-06,Client Project,COMPLETE,JMG156,JMG156,06667D0C-DFA2-4925-A6B2-CEE326A4E4D7,,Core Reporting,1,given,,,3.0
a02e3185d2b41d3e81046ece96a7a48f96b9b38c654419b0981a94a14f541dca,MAE_002,Tableau Development,2021-05-24,2021-06-24,Client Project,COMPLETE,JMG29,JMG29,3378DF6E-B138-4292-97A5-E291C9EFD291,,,1,given,,,
5eb670fa9d68e5a02ab3de176c07bf8b5ccc7cd44698f87c96ef35a0cb3919a9,JMG_035,JMAN Group MI App,2021-07-05,2021-10-29,Internal Project,COMPLETE,JMG51,JMD98,EDB6A9A7-5102-45E7-9BE3-A7F958716C2F,,,1,given,,,
7baf6781b63100d2311dcdd370aeba546e4812413840925d3eda34474ffd28ff,ALA_003,Project Jaws,2019-05-15,2019-05-31,Client Project,COMPLETE,JMG15,JMG15,2F3480E2-BF0C-49D0-BE00-3D760C18A37D,,,1,given,,,
f4d6c77d174b2be8e6a87120fe676b6d3461bf2dfc405bd06530e7aa649aad8e,CLN_026,OLS Reporting (EXT),2023-03-13,2023-03-31,Client Project,COMPLETE,JMG105,JMG105,CBE4E752-7D89-485F-8768-BE5DBF9C1F6C,,,1,given,,,4.0
947c727fd7368fc7ca1e6cc370f741ee43abcec9fcc123c51d040137431307b0,SIS_003,Nordic Capital - Surgical Information Systems - Data Cleaning Work,2024-10-07,2024-11-03,Client Project,COMPLETE,JMG217,JMD42,F6FB1F9C-8FCE-45BC-A908-E4C6DE7D160B,Data Engineering,Core Reporting,1,given,,,1.0
47432bde3409a79a7f1201da4ac95feeabd3c97e368cdfd48fd477bbffbf8589,AIR_001,Data Platform Build - Phase 1,2023-07-31,2023-08-21,Client Project,COMPLETE,JMG87,JMD42,2F995C34-5914-473B-A640-D7A460522B09,,,1,given,,,1.0
c517550eb9774dc5ad284c693969be589ac4c2daf9845743a80d7ea7b5735537,BAU_015,Learning & Development,2020-06-01,2022-12-31,BAU Activity,COMPLETE,JMD21,JMD21,EDB6A9A7-5102-45E7-9BE3-A7F958716C2F,,,1,given,,,
b659ee336d7ed48958dfc595407061bb21909b22af89106528da27f0d1ee890c,SFR_002,Saffery - Exit tool Build,2026-08-31,2026-11-23,Client Project,PROPOSE,JMG354,JMD383,038B8D71-15BF-4A16-BD49-5E6AC59660FC,NOT_MAPPED,Exit Support,1,given,,,4.0
5cd8c02cbe309a9860006617c809e3ef4136a01e7be1abd749359b70c08a3829,MTF_001,Unit economics,2020-05-25,2020-11-30,Client Project,COMPLETE,JMG29,JMG29,B30CB546-7FD4-490E-942C-04CA6715F028,,,1,given,,,
c522b64177b96f0452e4275e23f096493b479b02bef9e6902b9d774193cb089a,SAU_001,Oakley Capital - Steer Automotive  - Data & Reporting,2026-08-17,2026-09-07,Client Project,PROPOSE,JMG124,JMG124,C0A2136D-C04E-4E57-989D-03D3DCDFCCCD,BI and Reporting;Consulting;Data Engineering,Data Advisory,1,given,,,1.0
ab3bed82317ebb47ba1808bb0694693ac4fd45f9a6981d761357e1d83c0706e6,NKD_001,Expansion Tool Phase II,2020-07-28,2020-10-30,Client Project,COMPLETE,JMG22,JMG22,DE613E89-5536-4F17-9E33-712354E830C6,,,1,given,,,1.0
b089d0592f6c1cce5fcdb6aef47c2c8ca7840c73885ec28b663d4b93b74816d4,GFP_002,Guardian Fire Protection Services - DWH Build + P&V Reporting,2024-07-17,2024-10-29,Client Project,COMPLETE,JMG114,JMD173,18BEADF3-4092-4A91-B73F-154A649BC563,Data Engineering,Core Reporting,1,given,,,3.0
e0dc9fd95fc9f1fda7c8364b0ae58bc539fa85c0fb6924c9672570f1b30e9c99,JMG_230,IT Infra,2024-09-02,2030-10-31,Internal Project,ACTIVE,JMD257,JMD257,45AC9AD7-51C9-4C2D-AB89-ADEA174B2771,,,1,given,,,
15f540b9d897b3a50479bbf826c64558621252ea28ba7fc24fd9bbe66bdf6c47,LBR_005,ICG-Law Business Research - Managed Service,2026-03-01,2026-08-31,Managed Services,ACTIVE,JMG72,JMD243,74F92EC5-5DDC-4E7D-B31A-0F0902B4A62F,TechOps and Automation,Managed Service,1,given,2026-12-31,,2.0
96f26ce962c7ce856c5d2b720da2dabf3139ed2e25eb3c9ea130b588fd24c99d,ASZ_005,AstraZeneca - Data Project Management,2024-04-08,2024-12-31,Client Project,COMPLETE,JMG29,JMG29,24C94574-43FF-4682-A338-263B0FBF906B,,Core Reporting,1,given,,,1.0
47951c26e4d9be9ed73819117cdbe8d97dd9aca25311f1152cbe0dcca7e49d35,OCO_001,Inflexion - Ocorian - Data & Reporting Platform (Scope phase) (FS/YM),2024-09-23,2024-10-28,Client Project,COMPLETE,JMG236,JMD31,F419A4DB-8641-406D-83DC-C985EC14B44D,Data Engineering;Full Stack Engineering,Core Reporting,1,given,,,2.0
ed70f588197135f9cd6cb9b07975602556019b93fd0feb16efaf1cfccffac96d,PIA_002,Baltisse - PIA Group - Client Tool Build Phase,2026-06-15,2026-09-07,Client Project,SOW PENDING SIGNATURE,JMG72,JMD128,0CA65AED-40E2-4976-BEA8-8A6901805124,BI and Reporting;Consulting;Data Engineering,Exit Support,1,given,2026-10-02,,2.0
f3ef9578f018143544c9f25dbb8938e63e6cf5d1b84efac6b4440ab69f6960db,BAU_016,Learning & Development,2019-02-01,2019-12-31,BAU Activity,COMPLETE,JMD21,JMD21,EDB6A9A7-5102-45E7-9BE3-A7F958716C2F,,,1,given,,,
75eb3aa67af4669848374dc65b8d4f52043be969e0503824c49b432d6531da6c,HGC_038,Data Team Secondment 2,2022-07-19,2023-01-31,Client Project,COMPLETE,JMG29,JMG29,EE649EF4-C803-4F9C-A7AA-110D5BBB256E,,,1,given,,,1.0
480ed2669e55635109fdb677485557db0eb6604e8973ffdd123e72b476b57b03,NEU_005,Permira - Neuraxpharm - Change of SAP Connection,2025-04-21,2025-05-05,Client Project,COMPLETE,JMG217,JMD173,FCD4E105-C01A-4C15-959E-5D7D3DB59FB2,Data Engineering,Value Creation,1,given,,,1.0
c46be4b49ebb39ac036c048f8bd7e7d2653d8d8c56fe2ba6ea0cc48b808597c5,AFM_001,Insight Partners - A Place For Mom - Data Assessment,2025-03-09,2025-04-03,Client Project,COMPLETE,JMG59,JMD41,C0008667-9222-4F60-8E34-7C89B1C14360,BI and Reporting,Data Advisory,1,given,,,3.0
ee8a18cc9ceeb0da988f69a0e72716625f94a8d0f29c3ff93a889f9942baa969,SEG_001,Segro Data Platform Review,2019-05-17,2019-09-30,Client Project,COMPLETE,JMG10,JMG10,2A8783B2-5AE0-4378-B753-DA2CAA7DCE88,,,1,given,,,
25debcd6f82c58da0a0197fa772ca21e9f68146faabb1ff083cf5e9903574830,BGR_003,Sovereign - Bioscript - Customer Cube Dashboard Finalise & Roll Out,2025-09-29,2025-10-12,Client Project,COMPLETE,JMG188,JMD149,8D25DB9D-4BDA-4E96-9C6C-79E913444673,BI and Reporting,Core Reporting,1,given,,,2.0
712cea092862da93cc21b0121e3cb1d80e6981b4cafc07d58dbb591f12816497,WIT_003,Automated Board Reporting,2023-02-20,2023-08-11,Client Project,COMPLETE,JMG49,JMG49,BD5939CE-0970-4DB4-98B7-BF77E8588207,,Core Reporting,1,given,,,2.0
c16c63ceb15f0ceb8d50aba7ae5d246ceac79732309369aa909efb529e57dcf5,GRL_001,Mayfair - Garolla - Data/BI (TP),2023-04-24,2023-05-16,Client Project,COMPLETE,JMG51,JMG51,BCD3BFE8-4764-4BE4-A05A-8C81DD74CAB8,,,1,given,,,1.0
48ebcc6407b4b464cb32d529008f38514d0ee4bf23b5f386cc1b8ed5e4de7a5d,CRO_005,Croft - scraping and revenue matching,2023-05-15,2023-06-06,Client Project,COMPLETE,JMG113,JMD19,F4BA24D1-2156-4207-AB4C-E4C8AC271BEE,,,1,given,,,1.0
c2220dfab23c7dc4e7cf13cf4802caeb75e6940719b536f6147504920c7ce83f,CHV_009,Triton - Chevron TM - DSO Reporting,2025-02-10,2025-02-23,Managed Services,COMPLETE,JMG77,JMD205,783F433D-70FA-417F-AA42-8D5833AED390,BI and Reporting,Core Reporting,1,given,,,4.0
4e7548dd9e43ed0a500c29ff4687ef188e35b32f2a5658e87115bd425c289623,JMG_207,JMAN Group - Capacity Cube (Jeni),2024-07-08,2024-08-19,Client Project,COMPLETE,JMD12,JMD12,45AC9AD7-51C9-4C2D-AB89-ADEA174B2771,Software Development and LLMs;Gen AI,Other,1,given,,,
844777b3793eeb233df8257e64e12079edc94d294a65be65202c48502729ef79,CMB_004,Cambi PWA_001,2022-02-04,2022-02-18,Client Project,COMPLETE,JMD160,JMD160,34F71759-ED1F-49D0-A637-2EA15C30A0FA,,,1,given,,,1.0
ec82094ac025918f7d4269a04545ffd558fbaa338c6c1928e4ab4142bacf32cc,JMG_272,JMAN-Product Snowflake Starter Kit,2026-05-21,2026-12-31,Internal Project,ACTIVE,JMD118,JMD213,45AC9AD7-51C9-4C2D-AB89-ADEA174B2771,,,1,given,,,
644af7723177c5c2cc9150656c7f41651fa13bab227dcf66fbae6e02fc8056c2,NEG_009,Synova - NEG - ARR Dashboard Modifications (MS),2024-03-20,2024-03-26,Client Project,COMPLETE,JMG129,JMD226,CC0B7B33-C73A-417A-AAC9-219778FC86B8,,Data and Reporting,1,given,,,2.0
2a56e9ea0aa1f7a53e619022e1f1f395671d74b4c446adbf4e0bc8ce6af9a9ca,WVN_005,Macquarie - Wavenet - Infrastructure Phase 1 (JC/MS/VK),2024-05-13,2024-07-12,Client Project,COMPLETE,JMG51,JMD256,1F95B689-B6AC-4A18-8C04-3D0D26213AA8,Data Engineering,Core Reporting,1,given,,,3.0
95ddeb6ad0e51ef99a02f8096596a368f821934e5f75cca8974aeb03b65b6891,ZEN_005,Permira - Zendesk - Additional Price Increase Support,2023-10-23,2023-11-03,Client Project,COMPLETE,JMG31,JMG31,CA5C9C60-65A9-4344-AB08-1931F832DD1E,,Value Creation,1,given,,,3.0
555add2d673be6ac8c83ce8caa839d1b9c5a780f4593615167e227b14c9bc8c6,ILT_001,Baird GIB - Project LUMINA - Exit Refresh (JT / KW / LG ) ,2025-10-22,2025-11-21,Client Project,COMPLETE,JMG150,JMD31,A4904BBF-71F0-422E-94C6-9B1486D18047,Data Engineering;BI and Reporting,Exit Support,1,given,,,1.0
91f04e98e84cd31055cdc7ecc1b4a9e3ebfad76e132847a611284e056efed0bc,NXN_005,Pricoa - Nixon Hire - Exit Prep Workstream,2026-01-12,2026-07-06,Client Project,COMPLETE,JMG315,JMD232,AF91FB14-CB0C-4238-9EBA-4AA4814BD089,BI and Reporting,Exit Support,1,given,2026-07-17,,2.0
4e7202010edbfc8e94dcb80072a9f01e60e595e171502bd77eb3965ff917d1db,GNT_006,Baird - Gen II - Data Analyst Secondment (TC / AW / KW),2025-07-28,2025-08-17,Client Project,COMPLETE,JMG150,JMG190,369E080B-7B46-47FB-BFD0-FE822EB363A7,Data Engineering;BI and Reporting,Core Reporting,1,given,,,3.0
9283dfd27084302a079b2752f617b0dbe40772098a50bde3632688441dc672ed,STR_004,Baird Capital - STR - DWH Ongoing Maintenance (CF/VK/LD),2024-01-02,2024-12-31,Managed Services,COMPLETE,JMG159,JMD227,13D12A91-709D-430B-A3E9-8C9DE0161526,Data Engineering,Managed Services,1,given,,,2.0
bcfe758334df4d5dd7fa8f0f211eb1b5cfea333a56c2ae7a8a7bf573bcc7e579,LGC_004,Standards & Genomics Architecture,2021-01-27,2021-03-11,Client Project,COMPLETE,JML-005,JML-005,AF08DE99-873B-4EF4-8D4A-50CFCEF39CBA,,,1,given,,,
1cc6169a8f3d178fb1a016841d0676addf2dedcbbce8ecd8d51187b9ac099964,CNC_013,Cinch,2022-06-01,2022-06-30,Client Project,COMPLETE,JMD160,JMD93,E6ED099A-E034-473D-A237-92B0C8A6EADF,,,1,given,,,4.0
8ec6ac3ffc60e33c8a87f4361c7b685aa9c6089b40e766e1a751da30e4106ec2,WGN_001,Perwyn - WGNSTAR - Board Report MI Uplift (TW/SP),2024-01-08,2024-03-29,Client Project,COMPLETE,JMG149,JMD42,15AC0768-166E-4959-9493-A8B3B2E629FD,,Core Reporting,1,given,,,1.0
d7bc948ab30a8edba076965e86203517cf6f8427b6e29d0df6386c08a2758b22,WVN_007,Macquarie - Wavenet - Data Cube Follow On,2024-07-29,2024-08-05,Client Project,COMPLETE,JMG51,JMD141,1F95B689-B6AC-4A18-8C04-3D0D26213AA8,Analytical Engineering,Core Reporting,1,given,,,3.0
09e71d5be6842df3fd3fa153d616a58ae7bd78102561111387524351819670f0,THN_001,Intrinsic baseline growth ,2023-09-01,2023-09-08,Client Project,COMPLETE,JMG72,JMG72,072BB949-5437-43C5-9578-4F9109B90788,,Core Reporting,1,given,,,3.0
3c90277652917dd58597ddef0057aa2de4dfd6d25e1d56963930bf72ac6a4552,PNH_005,Kartesia DE - PlanetHome - Broker Cohort Analysis Dashboard - Development and Build,2025-01-27,2025-03-02,Client Project,COMPLETE,JMG217,JMD140,41547C3F-28A6-4E22-8EBD-A014D1DA28E5,Consulting;Data Engineering,Value Creation,1,given,,,1.0
ae254b8fcf778119999669d0cb91719e818459c87ed949236fa6807b8037447e,FIR_007,FireTree EM 2022 Q2,2022-04-01,2022-06-30,Client Project,COMPLETE,JMD160,JMD59,A13DC602-1FC1-4D39-B2AF-D0F1E4D8767C,,,1,given,,,2.0
803e0f618173c8a8f47b4a1bec441b1cbd010d2f003d7c992b404fd600c6e462,BDC_002,Baird Capital - Internal Reporting - Managed Service (FS/SR),2024-06-09,2026-08-31,Managed Services,ACTIVE,JMG86,JMD243,DFFA3EF0-FCD2-49CA-A6AD-D632D1E7CF21,Analytical Engineering,Managed Services,1,given,2026-07-31,,2.0
3cd3cb6b3303699c6f64faecbb339fc05d52607826e5ac66093f60f96a53cc5e,MSG_017,Perwyn - Miss Group Maintenance (NM/SP) (Jan),2023-12-31,2026-08-31,Managed Services,COMPLETE,JMG87,JMD243,2D143C29-D66C-4CD2-BB0D-1800CC18F116,Data Engineering,Managed Services,1,given,2026-08-31,,1.0
773a5b49b28be4a6e15c86454ed06f8e247c564e685054afd6fb6133d57da992,HGC_043,Deal Origination Tool - Maintenance,2021-02-01,2022-12-30,Client Project,COMPLETE,JMG22,JMD41,EE649EF4-C803-4F9C-A7AA-110D5BBB256E,,,1,given,,,1.0
64facaa0d237680b0e5c42ee97d6b145f1e18cf1819a4500c83b17fc8128f61c,JMG_043,Sales- Project Wheelhouse- value not volume on materials,2022-03-14,2022-06-10,Internal Project,COMPLETE,JMG42,JMD3,EDB6A9A7-5102-45E7-9BE3-A7F958716C2F,,,1,given,,,
fb4383bbd0de1ebd49a49229eb5bf3bbafb80c6c0131fc1bd4b170b5dd94ca42,BFT_002,Beaufort Simfoni Automation & Singapore Integration D&D,2026-07-20,2026-08-12,Client Project,COMPLETE,JMG408,JMD189,E07E4852-1D58-4B72-8032-A77B573135CD,Data Engineering;TechOps and Automation,Managed Service,1,given,,,3.0
1b14a23ad2fed2118f238229f9df3170775de9336d38e5aa0afa2deb29d6dedf,PHN_003,Oakley Cap - Phenna - Customer Reporting Enhancements (JT / TB / AB / SL),2026-05-11,2026-08-31,Client Project,ACTIVE,JMG98,JMD132,292F23F2-DBB2-4181-B2D7-57D6C405416E,Data Engineering;BI and Reporting,Core Reporting,1,given,,,1.0
88906d29e58de96494b1f28969f966faad6fa995dc9acadff28b3b46f5d51b29,WVN_002,Macquarie - Wavenet - Data Cube Support - Phase 1 (MS/MC),2023-11-13,2024-02-02,Client Project,COMPLETE,JMG51,JMD77,1F95B689-B6AC-4A18-8C04-3D0D26213AA8,,Core Reporting,1,given,,,3.0
25936e23d2f6160ca65535bbf6e1f6661ca9249367271055a0b57708b52da673,BAU_017,JMAN Group Vision & 3 Year Strategy,2020-10-01,2023-12-31,BAU Activity,COMPLETE,JMG29,JMD42,EDB6A9A7-5102-45E7-9BE3-A7F958716C2F,,,1,given,,,
3ea49d9b2eea6a435dca49a52c89b182d12cd13721d3a7742225b7682c730332,CIT_004,Project Alter - Cross-Sell Analysis,2021-11-15,2021-11-26,Client Project,COMPLETE,JML-034,JML-034,766C0C98-E15A-4D17-ACD0-01447E03F822,,,1,given,,,1.0
50d99f8825d2b2dbfed54a8dd210485140f315b104f4fa1d649762dfeaa18648,THO_006,"THORtal Upgrades, 2019",2019-04-24,2019-11-30,Client Project,COMPLETE,JMD97,JMD97,C396D527-0F25-41D6-87CC-015440EAD08C,,,1,given,,,2.0
69923636645fed70867f82b5ecf97f6fccf1e2fdf9492d88db275c7164485880,URB_006,Guna Intl - Urban SDK - QA Phase 6 (AD/YS/AG),2023-10-01,2023-12-31,Client Project,COMPLETE,JMD16,JMD16,537AE83E-2265-47B9-80F8-98900B13B716,,Managed Services,1,given,,,2.0
984dd66886bfeab3328d8854b85bd66437dd5cdebdb6f258253c79c19b5979c1,null_001,Project Falcon,2025-04-07,2025-04-25,Client Project,COMPLETE,JMG24,JMG69,3E14E5F9-63A9-4DDC-94CD-0333C9AE3539,BI and Reporting,Exit Support,1,given,,,4.0
95e56ec4991e3627edd93f53e46b29fa5d9b4dc0871e2d480bdb71a963692582,JMG_028,Scheduler,2020-04-20,2020-07-15,Internal Project,COMPLETE,JMD97,JMD97,EDB6A9A7-5102-45E7-9BE3-A7F958716C2F,,,1,given,,,
d090bad9209acac0412977144bbcefc8d4af467e5d4fa3b0f23dcba925885c51,NRS_001,Graphite - NRS Healthcare - DW Build [Discovery Phase] (FS/PG/JCG/SP),2024-02-26,2024-03-15,Client Project,COMPLETE,JMG122,JMD3,374F080F-3EFB-4648-9921-15C411BAB420,Data Engineering,Core Reporting,1,given,,,2.0
59ca34df32a209a245c535dea612a2981aea528a852d6df435c02df8bd1065bd,PSC_010,PSC NHSX Business Case Support,2021-06-06,2021-07-23,Client Project,COMPLETE,JMG15,JMG15,88B6B8E6-EF36-4337-80D6-8986EB36FAC7,,,1,given,,,2.0
7bad8465b4ca59a32be1cf87a5bfea7fb305d708f8a5de0e30cbcac6c0e4806b,WVN_009,Macquarie - DCS (Wavenet) May25 Refresh,2025-04-28,2025-05-16,Client Project,COMPLETE,JMG51,JMD93,1F95B689-B6AC-4A18-8C04-3D0D26213AA8,BI and Reporting,Exit Support,1,given,,,3.0
81c3c88e78217e3c4dd80dd52ed3cd4ff21c3c4aa4dc956ad965b5c74cd9731c,HGC_017,Project Rapid Data,2021-09-06,2021-09-24,Client Project,COMPLETE,JMG22,JMG22,EE649EF4-C803-4F9C-A7AA-110D5BBB256E,,,1,given,,,1.0
7352205020983f7cbf3fc9fe945906bdeb9bd16aa722951604fbad4b5dc36047,JMG_124,Sustainability- Roll out the client and supplier sustainability assessment,2022-07-05,2022-08-12,Internal Project,COMPLETE,JMG29,JMG29,EDB6A9A7-5102-45E7-9BE3-A7F958716C2F,,,1,given,,,
499375b5fa79254e366896502b3c69417cbdc09ee904994743223279a3edc00b,INV_001,Invest Industrial - CDD - Whitespace,2024-07-08,2024-07-22,Client Project,COMPLETE,JMG81,JMD5,C01F216B-EE26-4DBF-A1E8-663A8AAF601C,Data Science;Data Engineering;Analytical Engineering,PE Services,1,given,,,1.0
241bbf41de5414ca9087c12fe3bc93db2ba24d8e71ba43a41a4dc49e61d4afda,WHA_003,TPG - WHK - Ad-hoc Platform Augmentation - New Source System,2026-02-09,2026-02-23,Client Project,DEAL WON,JMG128,JMD173,240EC723-FF20-4267-86C3-3F74B8E898DC,Full Stack Engineering,Core Reporting,1,given,,,4.0
dc84f4686e487474090c04ebdb340df708f5b02e6bb4b8237b5087fb3e491097,HGC_023,Project Lighthouse,2021-11-05,2021-11-11,Client Project,COMPLETE,JMG22,JMG22,EE649EF4-C803-4F9C-A7AA-110D5BBB256E,,,1,given,,,1.0
3a4bd1c4e03216afaca8bf32f17c1637ee40f786fba4aa46dfbf0744983ca82c,JAG_003,Jaggaer Revenue Reporting,2021-01-18,2021-03-22,Client Project,COMPLETE,JMG22,JMG22,AC01872E-7DDC-4613-9962-C52DCBECDDF6,,,1,given,,,3.0
8a02c6dfcd4f65e4bfbf7f12c5f46c0f4f3fdc3de90208b2d5e628ae0c766e0c,ABC_001,Livingbridge - Absolute Collagen - Operational & Exit Reporting Phase 1 (EA/YM),2024-09-08,2024-12-14,Client Project,COMPLETE,JMG219,JMD123,111EC543-4112-468E-9E4D-899A968CB5B0,Consulting,Core Reporting,1,given,,,2.0
c54329bae4a1fb6493722d15bf68bdd1ebea258786471094670e0da4dfa12bd0,ASR_001,Oakley Capital - ADP - ARR Bridge Feasibility Assessment (JT / AB / LG / KW),2025-03-17,2025-04-04,Client Project,COMPLETE,JMG29,JMD42,8F38CF10-650F-4420-89C2-00AEC961BE58,BI and Reporting;Consulting;Data Engineering,Core Reporting,1,given,,,1.0
aee181c1641f004d19345de75a59ae4f4b363ff48f1354003d441f36ec5ed7d6,RTC_003,H2E - RAM Tracking - MI Reporting Extension (JC/JT/VK),2023-11-22,2023-12-18,Client Project,COMPLETE,JMG188,JMD148,4EE29C6C-E77E-4B0A-A014-5EE360F71D29,,Exit Support,1,given,,,1.0
7074942e9cd992c5b80285a0b78e5a26d2717dc321b80e2585d35b23d9167ff0,NLD_002,Nalanda - Once For All - KNIME Refresh (BL/PG),2025-07-07,2025-09-19,Client Project,COMPLETE,JMG82,JMG82,2DBC8C19-DC8C-4A95-A4B9-090DF0148CD3,BI and Reporting,Core Reporting,1,given,,,1.0
0ece1a4e1754a1ab3b54df60006b2508a2c76f226788cd5c488fb2de95ab8083,CNC_001,Cinch,2019-11-01,2021-01-01,Client Project,COMPLETE,JMD74,,E6ED099A-E034-473D-A237-92B0C8A6EADF,,,1,given,,,4.0
b7048d30f45262c1ae9ad309b56245830e769f4bf4085b6798b84d920c0be0fe,GLG_003,TCP ITT Phase 1,2018-12-01,2019-04-04,Client Project,COMPLETE,JMG15,,E5D86489-B7DA-46C0-AF7D-34143CA229A2,,,1,given,,,
be50826b4cfcd6d7a7e589082ed0df12cf9de2ee622371924bcd5ea0bfc85ceb,AGL_003,August - Agilio - Snowball refresh (JT/TB),2023-04-24,2023-07-14,Client Project,COMPLETE,JMG69,JMD20,9CDD31D9-6DA8-41AF-AF91-B0F3B5B05AD3,,,1,given,,,1.0
25eff5a3b137aae42b2ec05f4ec8633b62cfded332f28f5b158c960db26869f1,AND_001,Andwis - Design & Discovery,2025-11-10,2025-12-07,Client Project,COMPLETE,JMG222,JMD94,7CE95475-03A9-4164-AF73-DE5D18D5FB39,Data Engineering,Core Reporting,1,given,,,3.0
a730602984ca4c787d9b5934871e2c1eb44a4d4e3d7b2875cb558926d468c67c,BGR_004,Sovereign - Bioscript - Margin & Pricing Cube Build (JC),2025-12-08,2026-02-27,Client Project,COMPLETE,JMG51,JMD180,8D25DB9D-4BDA-4E96-9C6C-79E913444673,Data Engineering;BI and Reporting,Core Reporting,1,given,2026-03-20,,2.0
df20d0787033890c81e426b73e29e351755bd9f97bf54ff5637c4cd80c9c55d1,JMG_160,JDW_Phase 2,2023-01-09,2023-03-31,Internal Project,COMPLETE,JMG105,JMD8,3A4B9733-496E-4579-9FCB-892E2A96B228,,,1,given,,,
fef030b6ef13e0648035349fe159f2f63cd00845ed509dc702da0d7b4de3f103,GCC_002,Project Belmont,2023-03-05,2023-03-31,Client Project,COMPLETE,JMG31,JMG31,E7B0400F-CBCC-4BE8-9573-F811A6B47A40,,,1,given,,,3.0
a9577140d4f52f683c607af81f85eba22ea0c566ed9ab9d24ebfbe60332c9ad5,HGC_025,Project Mercury,2021-12-02,2021-12-10,Client Project,COMPLETE,JMG53,JMG53,EE649EF4-C803-4F9C-A7AA-110D5BBB256E,,,1,given,,,1.0
6fad1ac6bde39d2cebaa266ce7067d254718324f481d7eadc7ff218cba998685,AAH_003,Aurelius - AAH - Gx Market Price Analytics,2025-05-06,2025-05-16,Client Project,COMPLETE,JMG302,JMG302,7E945F5F-92AE-4116-AB85-7753C8B65051,Data Science & ML,Value Creation,1,given,,,1.0
db4c34d82cd3a6b807f4ac2ca020d11e05fc6c985d5e60eddca410624de428ce,CNS_001,Triton - Colonis - NPD Research GenAI - PoC phase,2024-10-21,2024-12-15,Client Project,COMPLETE,JMG81,JMD166,A896F071-15E9-41EC-96FF-DF87FA70D19A,Gen AI,Value Creation,1,given,,,4.0
22354c7e0140dab0efb859ac95a96140e3b033e3e461b843aea6dd2bbc7ee9bc,JMG_095,Sustainability- Client and supplier sustainability assessment,2022-05-02,2022-06-24,Internal Project,COMPLETE,JMG29,JMG29,EDB6A9A7-5102-45E7-9BE3-A7F958716C2F,,,1,given,,,
273ce460802146b550dbb0738223fb9b3765ee4dffa5e63af463cfee2626f2a4,JMG_139,Global training inventory and expectations,2022-09-12,2022-12-23,Internal Project,COMPLETE,JMG15,JMG15,EDB6A9A7-5102-45E7-9BE3-A7F958716C2F,,,1,given,,,
3a7a1feb06890604f69b406bb35488d729186e94a33135251af8ced749a41376,OCP_006,Oakley Capital - ESG Reporting Implementation (AB / JT / SG),2026-01-05,2026-03-16,Client Project,COMPLETE,JMG98,JMD258,F96160CB-9CAA-455A-8B20-E2E563CCF353,Data Engineering;BI and Reporting,Core Reporting,1,given,2026-04-17,,1.0
2d99223e71536cc43f17816b764cc008b359aecc2adfd1042b7a2f45a9d2e993,KSY_006,Insight - Kaseya - Data Products Team 2 (Customer Tool),2026-04-20,2026-08-03,Client Project,ACTIVE,JMG86,JMD260,2B0A8598-3C73-4209-A636-E544FFBCF854,Data Engineering;BI and Reporting,Core Reporting,1,given,2026-12-25,,3.0
f029a367610f9b78340ed503637889ce645135bd5d51d6d248a2876e0da19844,HGC_053,Hg - DD bench (JT / NM),2023-06-12,2023-07-14,Client Project,COMPLETE,JMG69,JMG69,EE649EF4-C803-4F9C-A7AA-110D5BBB256E,,Core Reporting,1,given,,,1.0
5e6791e6c797e03dcabdc15b487508bb6a5be6efad4c56dcde04559880081746,GFP_004,Knox Lane - Guardian - API Data Ingestion,2025-02-14,2025-03-13,Client Project,COMPLETE,JMG181,JMD173,18BEADF3-4092-4A91-B73F-154A649BC563,BI and Reporting;Data Engineering,Core Reporting,1,given,,,3.0
8479c97b2ef0a57d84a8b0965d482e0670852251ec0062d21ccb4ac8f1f62bd8,WHG_003,Oakley Capital - WHG - Reporting Refresh (JT / AB / NK),2024-08-19,2024-09-30,Managed Services,COMPLETE,JMG98,JMD100,6954D968-FE23-47F6-92F3-F78E4F726760,Analytical Engineering,Core Reporting,1,given,,,1.0
65d8411b88758a484edb89f0e124e5e5e88ec44397496807b056eeead0c7b5a1,AZE_007,BR Financial Analyst Support,2021-02-10,2021-04-09,Client Project,COMPLETE,JMG24,JMG24,6619B410-1D13-498C-8A15-5FBE0E8987D1,,,1,given,,,4.0
a4b862d53c03d4dcb48c3ffcb615404f7140186c6230358439cb57f95eacdcb8,THO_001,Copy of Thortal extension(1),2020-04-29,2021-02-28,Client Project,COMPLETE,JMG42,JMG42,C396D527-0F25-41D6-87CC-015440EAD08C,,,1,given,,,2.0
6da183205d09a7ab975a1c20063fb8d49ed3c61f4da79aa3ece02cd47c804f6b,G3C_002,Oakley Capital - G3 - Platform & Customer Reporting Build,2026-05-18,2026-07-20,Client Project,COMPLETE,JMG149,JMD106,265E5F12-DFBE-431F-A795-9A29AD5BEB6B,BI and Reporting,Core Reporting,1,given,2026-08-02,,1.0
a2b2cf5120b6adb521d38b27e7f72fd6c88dbadbc13fdd96189ba9108da967d6,WDC_001,WC Pricing Analysis,2020-02-03,2020-08-31,Client Project,COMPLETE,JMG24,JMG24,BA9A80E3-DFA1-45D1-8440-5955274FEA1A,,,1,given,,,1.0
af892015f681e8aaa3cdec9e30bcb04c788176946f0afc1ee0e0ab03d5e58abc,WDC_006,Customer Insight & Experience Reporting,2021-06-24,2021-09-01,Client Project,COMPLETE,JML-034,JML-034,BA9A80E3-DFA1-45D1-8440-5955274FEA1A,,,1,given,,,1.0
12b124fa09a867c480575c55a90299c69ef260533e1a6316ce63c47d9417bdb2,SUT_002,Sovereign - Summit Group - Phase 2 Exit Reporting,2025-10-20,2026-01-23,Client Project,COMPLETE,JMG85,JMD16,84863A4A-819E-402E-B766-57D56D0E1BED,Data Engineering;TechOps and Automation;BI and Reporting,Exit Support,1,given,2026-02-13,,2.0
56db2d8e1e6337a99a99c40c6c8533c9ba5b98ac337ab8f725c304623edb0a5a,PFC_001,TPG - Project Goose - Design & Discovery,2025-12-11,2026-01-16,Client Project,COMPLETE,JMG344,JMD16,7FB009B2-3925-49CE-91CB-1F18FA20663D,BI and Reporting,Due Diligence,1,given,2026-04-24,,4.0
857c57483c640915990b434d56d320fa29fdbea872cf4beec3ccf7488a459426,VPS_004,PAI - VPS - SLM Cube refresh,2024-10-10,2024-10-11,Client Project,COMPLETE,JMG90,JMG90,4DDC6D71-D260-4489-9659-30FB4A52DBAA,BI and Reporting,Core Reporting,1,given,,,2.0
ce09a27cb3f35a85127d6ff9b53a3e67c60418d1feff3fc0d212295c3ac904ba,ONE_005,Hostnet CPA Dashboard,2021-06-14,2021-07-16,Client Project,COMPLETE,JMG31,JMD41,AC87B31A-212B-44B6-BA73-6677A4222D6E,,,1,given,,,2.0
5442f2687160321f6fbe7ffae46d37e58a0612c9cfa351af51c4da6f762425f9,RLD_004,FAPI - RLDatix ARR Bridge Reconciliation Extension (MS/CF),2023-02-22,2023-04-28,Client Project,COMPLETE,JMG44,JMG44,6FA65EF2-FAFC-432E-ADF3-4E4090AE887D,,,1,given,,,1.0
acbd5ae8540336bcc6145894f1ad303cad629a04aa4348960cf6321cb50eaddb,SAB_001,CVC Credit - Sabio - Exit Cube Design and Discovery,2026-03-23,2026-04-20,Client Project,COMPLETE,JMG364,JMD130,6D93E8C8-EEA2-4C6B-BC0D-A07F680BD4B6,Data Engineering,Exit Support,1,given,,,2.0
c540a30896a7b3c07830d6d92655429688a85fcfe0b4063e234ed4185b5ee08a,CIT_006,Hg - Citation - Engineering Support (CD/SI/NM),2023-08-14,2023-12-08,Client Project,COMPLETE,JMD3,JMD181,766C0C98-E15A-4D17-ACD0-01447E03F822,,Core Reporting,1,given,,,1.0
a649d631c6f5ac323f6ac2f6d8e55b720f51a6afe4b6301b4097f0ebb1e5785f,TBP_002,The Barton Partnership - MI assessment,2019-03-04,2019-03-22,Client Project,COMPLETE,JMG29,JMG29,2FBD753A-06DB-49B2-9225-114B4B163FC3,,,1,given,,,
4469a14d37dbc7ff0509b9501b3d774b9c76051f7a6b40aa80a037ebf71837ce,JMG_136,GDPR Readiness,2022-09-12,2022-12-02,Internal Project,COMPLETE,JMG76,JMG76,EDB6A9A7-5102-45E7-9BE3-A7F958716C2F,,,1,given,,,
824ef525e09e482ab2abdc721633d894031e6b032ae9a866aa72a36f058f5297,DXT_001,Oakley Cap - Dexters - Design & Discovery (Lettings Income & Portfolio) (AB / JT),2026-01-05,2026-02-16,Client Project,COMPLETE,JMG98,JMD31,9C437241-FABB-43DD-995E-C704F6348A30,BI and Reporting,Core Reporting,1,given,,,1.0
76424eb2ec5cf6e0a52fa7aaebbc7711d7ace92df1bd829533574f80c475c1da,CIP_006,Insight - CivicPlus - Pre-sold Methodology Update,2025-09-15,2025-09-28,Client Project,COMPLETE,JMG107,JMD272,951EF888-BA80-447A-8646-69007C340272,Data Engineering,Core Reporting,1,given,,,3.0
2eab4e7c5c5c793a5a55d009190038d3bf3c9552e47b5714e1179e305b948ed0,SLC_003,DnB Customer Contact Information Scraping,2021-09-27,2021-10-11,Client Project,COMPLETE,JMD3,JMD3,FD167415-3377-4EC5-A564-654340D84674,,,1,given,,,3.0
84920fd519d6337d44e376c5445c01ea30a9f4b58b37c7c6ed95505e9bd11e10,HGC_061,Hg Capital - DD with Alexi,2023-11-01,2023-11-03,Client Project,COMPLETE,JMG53,JMG53,EE649EF4-C803-4F9C-A7AA-110D5BBB256E,,Due Diligence,1,given,,,1.0
726a4a9196d96929ddde0781558b3ec2c8c5eddcc511055ac1dbfb8e3a199986,CSD_007,FPF - Clearstead - Consulting Support,2025-11-01,2026-01-31,Client Project,COMPLETE,JMG59,JMD8,A7055242-6D88-4386-A79A-740298F495CE,BI and Reporting,Core Reporting,1,given,,,3.0
cb81c5887e2c0a35708ce79f9be34e11de46673657ee708ec7e02b951b333b46,ACC_002,Accell GTM (T/E-bikes),2023-05-02,2023-07-14,Client Project,COMPLETE,JMG52,JMD87,317E73D8-DE50-4B1A-BFDE-0C5E5F21F992,,,1,given,,,1.0
56dadba61b4a43519bd75b2d0709b0c980cab975f49cc5d9f51cde6ba0ad0128,BAU_018,Operations,2020-01-01,2020-12-31,BAU Activity,COMPLETE,JMD21,,EDB6A9A7-5102-45E7-9BE3-A7F958716C2F,,,1,given,,,
2b08f73b945d278c5df2377c5a43fa1b97c593c966b4879f4bc817b72c37ff08,MTH_005,OTPP - Mitratech - Retention Foundation Analysis,2026-08-17,2026-09-14,Client Project,DEAL WON,JMG73,JMD141,C52D2B20-2EF0-4D4B-A786-FD5FEC282EE8,Data Science & ML,Value Creation,1,given,,,3.0
e7efbd6d0ca84847dbd039cdf1b21a8f62f594b7cde9e5dd30b58fcc49b7e2a3,MTS_001,Cost Allocation,2023-01-03,2023-02-25,Client Project,COMPLETE,JMG59,JMG24,2C9B69AB-0431-41D9-B765-B60AFF4A538A,,,1,given,,,2.0
d274b34051be4a9b82045c87e5fc0f873fff7b7fee4c8bac01a6d13761074215,AMC_001,A2Mac1 - Clustering Analysis,2020-02-12,2020-03-31,Client Project,COMPLETE,JML56,JML56,68DFFDEA-2C09-454C-BF89-406843DE5C82,,Managed Services,1,given,,,2.0
75a25341f557b9e22b5afe37bde77ea28666f9d1e0c879422cfd12e108c0254e,LSE_001,In-Source People Analytics,2021-03-22,2022-07-31,Client Project,COMPLETE,JMG42,JMG42,31522699-7FAB-45EC-A1E9-0FFD76C2243F,,,1,given,,,2.0
4ba6292a2e58e37f808a9e56f7473ce595eebb9d477e884854dd5f19e810ee3f,NAS_002,Mayfair - Nasstar - cost & revenue matching phase 2 (JT / MH),2023-04-17,2023-06-09,Client Project,COMPLETE,JMG56,JMG56,98F3AE2A-19F9-47C8-9893-18EEF20B94BB,,,1,given,,,1.0
ae8f3dd934b7b12cda96c1f415704158bb361bc468295eed2218cb1d07f79fd1,IGN_001,Data Strategy,2022-06-26,2022-07-31,Client Project,COMPLETE,JMG52,JMG52,2627D3C4-43D0-4A0F-80ED-37472149D96A,,,1,given,,,1.0
3a6f3ec0a6932aa906fef88954b9ae31c0d0558fb9fa8c4b9ac83123e3e42875,ONE_009,group.one - Corporate Dev / M&A Support,2024-10-14,2024-10-27,Client Project,COMPLETE,JMG81,JMD141,AC87B31A-212B-44B6-BA73-6677A4222D6E,Data Science & ML,Due Diligence,1,given,,,2.0
c69ee8fa888958e411f53b1d18e16d58e851fc0dd340b0468ff85e65f7d92f77,DSN_011,Frontenac - DSN - Sales and Pipeline Reporting Build,2026-08-17,2026-10-12,Client Project,PROPOSE,JMG159,JMD136,80BAADB4-F045-41A2-A04D-B1131019757B,Data Engineering,Core Reporting,1,given,,,3.0
301a6cacc9090bb3213c317643c95b7b8a3e1e117f03a3762afc7b4ded04e13f,HGC_057,Hg - DD request (JT / NM),2023-09-18,2023-09-22,Client Project,COMPLETE,JMG53,JMD116,EE649EF4-C803-4F9C-A7AA-110D5BBB256E,,,1,given,,,1.0
c61da3f2e9a4f9119c3ea63158786165213dccdca072f0ffae32db8dd8773b74,DNS_012,IK Partners - Dains - Phase 6 - Barnes Roffe Integration,2026-01-05,2026-02-16,Client Project,COMPLETE,JMG97,JMD195,5553337B-330A-4E7B-AAB2-97AF6889EF91,Data Engineering;BI and Reporting,Core Reporting,1,given,,,4.0
4ba2529696c0429526c1752ee334bba14e7991351064106e6d9fe7b8de9b2717,CHF_002,Horizon - Churches Fire - Phase 2 Customer Tool Build,2025-09-01,2025-11-14,Client Project,COMPLETE,JMG97,JMD27,A00DFE0F-BF08-46E5-A27E-3104A16D21B5,BI and Reporting,Core Reporting,1,given,,,4.0
12dd75bcfddae3596c1dcc738b55d6eaa24a7bd3f1437e1e46514460bc4fd362,FWS_002,Insight - Fleetworthy - Cross-sell Tool - Design & Discovery & Salesforce Hypercare,2025-06-27,2025-10-10,Client Project,COMPLETE,JMG114,JMD116,66BAB079-6D92-42AF-A3FB-B63AA3AB15C3,Consulting,Core Reporting,1,given,2025-12-12,,3.0
846bc90b3acc134878326bb3d86929c5851f3719ebb7fceb2f1adc51fab9ed6e,FRG_004,Frasers Group - DTaaS - [Ext],2025-02-11,2025-05-31,Client Project,COMPLETE,JMD81,JMD130,D94A0075-BF8F-4217-AA78-69F5ACD0FB03,Data Engineering,Core Reporting,1,given,,,1.0
3427e55046fda701e2703face551b810f9cef90d2f32b5491cd2c39d0d83d3ca,GRV_001,Tenzing - Gravita - Core Reporting and M&A analytics,2024-11-25,2025-02-02,Client Project,DEAL LOST,JMG188,JMG188,7DB6AA0A-5890-4B50-8B57-5A2D44732981,Data Engineering,Core Reporting,1,given,,,2.0
b316d2aa21baa0205e125655a2d41fb4bb54729667e372dad55d14655ed42c50,IWW_004,E2V Teledyne Global Talent Programme,2022-05-01,2022-05-13,Client Project,COMPLETE,JMG52,JMG52,B1FA27FE-0082-4C23-AAB9-FF0D8639D869,,,1,given,,,
85ddea99afd6f58c0f1c933747344cd7285ee8c7e4c1dd8091d8e67b20aa29f4,RFN_001,Apiary - Radiant - Data Platform + Reporting (YM / AB),2025-04-29,2025-05-27,Client Project,COMPLETE,JMG220,JMD42,9418E029-9583-4779-870F-65653E8E1B9E,Data Engineering;BI and Reporting;Consulting,Data Advisory,1,given,,,2.0
5890ff4458e169b248150c827ea566c0cef12ab202ac7e3e0cf14235aff9bba5,CVT_002,Revenue Growth DD,2022-03-22,2022-03-31,Client Project,COMPLETE,JMG56,JMG56,4FBB61A1-CA85-425C-8A9A-90868B41E444,,,1,given,,,2.0
e8c2b2cd1136e6ce3820edad246cd8ce531be8b3f6874bbe0ea08031f3d617bb,AGG_005,AG Grid - Transaction Retained Support,2025-10-13,2025-10-28,Client Project,COMPLETE,JMG51,JMG51,791B8459-E635-4911-A4CC-B52BC66461C4,BI and Reporting,Exit Support,1,given,,,2.0
227d07e8f10d371454812ce89c4276d8f2a2b6aa6a403070b4ec9ecd15815756,ALG_003,Castik - Sphinx - Ongoing Support Model (JC/VM),2024-11-04,2025-02-28,Client Project,COMPLETE,JMG236,JMG51,FD7BBF43-93C2-45DF-ADD1-18311818D005,BI and Reporting,Exit Support,1,given,,,2.0
cc9c87872e769627d8f0e90a504f6161927f6515539adcaa7dacea78986fd3cf,VTP_005,BC Partners - vetPartners - Engineering Extension (KT/PG),2025-12-29,2026-02-06,Client Project,COMPLETE,JMG87,JMD172,28EF8687-3270-460B-A7AA-0D130E2D7892,BI and Reporting,Core Reporting,1,given,2026-05-05,,1.0
a06b7fd841d3645269fac4ee9fe14fd2da8739ade1de80ec80e95dea11691cf6,KLN_002,Excel Forecasting Extension,2023-02-08,2023-02-16,Client Project,COMPLETE,JMG59,JMG59,FC7EC06E-8850-4E8B-BCC5-BA5EDD088BA1,,,1,given,,,4.0
46205ef1d20aa7c43da7ebe75cf5b7847477aa3985f07df07f759a74a571fbb8,PTZ_012,AKKR - Partnerize - Equity Narratives (COC / AW),2025-09-15,2025-12-21,Client Project,COMPLETE,JMG134,JMG134,6DAE2A80-0E2E-40D9-A19E-0C34F59EDF1D,BI and Reporting;Consulting;Data Engineering,Core Reporting,1,given,2026-02-06,,4.0
d80216542326f7743f83159241e53f71cc0aa4af6bac00d44dca1bbd4702f47e,HGC_035,Project Igloo,2022-05-02,2022-05-06,Client Project,COMPLETE,JMG24,JMG24,EE649EF4-C803-4F9C-A7AA-110D5BBB256E,,,1,given,,,1.0
2985dd806116256b198c2cf48325c3fe18d24e94b43e3b3a41a99ad25347b946,FMT_005,Baird Capital - Freemarket - Data Strategy,2025-04-10,2025-05-02,Client Project,COMPLETE,JMG218,JMD370,150AB409-24E2-4F6D-A223-F05935E58DA6,Data Engineering,Core Reporting,1,given,,,2.0
fd52f45a6e6d63bd394dbcce2fd5c5ea33dee5d538ecdcd61859eda664667084,HGC_022,Project Malta,2021-10-28,2021-11-03,Client Project,COMPLETE,JML90,JML90,EE649EF4-C803-4F9C-A7AA-110D5BBB256E,,,1,given,,,1.0
651382fe509f85216ad61ef0f5c8be0c822317c482e170db742cda1b80baad25,SVA_002,Synova - Deal Origination Tool KT (MS),2023-02-01,2025-01-31,Managed Services,COMPLETE,JMD41,JMD41,C41A61F0-82A6-4B65-B983-541748FD2482,,Managed Services,1,given,,,2.0
c56ce554afaab310958b77e5e47ca842c08f40cf505d13b4eee96975477b2e13,IDN_001,Corsair Capital - IDnow - Committed Order to Cash Tracker,2025-10-06,2025-11-30,Client Project,COMPLETE,JMG302,JMD37,4C08A09D-266B-4BF5-983D-DA8A90F88E02,BI and Reporting,Value Creation,1,given,2026-01-04,,1.0
110f22e25a72c7c0b6c899d5f49a4df3e7ba661ce44690c49a0545164a1df0c6,OCP_007,Oakley Capital - ESG Tool Managed Service (AB / CM / AL),2026-05-11,2026-11-09,Managed Services,PROPOSE,JMG391,JMD12,F96160CB-9CAA-455A-8B20-E2E563CCF353,Full Stack Engineering,Managed Service,1,given,,,1.0
ccbf0364bfdd97f1f2284fe35c0609321d6758fa71649a511c236e443f5ae867,PEC_001,Platinum - Peli BioThermal - Data Team Support,2025-03-17,2025-08-01,Client Project,COMPLETE,JMG24,JMG122,2AD82EA3-8E7E-47BE-B693-EA64752F9440,BI and Reporting,Value Creation,1,given,,,4.0
719bf44097e1fdff6788191672e95045e10a3acca524c2f4d1aad3612d012129,MSG_007,DW Automated Checks,2022-06-13,2022-07-29,Client Project,COMPLETE,JMG87,JMD94,2D143C29-D66C-4CD2-BB0D-1800CC18F116,,,1,given,,,1.0
9e32c1eb3038f88f73db52ea9bf62d8e7fac14ce3fea34005d70f0a4a159b35c,PSC_031,PRT Portal server upgrade,2023-02-13,2023-02-17,Client Project,COMPLETE,JMD42,JMD42,88B6B8E6-EF36-4337-80D6-8986EB36FAC7,,,1,given,,,2.0
40a7793ad986728580a20574484c71aca7d1e1155e9d95670ccd2c9c1427d120,LMX_001,Architecture and Finance Reporting,2022-10-17,2022-12-02,Client Project,COMPLETE,JMG15,JMD98,915B2904-B047-4BDC-9410-785533296F66,,,1,given,,,1.0
892555ce515a430241e8c093c0a83f60efc9eb27c4b8306f1bc1d41321c6b6e0,KCS_002,CapVest - Klipboard - Phase 2 Netsuite Integration,2026-04-13,2026-06-01,Client Project,DEAL WON,JMG117,JMD236,6461019B-F21B-49C3-B0E6-A9FF7140F189,Data Engineering;BI and Reporting,Core Reporting,1,given,,,2.0
3dd60aacc461d9db4638d713bee8c0eb801505c7572d2ddb46983211f4895d85,JMG_249,Sales & Delivery Playbook,2025-03-12,2025-03-31,Internal Project,COMPLETE,JMG300,JMD7,45AC9AD7-51C9-4C2D-AB89-ADEA174B2771,,,1,given,,,
606087a9ee7eed5882a89f9062dd8cd9d26eb118a2068869fd997841d07c12c7,DLL_003,Expansion Model Maintenance,2022-02-01,2022-06-24,Client Project,COMPLETE,JMG51,JMD41,2A9CAD83-6016-4EFD-AECB-21304B4C846E,,Value Creation,1,given,,,1.0
b4b1b5c0a18bb8f9ca15043059a04dc0098489a8b92ad351039c457a8bbc2eab,DNS_016,DNS_016 (Curo) Manual Pipeline Construction,2026-08-03,2026-08-31,Client Project,DEAL WON,EXT025,JMD195,5553337B-330A-4E7B-AAB2-97AF6889EF91,Data Engineering;BI and Reporting,Core Reporting,1,given,,,4.0
96dfee4db4e20597e385c5f83e86d4bafc574dfda4210c849b8e81506ea9aa63,NPP_001,Project Sonics - Exit Support,2025-08-04,2025-09-26,Client Project,COMPLETE,JMG86,JMD12,FFECAFBB-1BF4-44BC-8C5F-9C96C0D9828D,BI and Reporting,Exit Support,1,given,2026-01-23,,4.0
de54639df63223a91523264908c82b8258ed2e1951f41ae0296ddb6929acee11,KCG_001,"Sun Capital Partners - K3 Capital - Data Platform (MCo, SI, JAT)",2024-09-23,2024-10-21,Client Project,COMPLETE,JMG218,JMD5,AEE80FE3-75A3-45B7-8A6C-C7672808E4D7,Data Engineering,Data Advisory,1,given,,,2.0
0a874167e2c731b1ae8227cfa43e5bf5a7a005351cb602d71c95477a1cd58b76,BKM_007,Charlie and Lola,2021-06-28,2021-09-17,Client Project,COMPLETE,JMD160,JML56,E07682C0-7187-4EC7-A4B4-2590F0F0032D,,,1,given,,,
7a6e8fd28b88ae6ddec14112fb58bf897f6d730978d011cfa82f6e357bf7cdd3,HGC_018,Net New Company Engine,2021-09-27,2021-10-15,Client Project,COMPLETE,JMG22,JMD41,EE649EF4-C803-4F9C-A7AA-110D5BBB256E,,,1,given,,,1.0
3ff3299aacdb980fe81cdbe42894b601450ce8f8811cd8d8f6a064bc165ad462,PEC_005,Platinum Equity - Peli BioThermal - Merck Inventory Reporting,2025-10-06,2025-10-31,Client Project,COMPLETE,JMG122,JMG122,2AD82EA3-8E7E-47BE-B693-EA64752F9440,BI and Reporting,Core Reporting,1,given,,,4.0
83ab7b8a534421ad9388716e7d4139047f00902a1c8d6ed17e26ee0432e1d1c5,NAI_002,Two Roads - New Age Industrial - Design & Discovery (MB/AG/VK/PR),2025-11-10,2025-12-15,Client Project,COMPLETE,JMG114,JMD258,C95FC561-B3EE-4DCC-901E-ED9CD4389D6C,Consulting,Exit Support,1,given,,,3.0
4cab5927d37ea83acd422e3fcbd005dcfef5b5baa2f22dbcf8bb6bfa7b44fcbe,SHG_004,Apiary - Shaw Gibbs - Exit Preparation,2025-05-26,2025-08-08,Client Project,COMPLETE,JMG64,JMD257,B7987B36-84C0-42F5-BE32-E79567278582,BI and Reporting,Exit Support,1,given,,,4.0
d281820171ec1e0706ec8fe0b054389aa1b63f77dc658ab883968dc96348a827,MOJ_001,JML Delivery,2020-09-21,2021-02-19,Client Project,COMPLETE,JMG29,JMG29,E588A832-E896-41BB-AC29-C7BA37346511,,,1,given,,,
8bf515013a0227c3d0a410aee0afff9d033377efa0fc409ce9f656388c1adb37,TNT_001,PSG - Tellent - Contract data extraction,2024-10-07,2024-10-20,Client Project,COMPLETE,JMD41,JMD41,4FAA08EA-E4ED-44CB-9A42-2A9C0E0C3C39,Data Engineering,Core Reporting,1,given,,,1.0
7f40a189b8efbc056297bcdeaf94d71342b132a224738010cdb4c8c39e041128,MSG_004,DW Maintenance and Enhancement,2022-03-07,2022-10-31,Client Project,COMPLETE,JMG15,JMD20,2D143C29-D66C-4CD2-BB0D-1800CC18F116,,,1,given,,,1.0
6604b4942d33b54a9894e5999e9c3fb89cdae54b75b590a9b461e49cf101052f,IWW_001,Coaching Analysis,2021-04-05,2021-04-09,Client Project,COMPLETE,JMG59,JMG59,B1FA27FE-0082-4C23-AAB9-FF0D8639D869,,,1,given,,,
d33fec2882a0ff9561af12f5044c589ea54c18fed7aadaf1420d345ad09b9d36,PFA_003,Lee Equity - Pure Financial - Core Reporting Build - Phase 3,2026-06-08,2026-06-29,Client Project,DEAL WON,JMG117,JMD179,0FEB5361-9F53-429A-A0D2-91283867577D,Data Engineering;BI and Reporting,Core Reporting,1,given,,,4.0
9b55811095937b357569a9907caf8ba4173efdb4131196fdda598aea8cfb0d15,EXI_001,Sales & Growth Solution,2020-11-01,2021-12-31,Client Project,COMPLETE,JMG42,JMG42,B86919C9-3D2C-4153-AF70-3EAFFBAB5231,,,1,given,,,
c02afb05383c8e04107ea06fbd66693f49c2e957d90e0d75dee3eff0d6cd5130,JMG_036,Euro_2021,2021-07-11,2021-07-23,Internal Project,COMPLETE,JML56,JML56,EDB6A9A7-5102-45E7-9BE3-A7F958716C2F,,,1,given,,,
25cc501549e3aa35df103a1592c9e772ce21036243639c5de67bd35cd7ebad5a,JMG_167,Entity Resolution (IP) - Phase 2,2023-03-14,2023-04-14,Internal Project,COMPLETE,JMD3,JMD84,45AC9AD7-51C9-4C2D-AB89-ADEA174B2771,,,1,given,,,
b6c20f3367121237d4f5a1f8f765e93d08c45278b307faacdd6b47fb3ce5aad7,YYO_001,Permira - Yogiyo - Analytics Support (MS),2023-04-17,2023-05-26,Client Project,COMPLETE,JMG53,JMG53,3C702DB1-6137-47BE-9620-BDBABA0A456E,,,1,given,,,3.0
4dc1258ce7591e90aa9f461700825e57b4eedc6b027442c3924e2ed6b8a656c8,JMG_250,Due Diligence - Solution,2025-04-01,2026-12-31,Internal Project,COMPLETE,JMG81,JMG81,45AC9AD7-51C9-4C2D-AB89-ADEA174B2771,,,1,given,,,
9803fc84c0eeda6d1b34646073a62f4d4654474568121435e6976efd42dc14f6,WDC_014,Senior BI Analyst Support,2019-10-21,2020-06-30,Client Project,COMPLETE,JMG10,JMG10,BA9A80E3-DFA1-45D1-8440-5955274FEA1A,,,1,given,,,1.0
477bce880ea20951c3f8c99399e1dc42f71c77b59ad8123c2f0bb5d44b48d0b2,MSG_001,Miss Group Invoice Processing Tool,2020-05-18,2020-08-07,Client Project,COMPLETE,JMG51,JMG51,2D143C29-D66C-4CD2-BB0D-1800CC18F116,,,1,given,,,1.0
6c708f9d692241f4029908bb318b38cd4c3c017c8425025cf34f75f6fb3f05cc,DGT_004,Diligent - Account Cleaning - Full pipeline,2026-06-25,2026-08-20,Client Project,PROPOSE,JMG170,JMD27,CF24F70C-1907-4C84-809B-60DF0823AA71,Data Engineering;BI and Reporting;Consulting,Core Reporting,1,given,,,3.0
58ecaee1495b22834f550913fe7b867ccb52f18f278e9abc0b49f90e07c6b68f,SVT_028,Searchlight - Survitec - Managed Services Support,2026-01-02,2026-03-31,Managed Services,DEAL WON,JMD132,JMD189,06667D0C-DFA2-4925-A6B2-CEE326A4E4D7,Data Engineering,Managed Service,1,given,,,3.0
3c8227e5cf401ebd4fbed291c9ac318a1d96efb3fd8f2a84403dc6f8df4247b7,JMG_258,JMAN Finance Reporting,2025-06-16,2025-12-31,Internal Project,ACTIVE,JMD376,JMD376,45AC9AD7-51C9-4C2D-AB89-ADEA174B2771,,,1,given,2026-12-31,,
69c6529a6512a63a376f5c0dbfa0dd54cd5411f8f9828c33b21e38af6d8db1d2,CNV_005,Pet Retail Analysis,2021-05-31,2021-06-21,Client Project,COMPLETE,JMG15,JMG15,8135724D-49AF-474E-A51F-16D014729EE8,,,1,given,,,2.0
1a416e6aad41a65dd35901049262ec432d689557470196e4f15f566be3ec0b5c,JMG_198,Platform Engineering - CoE,2024-01-01,2026-12-31,Internal Project,ACTIVE,JMD257,JMD257,45AC9AD7-51C9-4C2D-AB89-ADEA174B2771,,,1,given,,,
edeb10bacde26eb918fdec12c3850254a77ea6fc832da29b6f5186a42c9d5dec,ANY_002,Knox Lane - Any Hour - Data Platform Build Phase,2025-05-12,2025-08-15,Client Project,COMPLETE,JMG44,JMD258,AADCDC00-0103-4CF4-B085-45004AAC4CC9,Data Engineering;BI and Reporting,Core Reporting,1,given,,,3.0
19c6c0b2b15cbddc3401930df4cd3c791189e9beab5c5c33058bdd1c732fa078,CNC_002,Cinch,2021-01-04,2021-04-02,Client Project,COMPLETE,JMD97,,E6ED099A-E034-473D-A237-92B0C8A6EADF,,,1,given,,,4.0
fa75b5bc2d4afd1331dc22030b564b37ab0c661bfc197fb432b34e9a67c4bdd4,MPX_001,Vitruvian - Meriplex - Discovery Phase,2024-12-07,2025-01-03,Client Project,COMPLETE,JMG161,JMG161,E6C56524-E84B-4208-8CB1-96A5C7E32F67,Data Science,Value Creation,1,given,,,3.0
6935b6efced7c0d5d7cb83106c806e0f72613f280d5a367d8e88191fdd5976b3,SHG_001,Apiary - Shaw Gibbs - Core Reporting Phase 1 Design & Discovery (CD/TW/YM),2025-01-11,2025-02-14,Client Project,COMPLETE,JMG64,JMG85,B7987B36-84C0-42F5-BE32-E79567278582,Data Engineering,Exit Support,1,given,,,4.0
340c1cd31548d42de01d35b7fbda5b55d56ad5518fd2faf244d4797a10099081,ALG_002,Castik Capital - Project Griffin - Continued Exit Support,2024-10-20,2024-11-02,Client Project,COMPLETE,JMG51,JMG51,FD7BBF43-93C2-45DF-ADD1-18311818D005,BI and Reporting;Data Engineering,Exit Support,1,given,,,2.0
8bb8bef3152b9d8d8689788243562b1eea5f9b5ce9464f09a5782ce948809cbd,JMG_188,Churn - Proposition CoE,2024-01-01,2024-12-31,Internal Project,COMPLETE,JMG22,JMG22,45AC9AD7-51C9-4C2D-AB89-ADEA174B2771,,,1,given,,,
2a2a595ac3b0651504e8a76fc1b69ce95c75660ae93f0fa28d86593a6272fbe2,MTU_001,Permira - Motus - Deal Grading,2023-09-12,2023-11-14,Client Project,COMPLETE,JMG207,JMD125,A9B18F79-66D7-4BA1-B09E-46A01365B601,,Value Creation,1,given,,,3.0
395f75213e26e61ad3f0ebec3a644547603563732056c03af68060c9be6b183a,MSG_020,Perwyn - Miss Group - FX Rates Changes,2024-09-30,2025-01-12,Client Project,COMPLETE,JMG53,JMD94,2D143C29-D66C-4CD2-BB0D-1800CC18F116,Data Engineering,Core Reporting,1,given,,,1.0
6d582ffa1b311c74fff9e169f950a5f396e4e9e29631d0c3251273d2e67cceca,PSC_030,PRT portal role updates,2022-10-03,2022-10-07,Client Project,COMPLETE,JMG15,JMD42,88B6B8E6-EF36-4337-80D6-8986EB36FAC7,,,1,given,,,2.0
f5b9cea90925c4c910e144f1871b4d6e8ca1989f47a05bc8a81a6ef5f5a1d72d,EXP_002,GEM Maintenance,2019-02-01,2021-02-28,Client Project,COMPLETE,JML56,JML56,EEF3970B-BE21-4D28-9292-FD9BED0F7EED,,,1,given,,,
7c8e1ee17276b8a30f0b5268960e865c67e95e5b39971558c6334dbcf47361ea,HDV_001,Platinum Equity - Heroux Devtek - Re-platforming PoC,2026-08-03,2026-08-24,Client Project,PROPOSE,JMG81,JMD56,FF786D39-5CD7-4987-829D-082DEB12D33C,Data Engineering;BI and Reporting;Consulting,Data Advisory,1,given,,,4.0
5e863327b62f7651a4d69f48b078637d1cbfaa22b59b2be6db4f8b7875a77c84,EXI_002,BHI - RIKA HPD Africa Training Content,2021-01-24,2021-06-30,Client Project,COMPLETE,JMG42,JMG42,B86919C9-3D2C-4153-AF70-3EAFFBAB5231,,,1,given,,,
8f5d8702c9cf6398924c741966debfe6aab086b8c9eb212976d0daf350a6e55f,JMG_140,New starters roadmap,2022-09-12,2022-12-02,Internal Project,COMPLETE,JMG15,JMG15,EDB6A9A7-5102-45E7-9BE3-A7F958716C2F,,,1,given,,,
d26c30a2b5b36b02b06bbcb282f764c64c4533d591c3e25f45be8a1c8712d4af,AFM_003,Insight Partners - A Place For Mom - Phase 2 Expansion,2025-06-15,2025-08-22,Client Project,COMPLETE,JMG44,JMD41,C0008667-9222-4F60-8E34-7C89B1C14360,BI and Reporting,Core Reporting,1,given,,,3.0
bd11feca8d0aa6ae2dad44e06f3ed2767ee68793b5f631ba7ccd705b8b93c2de,CJA_001,Setfords Lawyer Analysis,2020-08-26,2020-09-16,Client Project,COMPLETE,JMG15,,66E72836-0869-40CA-877E-BAABD16E0BBA,,,1,given,,,
553a31c283eeba360962a3e8baf11b146de96aeea0bfdedee9bb0ee9adff4b05,AUF_006,Baird Capital - Aura - MI Datacube & Reporting (JM/SG/FS/NC),2025-03-10,2025-07-25,Client Project,COMPLETE,JMG225,JMD144,E89CED45-CB39-4485-AFB8-F802587197A3,BI and Reporting,Core Reporting,1,given,2025-12-12,,2.0
10f23b4b9fd03ae7a5441998348df1015db034024130ba4701f77b14bf3b0560,CLN_031,Triton - Clinigen - Cliniport PDF Extraction (JCG/DD),2023-08-13,2026-08-31,Client Project,ACTIVE,JMG51,JMD221,CBE4E752-7D89-485F-8768-BE5DBF9C1F6C,TechOps and Automation,Managed Services,1,given,2026-08-31,,4.0
0a612bd233c69ae44e636060135b821456775fbe85e4ca80fa73227d861ff6a7,KCS_004,CapVest - Klipboard - Reporting Layer Iteration,2026-06-29,2026-08-03,Client Project,DEAL WON,JMG430,JMD19,6461019B-F21B-49C3-B0E6-A9FF7140F189,BI and Reporting;Data Engineering,Core Reporting,1,given,,,2.0
1f296cc5f4480f434abae22710b31d948e7d538d457ba981a542784699b1c9c6,FIR_004,FireTree EM,2021-07-05,2021-10-01,Client Project,COMPLETE,JMD160,JML56,A13DC602-1FC1-4D39-B2AF-D0F1E4D8767C,,,1,given,,,2.0
2764802248cda35c89e9d9f92c2e8cb6b2afa7615ee8d935f5d2057e7063745e,CCA_001,Baird GIB - Constallation Capital - Exit Refresh Extension (OW/VC),2025-06-03,2025-06-23,Client Project,COMPLETE,JMG188,JMG188,DD62FA07-9812-4461-8930-96602667B02B,Data Engineering,Exit Support,1,given,,,1.0
f86d1f6ec629fd47545e12d6bfccf60f1a2d34f37b11de4ab3c034e7c226842d,HGC_011,Project Surf,2021-04-11,2021-04-28,Client Project,COMPLETE,JMG15,JMG15,EE649EF4-C803-4F9C-A7AA-110D5BBB256E,,,1,given,,,1.0
b928dd77ffbbc35e30b46f05b91a40d8430c5519622df51e7f7edcb6ef53a77d,NAI_003,Two Roads - New Age Industrial - Data platform Build (MB/TH/VK/GP) ,2025-12-15,2026-03-09,Client Project,COMPLETE,JMG170,JMD258,C95FC561-B3EE-4DCC-901E-ED9CD4389D6C,Data Engineering;BI and Reporting;Consulting,Exit Support,1,given,2026-04-13,,3.0
0dcccb4982adec47d20efbabb7721e035fada8ceef27bf18adc4ffb51b63d902,JMG_268,JMAN-Project JAIDE,2026-04-06,2026-07-04,Internal Project,COMPLETE,JMD432,JMD383,F8AC2C91-E710-4AD2-85C6-C8A1F6673844,,,1,given,,,
7ab2e44470f4790ee9ba0f02bd28387b34865217dc6122f9ac258214e32c0065,CHV_007,Triton - Chevron - Light team continuation (PG),2024-08-12,2024-09-16,Client Project,COMPLETE,JMG87,JMD185,783F433D-70FA-417F-AA42-8D5833AED390,Data Engineering,Data and Reporting,1,given,,,4.0
886fa649cf66bec12d17ac1193236c03adf4209306f06c69a05ba4b2513f2f1b,SVT_007,LRE Sales Pipeline Reporting,2023-02-20,2023-03-10,Client Project,COMPLETE,JMG31,JMG31,06667D0C-DFA2-4925-A6B2-CEE326A4E4D7,,,1,given,,,3.0
9dabb5a84e1c79533a3082813b09bbd6a48fef6c2b11accefdb6f23bd69a4f28,JMG_037,Alternative Data Strategy,2021-08-09,2022-12-31,Internal Project,COMPLETE,JMG22,JMG22,EDB6A9A7-5102-45E7-9BE3-A7F958716C2F,,,1,given,,,
4c769cf7ee2fa0ffef5171bc1789c28b717719f30404629f396ec42f581781d6,CWT_004,cleanwater1 - Finance Cube,2025-10-20,2025-12-19,Client Project,ACTIVE,JMG344,JMD260,12F69E93-486D-4DB7-8018-FFBE3B7C8399,BI and Reporting,Exit Support,1,given,2026-10-31,,2.0
26e2861f9107e9f6c0a2fd847d23f26cc776a8bf194052c4bb4bab92b4906e2a,MTU_002,Permira - Motus - Contact scraping (TP/MS/JAT),2024-06-24,2024-07-15,Client Project,COMPLETE,JMG218,JMD116,A9B18F79-66D7-4BA1-B09E-46A01365B601,Data Science;Data Engineering,Value Creation,1,given,,,3.0
34a35521431a70afd2008ab3065dcdc8aaa2486ca7832d0cf76cd997295ebff7,IIR_002,ECI Partners - Insurance Insider - Managed Service,2025-07-14,2026-08-31,Managed Services,ACTIVE,JMG391,JMG391,DFA585B8-A0D4-4641-BA49-67FDE87AE947,BI and Reporting;Data Engineering,Managed Services,1,given,2026-08-31,,1.0
b34d36df57ec7e4966842e999e1e170fc35c37c5d6eef35f10e6222a61c1596e,NOO_001,Profitability Diagnostic,2021-09-13,2021-12-03,Client Project,COMPLETE,JMG31,JMG31,B97C8F34-49F0-4C67-B90E-3997DFF1617F,,,1,given,,,2.0
73521bd0aa33c56dbf68711e046b1fab62c92cee015adf12d589f61abfc10ad6,SEA_001,"Sector Alarm - KKR - Customer Service Analytics (WF, PG)",2025-12-12,2026-01-19,Client Project,COMPLETE,JMG225,JMD363,8DAA5C00-E7BD-4477-A5BF-F725F442B01F,Gen AI;Data Science & ML,Value Creation,1,given,2026-01-28,,1.0
249d74363000cfc6590266b9d6a0f03af846c9515567f2bcaa4d35aa7c036064,DSN_003,Frontenac - DSN - Profitability D&D,2026-03-02,2026-03-23,Client Project,COMPLETE,JMG159,JMD136,80BAADB4-F045-41A2-A04D-B1131019757B,Data Engineering;BI and Reporting,Core Reporting,1,given,,,
03b0383f410ac5504aa7b8716d3ea4ca44026eca6011856182d8bb8ec2c59906,JMG_116,People- Refresh of Slide EQ and Core Consulting Skills,2022-07-04,2022-08-12,Internal Project,COMPLETE,JMG15,JMG15,EDB6A9A7-5102-45E7-9BE3-A7F958716C2F,,,1,given,,,
e93ee04c97b8a56f53cb1ef5ff0ddf0af7b85e56441ffe21561db7becba746fd,WHG_002,Oakley Capital - WHG - phase 2a (additional ingestion) (JT / AB / VK / NK),2024-07-08,2024-08-05,Client Project,COMPLETE,JMG98,JMD100,6954D968-FE23-47F6-92F3-F78E4F726760,Analytical Engineering,Core Reporting,1,given,,,1.0
c121e684a156a93aa8b62a619d46ba9a020a336a5b90fe8a85dc4b68d064b410,GET_005,Reporting,2019-02-01,2019-02-28,Client Project,COMPLETE,JML-005,JML-005,FE147121-9446-4FD9-B905-0EB291701893,,,1,given,,,
ad3a974eaed7d0c9064608a0f554bd88f304b2a14056e4898a6d259fe839de1a,MSG_018,Perwyn - Miss Group - Recurring Billing Forecast - POC Work,2024-03-06,2024-03-12,Client Project,COMPLETE,JMD100,JMD100,2D143C29-D66C-4CD2-BB0D-1800CC18F116,Data Engineering,Data and Reporting,1,given,,,1.0
ac27614ec0ff447c5060843ebfcafa5682245f634327c6eaeea4e6dd28a9db6e,JUM_001,Equivia - JUMiNGO - data team support (JT/LG),2025-04-07,2025-07-31,Client Project,COMPLETE,JMD31,JMD31,870D2486-FD7A-46AB-9D9B-2672ECFCECB6,Data Engineering,Core Reporting,1,given,,,1.0
7e2dc4c2cf518ea096b2043545f4fa198409c949fab1ea31c5405c6473c841ba,STT_005,Horizon - STRAT7 - Job Book creation (PG/LG/MCa),2024-03-11,2024-04-12,Client Project,COMPLETE,JMG210,JMG210,A7EFCD95-5542-420F-A161-2025F1955333,,Exit Support,1,given,,,4.0
023016246c8b582968d4f82beaf92bc2b36f2a1b8f89e2c009999ef0f9a23d52,FIR_014,Guna Int - Firetree - Maintenance Extension Q4 (SG/CD) ,2023-10-03,2023-12-31,Client Project,COMPLETE,JMD28,JMD96,A13DC602-1FC1-4D39-B2AF-D0F1E4D8767C,,Managed Services,1,given,,,2.0
a688275a9d9a7408b077b1c6b5a199a09f58af97fbdbe36b851b8ab70a75812c,UWS_001,United World Schools - Migration to Microsoft (SR/NJ),2024-01-17,2024-03-03,Client Project,COMPLETE,JMG117,JMD100,4639C4EA-E223-4D29-83A3-E38B7174E9FA,Data Engineering,Data and Reporting;Other,1,given,,,1.0
13ec2deb37119b23b8a95cbe2eec31743c2e651c4fc79356f1e6c60d58434f09,TZG_003,Tenzing - DD Support 3,2024-10-09,2024-10-11,Client Project,COMPLETE,JMG222,JMG220,D6EE1F87-C7CC-4249-9DA8-C9EC5FF4BBB0,BI and Reporting;Consulting,Due Diligence,1,given,,,2.0
495a1d1620445dda5e7a23d1743b9286eeda1656d45686e2deb25075840c3b7a,DAM_001,Triton/Kartesia - Project Nexus - Data Cube (Platform) and Reporting Suite (EF/CD/MCa),2024-03-04,2024-06-28,Client Project,COMPLETE,JMG87,JMD256,960945DA-EA32-4A2B-BCFB-39307A77667F,Data Science;Data Engineering,Exit Support,1,given,,,1.0
33e90f5af9f91c42fca2ce4204bf0c934a13743bc3c6701d804f58abe8400735,IMG_005,IG - Data-led process improvement,2019-07-21,2019-08-30,Client Project,COMPLETE,JMG29,JMG29,C7BF9AF1-90A7-4606-A6D8-E63E4365D5B7,,,1,given,,,
ce13d5ccb0354372cecefb22cf27742f55c7120b44133a085643f5a48bbd3d0d,AZE_002,Sales MI,2020-07-27,2020-08-14,Client Project,COMPLETE,JMG24,JMG24,6619B410-1D13-498C-8A15-5FBE0E8987D1,,,1,given,,,4.0
a0ad7a366c93c9178cc28e856da73e923a016b9bbe6b974b8a2a4356e075a995,CLN_010,RWD Interim Support,2022-05-23,2023-09-01,Client Project,COMPLETE,JMG24,JMG24,CBE4E752-7D89-485F-8768-BE5DBF9C1F6C,,,1,given,,,4.0
98f163cd870f88a2b428eddcea83d243ea41ce897c49b11e7d4011ccbf254f61,JMG_260,JMAN - VC Insight Engine,2025-08-01,2026-12-31,Internal Project,COMPLETE,JMD193,JMD112,45AC9AD7-51C9-4C2D-AB89-ADEA174B2771,,,1,given,,,
9edecfcbb613bee4a5927a4dcb6ad6232639867037a5e288d6269d0e8c52c810,JMG_016,JIN 3.0,2019-02-04,2020-06-30,Internal Project,COMPLETE,JMD97,JMD97,EDB6A9A7-5102-45E7-9BE3-A7F958716C2F,,,1,given,,,
78887b6bf7646a6f3039fbb62c77b64ce3db3faf5dfc297f68363ecb3cc5fc12,KER_001,"MIS, data discovery and planning",2022-09-12,2022-10-14,Client Project,COMPLETE,JMG31,JMD31,224B6145-F579-4D91-BC6C-89B334FDD164,,,1,given,,,2.0
b1106339ce959b5fb41fc443753118b80cd34fcb86a3c4616c45d175b6a21590,PTV_002,Bridgepoint - PTV Group - Subscription Mgmt Advisory & Contract Cleaning (AG/KM/MC),2024-06-10,2024-07-08,Client Project,COMPLETE,JMG313,JMD8,63924AEF-725E-46EA-A913-031437D297C5,Software Development and LLMs,Core Reporting,1,given,,,4.0
bc48c8f796d4a589a1d6b5ddfbee30e91c171c477c817f8246bbe04a5970ef00,JMG_010,Compliance,2019-02-01,2019-02-28,Internal Project,COMPLETE,JML56,JML56,EDB6A9A7-5102-45E7-9BE3-A7F958716C2F,,,1,given,,,
6649f5cde8fd6daaddc381018a1492e7925a4fe30fb30a846c482c60d300fd97,PEN_004,PensionBee Calc update,2019-02-28,2019-04-05,Client Project,COMPLETE,JMD11,JMD11,1E971694-A819-4360-8CD2-44D47B1167F5,,,1,given,,,
c8c55e46b0c7e742125f040d063588ec123ccca1298fa867e19bdbea89d50339,ALM_009,Apax - Alcumus - Churn Dashboard Consolidation,2025-12-01,2025-12-22,Client Project,COMPLETE,JMG117,JMG187,7F3D6169-7593-427C-AEB3-F0F6C253DA67,Data Science & ML,Value Creation,1,given,2026-01-09,,4.0
c8a9b58db63a53e36daa2359c5ab2c981bdb6137c0a30e5ad5fd497de0e266ea,NXN_002,Nixon hire - Equity narratives,2025-04-28,2025-05-23,Client Project,COMPLETE,JMG51,JMD209,AF91FB14-CB0C-4238-9EBA-4AA4814BD089,Consulting;BI and Reporting,Data Advisory,1,given,,,2.0
3d142d8f8e52d22aa9bdbc351f93d3d4a5ee0a365ed598207969f4f3984b1495,MSG_023,Perwyn - Miss Group - ARR Bridge (PG/CP/SP),2025-03-17,2025-05-23,Client Project,COMPLETE,JMG87,JMD94,2D143C29-D66C-4CD2-BB0D-1800CC18F116,BI and Reporting;Data Engineering;Consulting,Core Reporting,1,given,,,1.0
c3115b7a4f919ba7d3fe3d720e0d30695888c043b27975135bc144cf7a091015,CTA_001,Summit Partners - Certania - Design & Discovery (MB/VK/RK/SP),2025-09-29,2025-11-04,Client Project,COMPLETE,JMG367,JMD27,CAD81631-8120-4D06-BD19-7C88643927A5,Data Engineering;BI and Reporting,Data Advisory,1,given,,,1.0
9c8c1cb8e63b717dbe159fa60215defc6946c21de3750f07940e221587cefc69,WHG_001,Oakley Capital - World Host Group - Reporting (JT / MC / VK / AW),2024-05-07,2024-07-05,Client Project,COMPLETE,JMG98,JMD100,6954D968-FE23-47F6-92F3-F78E4F726760,Data Engineering,Core Reporting,1,given,,,1.0
bb5aa4ef832581c525209511f1ee35a4e72e87e8b6c1192a38b469c752db818b,PLC_010,plan.com - Development Partnership Extension (Nov 25) - JT / KW / SG,2025-11-03,2026-05-04,Client Project,COMPLETE,JMG150,JMD28,7E5DEA6D-06B5-433D-8F6D-5641EDD03CE1,Full Stack Engineering,Core Reporting,1,given,,,1.0
767d5e106816d39551199d16d8f7eae621f4af8d9a7ff4a7d20092638be5f84f,JMG_237,JIN - POC,2024-12-01,2025-06-28,Client Project,COMPLETE,JMD12,JMD12,45AC9AD7-51C9-4C2D-AB89-ADEA174B2771,Full Stack Engineering,Value Creation,1,given,,,
0158344c56ef27e33bcd75aef4455f391b0d162ef9ae9980527ef8e99c24aa14,TNM_004,Horizon - Turnmill - Customer Tool Enhancements,2026-05-04,2026-06-15,Managed Services,DEAL WON,JMG97,JMD135,268F8F25-FFFF-4AA8-B7CF-F6A9D40FEAAA,BI and Reporting;Data Engineering,Core Reporting,1,given,2026-06-26,,4.0
ace8f407600c0b7b353333da932db7d89495518798cf450592ddc90526939253,HGC_044,Hg - Project Craft DD support (JT / NM),2023-04-20,2023-04-26,Client Project,COMPLETE,JMG31,JMG31,EE649EF4-C803-4F9C-A7AA-110D5BBB256E,,,1,given,,,1.0
07a689dc6d0d2680944ebb83fea1e3221cf7997c979df797ad8b1ea175e588c9,UPR_013,upReach - Schools Database Automation (ZF/AP),2025-07-07,2025-08-27,Client Project,COMPLETE,JMG149,JMG77,34DF2ADE-5CD1-46CD-8387-6B2C0F3FEBA5,TechOps and Automation,Core Reporting,1,given,,,1.0
49e966324bcab459d4ec702d0698b28a335b35b1b1619c8e7f3d2e0baa1df2cd,GIA_001,Inflexion - Giacom - Design & Discovery,2025-09-15,2025-10-31,Client Project,COMPLETE,JMG72,JMD179,839EDA27-332C-4F04-AB08-5C7BA3E72409,BI and Reporting;Data Engineering;Consulting,Data Advisory,1,given,,,2.0
e9bf04b372691989f74d27ac6f0a10a54e00f86192b587d48e1d09113f57a05f,SNH_001,Broad Sky Partner - Smith + Howard - Design & Discovery,2025-08-15,2025-09-11,Client Project,COMPLETE,JMG114,JMD235,44C907BA-FD75-4BD4-8E2B-DE9D92C6CEC8,Data Engineering,Data Advisory,1,given,,,3.0
cddcdb950e58d809e5c290913237f8f18b281e82ddbf3112d3f8d27d90906779,ALA_002,Social Media Listening - The Private Clinic,2019-03-26,2019-08-31,Client Project,COMPLETE,JMD3,JMD3,2F3480E2-BF0C-49D0-BE00-3D760C18A37D,,,1,given,,,
9677dcefe2cbb1a4d489fd7abfda385bec600e22efc25edb93a9b09d0f4ba8c8,UPR_004,UpReach Migration,2022-02-01,2022-12-31,Client Project,COMPLETE,JMD160,JMD39,34DF2ADE-5CD1-46CD-8387-6B2C0F3FEBA5,,,1,given,,,1.0
ad44f7735321693f5c7cbc26d527b184cb8f4d3868919cdefff0f07460322e0b,NTS_009,Netsmart FMP,2023-01-02,2023-06-30,Client Project,COMPLETE,JMD8,JMD57,11E011AC-D864-49EA-85CD-38A219CB55C6,,Managed Services,1,given,,,3.0
077fcab8aca51e2e466aea19c11b244505eee0a1eaf302ef03fa204ac1d91725,OHO_002,Enhesa - 2-week support,2025-04-07,2025-05-04,Client Project,COMPLETE,JMD42,JMD42,F8AC2C91-E710-4AD2-85C6-C8A1F6673844,Data Engineering,Core Reporting,1,given,,,1.0
b9dec314da3ebed6eb0e5e49e995474ba5ad2716aef8a928967f654a0057ca52,BAK_002,H&F - Baker Tilly - Phase 2 Tactical Reporting Support (JT / AB),2026-01-05,2026-02-27,Client Project,COMPLETE,JMG98,JMD435,0F65D3C5-AAD3-497E-B3BA-5A6D8D64BCD1,BI and Reporting,Core Reporting,1,given,,,1.0
f47d13d99467e68936f16e22b175f5335b7d3a83b7930e730b3606630f496ad8,ARR_001,Churn Dashboard,2022-10-10,2022-10-28,Client Project,COMPLETE,JML-013,JML-013,87CC9E8D-CE2D-438C-96AD-AD3DE9E877A6,,,1,given,,,2.0
73639a46eff850a56bbe4e8ac551ddf201a5d421782af5e1edbb458cc3406fec,GHO_003,Gresham House - Susi Partners Integration,2026-04-20,2026-06-08,Managed Services,COMPLETE,JMD126,JMD126,3BEEA552-CEB2-405A-8EFE-110BEDA13318,Data Engineering;BI and Reporting,Managed Service,1,given,2026-06-19,,3.0
f066896990032459c2a9bdd2a21ab9abce4479287d4a07e95f9b1b75b6956369,GLS_015,Levine Leichtman - GLAS - BAU and Handover,2025-10-01,2026-06-30,Managed Services,ACTIVE,JMG64,JMD257,16BA707B-C0A5-43B3-8F7F-4D0E13213915,Data Engineering;BI and Reporting,Managed Services,1,given,2026-08-21,,4.0
0c2017aa104ac17c7d5dbeb2038e7a08acb7bfc87a8b16e645220e29fe0a657c,COD_001,Code & Simple Health Customer analysis,2020-09-01,2020-09-30,Client Project,COMPLETE,JMG42,,E9B558EF-D076-4286-9981-97999D408563,,,1,given,,,
1635d8188ed136376d64ae69ab5345feb68ee110c24fbe5aec72e9da67cf2cb6,STT_009,Horizon - STRAT7 - Project Oracle Support,2025-03-13,2025-04-04,Client Project,COMPLETE,JMG97,JMG97,A7EFCD95-5542-420F-A161-2025F1955333,BI and Reporting,Exit Support,1,given,,,4.0
91c984166e83105db89dddb283d319b8ed19f0979e550bff8c7bad8c017b87d8,EVX_004,TPG - Everfox - Renewals Bridge & Salesforce Data,2025-09-06,2025-11-14,Client Project,COMPLETE,JMG44,JMD135,1BDA2FFB-61C7-4F3F-A819-D79EE3818C31,BI and Reporting,Core Reporting,1,given,2025-12-19,,4.0
0813fd49595afce26049d80a15c8681be7c2d9555d31366730d8e934f6ba9c65,OHO_007,Horizon - STRAT7 - Exit Cube FY25 Q3 Refresh (GP/KK),2025-10-20,2025-11-02,Client Project,CLOSED,JMG212,JMG212,F8AC2C91-E710-4AD2-85C6-C8A1F6673844,BI and Reporting,Exit Support,1,given,,,1.0
7386afa702eac5b0c1eba89ea4834f68ac13420c2d25ed095a04799c3c2af69f,FMT_008,FMT_008 - Pricing Optimisation - Stablecoin (Project X),2025-10-06,2025-11-09,Client Project,COMPLETE,JMG302,JMG302,150AB409-24E2-4F6D-A223-F05935E58DA6,Consulting,Value Creation,1,given,,,2.0
dfae00a0c65bcdef70e735da511613e41951805415b1fa7cf8eccd21cef57d5e,EVL_001,Permira - Evelyn Partners - Outflows,2024-11-08,2025-01-30,Client Project,COMPLETE,JMD372,JMG207,E4F450EE-F3E0-4CDA-84C8-1C46E238B348,Data Science,Value Creation,1,given,,,1.0
f9147608a6aae8224892ace635ad77f9ada5c9388816b0a8c4e2387579290eea,UPR_012,upReach Associate Info Cube & Review of Refresh Schedules (KM/AP),2025-05-05,2025-06-27,Client Project,COMPLETE,JMG149,JMG149,34DF2ADE-5CD1-46CD-8387-6B2C0F3FEBA5,Data Engineering;BI and Reporting,Core Reporting,1,given,,,1.0
72f37e6551e3840bcf40c328e3548e1a7caa5dd358fd80b5fdd1c341b99716a0,CVC_001,CVC - PE Social data reporting,2019-09-09,2019-11-15,Client Project,COMPLETE,JMG21,JMG21,98D4FCCF-8B39-42C7-82CB-DE496F42C944,,,1,given,,,2.0
cc68c27d84aac2d6bb5c56145a59fe571585149055b11ba0a412c2b6d3e0c6d1,MTU_004,Permira - Motus - Job Title Scoring,2025-02-24,2025-04-29,Client Project,COMPLETE,JMG218,JMD116,A9B18F79-66D7-4BA1-B09E-46A01365B601,Data Science & ML,Value Creation,1,given,,,3.0
6540e958b1d8bff9813c0c34a55cc2969b58a8a51b30ee8917dee1ca86aec5a7,URB_007,Guna Intl - Urban SDK - QA Phase 7,2024-01-02,2024-03-31,Client Project,COMPLETE,JMD16,JMD16,537AE83E-2265-47B9-80F8-98900B13B716,QA,Managed Services,1,given,,,2.0
3e3a5e2fc3d1d9c85dad062b09222ac5e3cc4ce7ae05ab570b4b0d3b4aad8911,DJL_001,Waterland - Project Dynamo - D&D into Exit,2026-06-01,2026-08-10,Client Project,SOW PENDING SIGNATURE,JMG209,JMD106,7E347B9B-980F-47D1-8F5D-8CBB848D2490,BI and Reporting,Exit Support,1,given,2026-09-18,,2.0
587b26320170983aa716d789adce96e511056eb5fe0a0c5e72ba30bbd427e48a,LWF_001,Lawfront - Phase1 D&D - Customer Cube,2025-07-14,2025-08-08,Client Project,COMPLETE,JMG354,JMD82,C05AD92C-C140-4C13-B40D-9BB219B0F157,BI and Reporting,Core Reporting,1,given,,,4.0
4fa59f608325024da69c171a447d60026d535ee1f52f05dd0c9cf680ff09eeb7,FIR_001,FireTree EM,2020-09-21,2020-10-30,Client Project,COMPLETE,JMD97,,A13DC602-1FC1-4D39-B2AF-D0F1E4D8767C,,,1,given,,,2.0
b49dcd7d663e7ea8ab802832d0a17b43ba3555e82339dea8312dc3e42ed80fe4,SVT_027,Searchlight - Survitec - DTaaS - For Defense - Ongoing Support,2025-11-12,2025-12-12,Client Project,COMPLETE,JMD3,JMD132,06667D0C-DFA2-4925-A6B2-CEE326A4E4D7,Data Engineering,Managed Services,1,given,,,3.0
711293f80fef824e47a097272f2ad35615a6a339445a3df71a2680cb589fd483,ALM_012,Apax - Alcumus - US Churn Expansion (ALM_012),2026-02-09,2026-04-06,Client Project,COMPLETE,JMG117,JMD112,7F3D6169-7593-427C-AEB3-F0F6C253DA67,Data Science & ML;Gen AI;Data Engineering,Value Creation,1,given,2026-05-29,,4.0
4446e5c766c54699e51309fb22529d391459ff4cb5ada1296b9e48f9cb591b18,ECS_006,Ecosurety - Collect Performance Testing & Infra Review,2023-09-14,2023-10-17,Client Project,COMPLETE,JMD16,JMD16,24D10D6E-AEC1-4B92-8D43-1410BFBEC48A,,Managed Services,1,given,,,1.0
e37be7e0144f66a151d0f1194d26e2277e6a339d273d3cf2b3c7fea2598bf750,LAG_002,NorthEdge - Latus - Phase 2 Build,2025-02-03,2025-04-25,Client Project,COMPLETE,JMG79,JMD152,C8013A4D-C2A8-4C1E-A0A9-C221D6D83DCC,BI and Reporting;Data Engineering,Core Reporting,1,given,,,2.0
8491fdc45d71c87e71dbdac611015679cde3f29d62574a0dfac708d0777ecb86,OPM_002,TPG - Optum - ARR Build,2026-07-13,2026-08-24,Client Project,DEAL WON,JMG344,JMD179,F0A7C043-87AD-4B87-ACF0-3CFCF7746203,BI and Reporting;Data Engineering,Core Reporting,1,given,2026-09-25,,1.0
34c7a6230c7b20c5df2636c5228cc4c75be3e9490792886a65ce68995d07cffb,SOV_004,Snowball Modelling Support,2021-11-10,2021-12-31,Client Project,COMPLETE,JMG29,JMG29,F984AAE7-6BC9-4D69-8125-763CEE1196B5,,,1,given,,,1.0
2a8fa5c6db695e107e84de43be1ea4cb6b1bc2d5930a6ed498d29104ae423631,MCC_002,MCCC Social Media Analytics,2019-02-01,2019-02-28,Client Project,COMPLETE,JMD43,JMD43,023E9694-A58A-483F-9850-B9C78FB6C86F,,,1,given,,,
37c85db198b5c18c34aa8f550d70a2872c6c2caf4c90bbd391d1178bb301b0c4,PFG_005,Managed Service,2023-02-20,2023-03-31,Client Project,COMPLETE,JMD41,JMD41,7FD76730-2ADC-4C30-BA25-06459E759DB6,,,1,given,,,2.0
76059fa5b4283c6a56c69a5394c75e8ff71c408c8d375ededa3ae8ddb5355a9b,BAU_004,Sales,2022-09-05,2030-09-30,BAU Activity,ACTIVE,JMG300,JMG300,EDB6A9A7-5102-45E7-9BE3-A7F958716C2F,,,1,given,,,
92e91e7bb3ff20dd1b1bb2f5f9f143dc28102b72a34de37d75318949a1747583,PBE_001,Freshstream - Project Better Energy - Data Assessment Phase 1 (TP/SI/KM),2023-12-11,2023-12-22,Client Project,COMPLETE,JMG51,JMD118,55610AB3-6BF8-433E-ADFC-3256A306E84A,,Data Advisory,1,given,,,4.0
73abb51503f42960b5b3efd222204e033106b1595da4d37ce2dd8f51f5884c61,BSM_001,BMSO - MI reporting,2020-05-11,2020-06-30,Client Project,COMPLETE,JMG42,JMG42,C1849EF0-3389-46D4-BA0E-E0A4E29BD592,,,1,given,,,
69fb5c1e6247231f3941635c45e8f0f524b25e499bdb4686784dd88ce78a8851,CNV_003,Online Retail Market Analysis,2021-01-10,2021-01-31,Client Project,COMPLETE,JMG15,JMG15,8135724D-49AF-474E-A51F-16D014729EE8,,,1,given,,,2.0
46f0059a8ad46205f8829c29a78d16d0099b594d2cba5e1251bdf287b2d1b4f1,NZO_001,Waterland - NetZero - Design & Discovery,2026-03-16,2026-04-20,Client Project,DEAL WON,JMG218,JMD28,EF39E392-4DEF-4ADC-B095-2E495BB0ED5C,Data Engineering,Data Advisory,1,given,,,2.0
9d182f9718c103dc310868c3f55f88d548e7a6827e19a92e8babc6f4e5ea57b8,GET_007,Workday,2019-02-01,2019-02-28,Client Project,COMPLETE,JML-005,JML-005,FE147121-9446-4FD9-B905-0EB291701893,,,1,given,,,
e6ff906df555062468786cbb9655b37bcc0dfa8c1687e71eb2efc03de7663011,ONE_003,Zoner CLV Analysis,2020-12-11,2021-01-08,Client Project,COMPLETE,JMG31,JMG31,AC87B31A-212B-44B6-BA73-6677A4222D6E,,,1,given,,,2.0
e4260dd29fa1dca450cdb533d43c0bdb974f79f504608f8a7c1ccf5667679968,PMD_001,Apax - Palex - Infrastructure Scoping & Build (TW/CD),2025-05-04,2025-12-31,Client Project,COMPLETE,JMG49,JMG49,EA716F89-3736-420D-B9AC-673F54B08A73,Data Engineering;BI and Reporting,Data Advisory,1,given,2026-03-21,,4.0
51494cca8d09cee52ad7afb4e5197028e0571afd62978d60c62f8a07224c970d,OEM_004,180medical - Mobile Application Patient Portal,2023-12-04,2023-12-15,Client Project,COMPLETE,JMD12,JMD12,DB7EF813-0AA5-4F6F-940D-47E6C5CDD230,,Managed Services,1,given,,,2.0
eec5e3e611770277f1875b78ec13f3d0a32ea39c59962e128781b7faf28007c3,SGT_004,TDR - Stonegate - Secondment for pricing (TP/FH),2023-05-17,2023-12-22,Client Project,COMPLETE,JMG161,JMG161,8DA57139-9112-4BAD-A64A-4AC20AD2596C,,,1,given,,,1.0
15f1d91da169488f70ed2b1b59cdf7d48a2de9f0d19e822c9ef91cc96cc3df01,SGP_005,Commercial Bidding Strategy,2019-08-05,2020-01-31,Client Project,COMPLETE,JMG42,JMG42,E4B44870-37A3-481D-8E7D-EF12AA7BE46B,,,1,given,,,
8442836f1066038c20999e02be9e1f7bc24fb6ea29f8b24f85864c23e391b3f3,URB_010,Guna Intl - Urban SDK - QA Phase 10 (AG),2024-09-29,2025-01-23,Client Project,COMPLETE,JMD165,JMD16,537AE83E-2265-47B9-80F8-98900B13B716,TechOps and Automation,Managed Services,1,given,,,2.0
901bc732ce774cc9e6f60592bb1b3202d871e0ac94bf293ce21d0ae59122b4a3,PSC_009,PRT Text Edits,2021-03-31,2021-04-02,Client Project,COMPLETE,JMG22,JMG22,88B6B8E6-EF36-4337-80D6-8986EB36FAC7,,,1,given,,,2.0
8e1d2975d47a6443c8ad6438ac241ec45fd99a835070ec190dd26173e86abe4b,OCP_005,Oakley Capital - ESG Tool Implementation (AB / JT / SG / AL),2026-01-05,2026-05-01,Client Project,COMPLETE,JMG98,JMD12,F96160CB-9CAA-455A-8B20-E2E563CCF353,Full Stack Engineering;BI and Reporting;Data Engineering,Core Reporting,1,given,2026-05-29,,1.0
df7d2774ab1f1e576a614b98290d1b816ab8df6ed71e76385458c43a420d0f25,NTS_006,Netsmart FMP,2022-01-03,2022-12-31,Client Project,COMPLETE,JMD8,JMD27,11E011AC-D864-49EA-85CD-38A219CB55C6,,,1,given,,,3.0
5dc52223966cd544ce09435d45f2a3586cde5d305d1064f22270b8da319c90a5,JMG_129,Review of pain points in knowledge sharing / JWiki,2022-09-12,2022-12-02,Internal Project,COMPLETE,JMG22,JMG22,EDB6A9A7-5102-45E7-9BE3-A7F958716C2F,,,1,given,,,
db1b910919e95b3aa0860e4fff0e582718923a98d25b5b2ab99ba340c0574912,TLO_001,Tenzing - Tillo - Bolt On DD Numis (JC),2026-01-26,2026-02-16,Client Project,COMPLETE,JMG107,JMG51,EC7BDF7D-C267-448F-9467-B46D7E1476AC,BI and Reporting,Due Diligence,1,given,2026-04-04,,2.0
f8eca1d9cde4c87c98bbb3b4adeb28011d4885e3eabb8f8b1977c604aaf6af45,JMG_245,Product Maintenance BI,2024-09-01,2025-08-31,Internal Project,COMPLETE,JMD42,JMD152,45AC9AD7-51C9-4C2D-AB89-ADEA174B2771,,,1,given,,,
9ad8fbf38c454203bfbb165702002d7e6523049703034797bbfbe64c399fbc14,LIT_002,Managed Services,2020-11-04,2022-10-31,Client Project,COMPLETE,JML-024,JMD41,473AE726-CA6B-4869-B88B-B131A95074F8,,,1,given,,,1.0
4be393c3493899f8d597436709e5e97b6f96a44e12ca6a81c1f216effe016f5a,SOV_014,Hg Capital - Sovos - System Migration Support (NM),2023-07-24,2023-12-28,Client Project,COMPLETE,JMG53,JMG53,F984AAE7-6BC9-4D69-8125-763CEE1196B5,,,1,given,,,1.0
8a9d2fedb02e90d0dcf39a719983a14551532ecae021bf5d75360641fd073a92,ZCF_001,PSG - Zenchef - DW and Snowball (MH/BL),2023-04-05,2023-05-26,Client Project,COMPLETE,JMG56,JMD3,5CD82B47-886E-4058-A5FD-834F45130BE4,,,1,given,,,1.0
3b7240e54ddf4d9a07fae64a59bc79ef52f6c76a45180968a652aafcf641dc19,JMG_216,Product - Lead Scoring,2024-08-01,2025-12-31,Internal Project,COMPLETE,JMD37,JMD94,45AC9AD7-51C9-4C2D-AB89-ADEA174B2771,,,1,given,,,
9d2fef249532ea00fce78735ba90591b431d2a1903c03a5a2a1eb57b8593bd39,FRG_002,Frasers Group - DTaaS Extension,2024-05-01,2024-10-31,Client Project,COMPLETE,JMD3,JMD81,D94A0075-BF8F-4217-AA78-69F5ACD0FB03,Data Engineering,Core Reporting,1,given,,,1.0
8af8df055029af912fe31347ef3628765c8613f3f1d89a64116ce886d6c0963d,AUF_007,Baird Capital - Aura - AV ICP & Prospect Scoring,2025-04-07,2025-05-27,Client Project,COMPLETE,JMG98,JMD5,E89CED45-CB39-4485-AFB8-F802587197A3,Data Science & ML,Value Creation,1,given,,,2.0
40724d2a06b803dce170b237b1de3db24842b06050fbe8331eff204464b803a6,CTG_005,CBPE - Centralis - BI Secondment Extension (AB / FS / YS),2024-04-30,2024-05-23,Client Project,COMPLETE,JMG98,JMG117,2F4EDD73-07BF-402F-8944-2316A7D9A444,Analytical Engineering,Data and Reporting,1,given,,,2.0
ebf1f9415a11789531d944398d418e480fe35e76ca28c88f1ddc50c0f528e27a,ZED_003,Corsair - Zedra - Client Revenue Build,2026-06-29,2026-09-21,Client Project,DEAL WON,JMG190,JMD84,FFDFFC68-8743-4418-802A-11A99EF184BC,BI and Reporting,Core Reporting,1,given,,,5.0
bb54f11404839c86beaf0e19091889ccb09ef9bea74b5d6993b8cf82c08bede9,VRA_003,Livingbridge - Veramed - Managed Service (EA/DD),2024-06-02,2026-08-31,Managed Services,ACTIVE,JMG157,JMD221,F6DE63C6-9DE4-4BB0-9988-BA057EE8B051,Data Engineering,Managed Services,1,given,2026-06-30,,2.0
96439926e4fdf882f9df8f618a9eb8425cd7af8f9b42943a0e62cd3871627ccf,SET_001,Phoenix - Setfords - WIP Excel model review,2024-09-23,2024-09-30,Client Project,COMPLETE,JMG53,JMG222,F1772045-0D4D-4DCB-A804-5CE27BF2D1D4,Consulting,Core Reporting,1,given,,,1.0
b7645a01ea6c59032057d3eab0414eb99007fb6c008f21ea0ffaaa927f852650,GLS_022,Levine Leichtman - GLAS - Additional Reporting & Insight Use Cases,2026-06-15,2026-07-13,Client Project,DEAL WON,JMG69,JMD136,16BA707B-C0A5-43B3-8F7F-4D0E13213915,Consulting;BI and Reporting;Data Engineering,Core Reporting,1,given,2026-08-21,,4.0
71925758f1416d624bce98b3c67494d99cf9f71ee29293efa71af07f9d9dd287,JMG_007,J-Labs Datalytics,2019-01-01,2019-12-31,Internal Project,COMPLETE,JMD11,JMD11,EDB6A9A7-5102-45E7-9BE3-A7F958716C2F,,,1,given,,,
98e044fa379b2a5dc2e36cef6db5abc9de573bab308620f3628e8b478b885793,CSD_002,Flexpoint Ford - Clearstead - Managed Service (CD/MB/VK/NG),2024-09-12,2026-08-31,Managed Services,ACTIVE,JMG59,JMD189,A7055242-6D88-4386-A79A-740298F495CE,Data Engineering,Managed Services,1,given,2026-07-31,,4.0
1dbdf353c9c8cbe5696b818639ed4c52032f2ad4565eb01e4be9eb97ada2e8a7,JMG_221,Product - ScrapeJester,2024-08-01,2026-12-31,Internal Project,ACTIVE,JMD156,JMD195,45AC9AD7-51C9-4C2D-AB89-ADEA174B2771,,,1,given,,,
aef800ead9340d54a21dcbbc796b67e3886ba4a57c2fd6858f2d1d225fe1c136,KSY_008,Insight - Kaseya - Data Products Oversight,2026-04-20,2026-08-10,Client Project,ACTIVE,JMG114,JMD91,2B0A8598-3C73-4209-A636-E544FFBCF854,Data Engineering;BI and Reporting,Core Reporting,1,given,2026-12-25,,3.0
d7be7338b2b2bc86ba42996e072d4654a16799fa50041a06ac001707e3f8a2a3,GFW_003,Genflow Influencer Search Tool,2022-08-02,2022-09-30,Client Project,COMPLETE,JMD162,JMD162,C668E14D-B09A-4AFE-A6E2-079AF7187ED9,,,1,given,,,
50bb6ae17a2951fcd7c65d5d1a012fce110ff2fd3ea09bae635bfa65e4c1adaf,JMG_133,Roll out of final brand materials,2022-09-12,2022-12-02,Internal Project,COMPLETE,JMG15,JMG15,EDB6A9A7-5102-45E7-9BE3-A7F958716C2F,,,1,given,,,
9935ee9e165b7df20a19d7fee49f1b4566df8d93bda3faaeb88889a7976a0055,WSD_002,Bowmark - WSD - Secondment (PG/BL),2023-07-31,2023-10-20,Client Project,COMPLETE,JMG105,JMG87,345C6E6A-CF5F-4471-94F5-80188F8B34AF,,Core Reporting,1,given,,,1.0
ed579a67b01acddd996ea16f26d664af69502a379a526f505204b3ece87b311d,LOW_005,Perwyn - Lowe - Q424 Cube Refresh (JC),2024-12-08,2025-02-21,Client Project,COMPLETE,JMG51,JMD141,5B2E59CB-5FFE-4024-A372-A4600861A984,BI and Reporting,Exit Support,1,given,,,1.0
335e49b68498c3d65c903da5eac6a414ca470ef656409225bc29ab2f80972986,VIA_001,Project Voyager Data Cube Build,2023-05-03,2023-06-09,Client Project,COMPLETE,JMG31,JMG31,27CC6E37-931F-4615-AEBE-4CE81C413CEF,,,1,given,,,3.0
150bd4337b89f82247b4367cbcdd8488fdc22cef55558b7849632f1fba7bbcef,BIC_004,Vistria Group - BioCare - EP Cube KPI Reporting (Phase 4),2025-01-21,2025-04-25,Client Project,COMPLETE,JMG49,JMD125,E93CC17E-3217-43AD-813D-5AE48C2FF8E8,BI and Reporting,Core Reporting,1,given,,,4.0
9e95936f3d62dc18d93c20893c067fe56baff08cf0bb08152d1e91ac704942cc,BAU_001,Training & Project Knowledge,2022-09-05,2030-12-31,BAU Activity,ACTIVE,JMD433,JMD433,EDB6A9A7-5102-45E7-9BE3-A7F958716C2F,,,1,given,,,
35b975bfbce55d946d93fee00d15a1e9484e6414e48fb5d7a7af4c9463be8fe8,CTK_001,Castik - Sphinx - May M/E cube refresh,2025-06-30,2025-07-13,Client Project,COMPLETE,JMG236,JMD153,55756627-9318-41D9-B8BA-18642A93B186,BI and Reporting,Exit Support,1,given,,,2.0
9a845558f5fc71ba929d910a8194e3b464157d23689203b2c572abf1cc84205c,PLG_002,Oakley Capital - PLG - tactical PBI support (JT / LD),2025-02-03,2025-03-28,Client Project,COMPLETE,JMG29,JMG159,09E5C8A7-E152-4F6A-87B3-2DEAFC4E378D,BI and Reporting;Consulting,Core Reporting,1,given,,,1.0
eabb5ff2f3fdcee88018aa0becd31fa48070285d3a254364454974d955442fe3,TPW_002,Building Blocks,2019-03-18,2021-12-31,Client Project,COMPLETE,JMD160,JMD160,A8F9E870-AF46-4251-AA4B-3828ECD5224C,,,1,given,,,1.0
f2e29e909781c33a22c76f63e32df3ce5cb8e4057eb532f802aa4a2d915388a6,BDC_001,Baird Capital - Internal - Fund Reporting (FS/YM/SR),2023-12-03,2024-06-13,Client Project,COMPLETE,JMG86,JMD87,DFFA3EF0-FCD2-49CA-A6AD-D632D1E7CF21,,Core Reporting,1,given,,,2.0
087df72b31b9341cbb801f9f447c4fe854d68698d6be6e69f4c632a65dd14ded,PFC_002,TPG - Velotic - Platform & Reporting Enhancements,2026-04-27,2026-05-26,Client Project,COMPLETE,JMG128,JMD195,7FB009B2-3925-49CE-91CB-1F18FA20663D,BI and Reporting;Data Engineering,Core Reporting,1,given,2026-06-26,,4.0
444c1f637cd14f24bc66cd44146b042036ab4297d1321cb6f4b38f9a9ef7715e,SOV_012,Hg Capital - Sovos - SSP refresh,2023-06-26,2023-07-12,Client Project,COMPLETE,JMG53,JMD41,F984AAE7-6BC9-4D69-8125-763CEE1196B5,,,1,given,,,1.0
1416e87b51e05aa3349fa8d476e20a3987bafa0b33c947be905efbac74212261,AMC_003,Exit Preparation - Phase 1,2022-03-07,2022-07-09,Client Project,COMPLETE,JMG22,JMD41,68DFFDEA-2C09-454C-BF89-406843DE5C82,,,1,given,,,2.0
2120214dda43813ba0597b8b08ab127c1dbe2d96f6a22099cec60e53609daf4d,HNT_001,Hunt Companies MVR Portal,2022-07-25,2022-08-23,Client Project,COMPLETE,JMD160,JMD162,F1DFBD01-0C3D-4903-A40C-9285ACD09773,,,1,given,,,2.0
1193751f90fe22d13eae7c3619b0d505ff741104c92b4a046042e4d1a06d1d44,SHG_007,Apiary - Shaw Gibbs - Acquisition Integrations,2026-01-05,2026-02-27,Client Project,ACTIVE,JMG64,JMD257,B7987B36-84C0-42F5-BE32-E79567278582,Data Engineering,Core Reporting,1,given,2026-09-04,,4.0
e6985390912d7af3d68b6a3d55ddfde6d8e28ca4ea901c3b8cda7efb7ad56e4f,OCP_002,Oakley Capital - Customer Cube Due Diligence (JT / AB),2025-04-21,2025-05-09,Client Project,COMPLETE,JMG29,JMD28,F96160CB-9CAA-455A-8B20-E2E563CCF353,Consulting;BI and Reporting,Due Diligence,1,given,,,1.0
78f1d7601ff2f4a3f10cf8223db64970a7b2e793cc414bdf0573d6a852c41a75,JMG_147,Integrate sustainability into sales cycle,2022-09-12,2022-12-02,Internal Project,COMPLETE,JMG31,JMG31,EDB6A9A7-5102-45E7-9BE3-A7F958716C2F,,,1,given,,,
138a206029329b328c79643e6d8e793250d15d3f1497b6f50f85c1ec9e466b03,WIT_014,ICG - With Intelligence - dbt Implementation & Workflow Development (TW/EF/OMC/SI),2024-02-26,2024-08-30,Client Project,COMPLETE,JMG141,JMD166,BD5939CE-0970-4DB4-98B7-BF77E8588207,Data Engineering,Exit Support,1,given,,,2.0
4a32e09e29d2fbc9ab76e835dc2d7d7711d6c8749e320158a54fa35630210dc2,EKC_001,Corten Capital - Ekco - Rapid Tactical Insights (CD/JT/JCG),2024-06-10,2024-07-19,Client Project,COMPLETE,JMG81,JMD112,BCF33AF7-2BE3-4886-B5A6-F6E3EDE8B6C6,,Core Reporting,1,given,,,1.0
bd2a9829b8b3efdb511c84a1a79f6cf595d62cfce9bd6634f7258119c4670850,NTL_002,Management Reporting Optimisation,2022-05-29,2022-09-21,Client Project,COMPLETE,JMG112,JMG112,4A53C5AA-F996-4D6C-90D5-3B4046634709,,,1,given,,,3.0
cfc31a68fcb57c9800703a033b9e889dc4c319d8f5ea79d31fe5cae1809da67f,SOV_016,Sovos DBT Maintenance & Development (OCT 2025 - DEC 2025),2025-10-01,2026-08-31,Managed Services,COMPLETE,JMG29,JMD205,F984AAE7-6BC9-4D69-8125-763CEE1196B5,TechOps and Automation,Managed Services,1,given,,,1.0
c9287e00b8cb864e1f60d6208165163af70e95e9dde7475f8c6d09c0787ba64e,SLR_002,SLR Consulting Scoping Phase (TC/LI/MS),2025-11-17,2025-12-12,Client Project,COMPLETE,JMG141,JMD118,610EEECA-22AC-4D30-BA02-AB3055CD2762,NOT_MAPPED,Core Reporting,1,given,,,3.0
e9db60d11af8d66379cff0e6bd3173424a6646dfcf71edcd184f7906242e613b,INU_002,Catalyst,2019-02-01,2024-12-31,Client Project,COMPLETE,JMG42,JMD5,9F7E8FFF-796C-446C-8D1F-E57530870042,,,1,given,,,2.0
9c7804d247cb3d2aaa76b54b12fbbfd68145d66c2397e916da34e4a84b5728d3,MCL_015,myConsole ESG - Stakeholder Maturity Assessment,2023-03-01,2024-04-26,Client Project,COMPLETE,JMD8,JMD96,637B410A-A9BA-45E3-A0AC-45FE639485EA,Software Development and LLMs,Managed Services,1,given,,,4.0
50bc9d586630d85b3812d6619d771289df61a869792535a69d4158f566126c85,SOG_003,Sogelink - Managed Service,2025-02-10,2026-08-31,Managed Services,COMPLETE,JMG220,JMD226,75549145-4D03-4167-AB55-141DB79CEB19,BI and Reporting,Managed Services,1,given,2026-08-31,,2.0
31cd151391bd5899f88ff1dc6ef8120432e4473c19e9845f1ffb3e9a102adf7d,IMG_004,IG Portal,2019-03-04,2019-09-01,Client Project,COMPLETE,JMD11,JMD11,C7BF9AF1-90A7-4606-A6D8-E63E4365D5B7,,,1,given,,,
6cb26436152a1515a1b22983aa5ea6baab378baa5802f823fa96448fe58f0649,BIC_002,Vistria Group - BioCare - Phase 1 MVP (MC/CD/SI),2024-06-09,2024-07-31,Client Project,COMPLETE,JMG49,JMD94,E93CC17E-3217-43AD-813D-5AE48C2FF8E8,Analytical Engineering,Core Reporting,1,given,,,4.0
86157ab44936de00a70941e510fd0f9ac0c3c553864203a5815eb1ae76c74544,GLG_001,Glory Global,2019-05-22,2019-06-14,Client Project,COMPLETE,JML-005,,E5D86489-B7DA-46C0-AF7D-34143CA229A2,,,1,given,,,
2a9e328bd36443ade6ce29a69e0d4f3d68a8b83b2690a9793fbe354e15f73349,JMG_208,IT Ops,2024-07-08,2024-09-30,Internal Project,COMPLETE,JMD257,JMD257,45AC9AD7-51C9-4C2D-AB89-ADEA174B2771,,,1,given,,,
f8c506b9427ab09172ded4c6210a33606be68100765cdc2a43c557da1f2ed441,ASD_001,Merchandising Support,2022-05-06,2022-06-10,Client Project,COMPLETE,JMG22,JMG22,2DA24903-AD0A-4349-AE06-1F79E0AAC484,,,1,given,,,1.0
face3087232c0b0fda461559957ed5be5665686bafab398bc3dca86828be9469,CLN_009,CCSM Intergration Data Support,2022-02-22,2022-06-10,Client Project,COMPLETE,JMG24,JMG24,CBE4E752-7D89-485F-8768-BE5DBF9C1F6C,,,1,given,,,4.0
a17287a3ce909911a76e5ba99df7fb74312849ec65c0b3cf8b62e3adb4f73a79,TKR_004,Tenzing - Ticketer - Insights as a Service PoC + implementation support (MB/MS),2023-04-12,2023-04-28,Client Project,COMPLETE,JMG52,JMG52,586F7ABD-1D4F-4E25-B567-9B5A98E91DF1,,,1,given,,,2.0
afd37a86d7f976cc34c7304308c40d27aa24ca9c90676f8ecff194dcf2ac3e39,AFM_002,Insight Partners - APFM - Data Model & Pipeline Reporting Build (TC/MC/NJ/CF),2025-04-06,2025-06-13,Client Project,COMPLETE,JMG44,JMD41,C0008667-9222-4F60-8E34-7C89B1C14360,BI and Reporting;Data Engineering,Core Reporting,1,given,,,3.0
b92e54229d261757b3f683d5a89625fa5751a6474d50eb757ba4abf0ac6e48b2,JMG_065,Delivery- MI Apps resource page,2022-03-14,2022-06-24,Internal Project,COMPLETE,JMG22,JMG22,EDB6A9A7-5102-45E7-9BE3-A7F958716C2F,,,1,given,,,
54676243a546aabb9fb4007cf74d292be6c9b9dbd156dcb8a266e62773ce9d3b,CLN_007,MACC Hypercare Maintenance Support,2022-02-16,2022-12-16,Client Project,COMPLETE,JMG24,JMD118,CBE4E752-7D89-485F-8768-BE5DBF9C1F6C,,,1,given,,,4.0
b902301f0a6621ba4dc5c0c89dbec6d21b9b4dd293cbf0624c3118fce6c822af,QSC_001,Data Management Support,2021-11-25,2022-01-21,Client Project,COMPLETE,JML-024,JMD98,34E5306B-5B74-4EC2-B262-4B3C119FB438,,,1,given,,,1.0
de12d7ac1209cd3ff7bf3b4e2222f284d9173e631e93fbbbeb6d2c5160ed9560,JMG_212,Product - Connector ,2024-07-22,2025-12-31,Internal Project,ACTIVE,JMD84,JMD172,45AC9AD7-51C9-4C2D-AB89-ADEA174B2771,,,1,given,2026-12-31,,
471f88775e8fd4ea4c8e78d0007b1a127f120a4a604ae49d332dac9f4ac317c1,BKM_008,MI Phase 2,2020-04-01,2020-06-17,Client Project,COMPLETE,JML-024,JML-024,E07682C0-7187-4EC7-A4B4-2590F0F0032D,,,1,given,,,
b241b1ed7bc9f33e43874c33f2dc3d0dbfc466d37ebfb1efbcfb45e9aa7fc905,MTU_003,Permira - Motus - Model front-end & refresh,2024-11-25,2025-02-09,Client Project,COMPLETE,JMG218,JMD19,A9B18F79-66D7-4BA1-B09E-46A01365B601,BI and Reporting,Value Creation,1,given,,,3.0
5d49c9325ca9d86f2949ff57b3f5e0c723c27482db8a65efe55cc5d304375440,NEG_007,Synova - NEG - Managed Service Support (MS/VC),2023-08-07,2024-02-23,Client Project,COMPLETE,JMG22,JMD37,CC0B7B33-C73A-417A-AAC9-219778FC86B8,,Managed Services,1,given,,,2.0
f87d69fc6ecfedacba7bc4b0c68df5de54c5bf8fb53c34b0698515b9f3cc2200,ACH_001,Snowball Analysis,2021-01-04,2021-01-31,Client Project,COMPLETE,JMG29,JMG29,87AA7E89-FCA3-493A-888E-DD660C78BC4C,,,1,given,,,
dfaa8d098aba37fdbea9fd71dff6b94dc9f500d5fa56e8dfad82932664f49414,JMG_276,JMAN GTM - Project for GTM initiatives,2026-08-03,2027-03-01,Client Project,DEAL WON,JMD472,JMD42,45AC9AD7-51C9-4C2D-AB89-ADEA174B2771,Consulting,Data Advisory,1,given,,,
0d9576847285436eb5274c4135336502bdbd5c166db707dfa87a765063406b06,PMP_002,Pearl Meyer - Build 2.0,2026-06-01,2026-07-27,Client Project,PROPOSE,JMG170,JMD84,A35CF79C-7223-4D39-9F65-3BE2C22DF08D,Data Engineering,Core Reporting,1,given,,,3.0
9fb0c13cfac75a2c4ffe676377d7a7c6df7faff18b5875c4970ff66ebc5595db,CNV_012,One.com - Cinven,2019-09-16,2019-10-31,Client Project,COMPLETE,JMG10,JMG10,8135724D-49AF-474E-A51F-16D014729EE8,,,1,given,,,2.0
97198ffccd1c4cce4e49502c851c2c975680aec5b162fd9dff5147d119be9b9b,CWT_002,Baird Capital - cleanwater1 - Exit Support - Build Phase,2025-07-14,2025-10-19,Client Project,COMPLETE,JMG81,JMD130,12F69E93-486D-4DB7-8018-FFBE3B7C8399,Data Engineering,Core Reporting,1,given,,,2.0
7100dfcafefb84acc3f9e265cc2cf755f6c9963f64ecea963bf31c71d51af85d,HGC_039,Deal Origination Tool - Phase 4,2020-10-04,2020-10-18,Client Project,COMPLETE,JMG22,JMG22,EE649EF4-C803-4F9C-A7AA-110D5BBB256E,,,1,given,,,1.0
253256c3447cbc7496281ed194901b0499b2834824c0cdfa69fdfc02ccac8152,RTC_001,H2E - RAM Tracking - SaaS reporting (JT / KO / VK),2023-07-17,2023-09-22,Client Project,COMPLETE,JMG51,JMD148,4EE29C6C-E77E-4B0A-A014-5EE360F71D29,,Exit Support,1,given,,,1.0
b5d31dac8df9b2b8581dd1e1d5024e68d542127e1f7aeb66ddec70f2936abe4f,VIA_002,Chirisa - Viatel - Data cube acceleration,2023-06-05,2023-10-13,Client Project,COMPLETE,JMG31,JMG31,27CC6E37-931F-4615-AEBE-4CE81C413CEF,,,1,given,,,3.0
6a65ccd3d5223141679f15abcd1a5978ad2477a0428b7ff65b433735a8eb97c7,NXT_001,TPG - Nextech - ARR Support (TW/NJ/MC),2026-05-13,2026-05-28,Client Project,COMPLETE,JMG69,JMD106,7B953EF5-6B36-4BD9-9F26-1B279D453E40,Consulting;BI and Reporting;Data Engineering;Full Stack Engineering,Core Reporting,1,given,2026-06-26,,4.0
509cea3610aa993f526ee455fd4e036153d6ee511df9e4a9da45f3fcfc2ca21c,MSG_013,Miss Group Revenue Deferral,2019-07-21,2020-03-04,Client Project,COMPLETE,JMG15,JMG15,2D143C29-D66C-4CD2-BB0D-1800CC18F116,,,1,given,,,1.0
0869481e2696c91e76afdde11f9fdd62828d16e3c4fdb9678fb17cd3160cf65c,FWS_003,Insight - Fleetworthy - Cross-sell Tool - Build (TC/AG),2026-04-06,2026-05-11,Client Project,COMPLETE,JMG73,JMD184,66BAB079-6D92-42AF-A3FB-B63AA3AB15C3,Data Science & ML,Value Creation,1,given,2026-05-22,,3.0
beddb5f54ff11b967fa3893698431607dee5eef0c7acc8a9b5845b1dab4da90f,JMG_076,Jenkins CI/CD Migration to Gitlab,2022-04-06,2022-05-31,Internal Project,COMPLETE,JMD3,JMD16,EDB6A9A7-5102-45E7-9BE3-A7F958716C2F,,,1,given,,,
7808c3d4fc7121cd411dde010846de53f6b7acccc5c3d2bc367246d0608b30c3,LBR_004,ICG - Law Business Research - Financial Reporting Consolidation Extension,2026-03-16,2026-05-04,Client Project,DEAL WON,JMG72,JMD155,74F92EC5-5DDC-4E7D-B31A-0F0902B4A62F,BI and Reporting;Data Engineering,Core Reporting,1,given,2026-05-15,,2.0
156473c1bf9bcee57fba663baae218684fb357d8ebfdc663b848e3f801b9cda8,CIT_003,Project Apollo (Acquisition DD),2020-08-16,2020-08-28,Client Project,COMPLETE,JMG29,JMG29,766C0C98-E15A-4D17-ACD0-01447E03F822,,,1,given,,,1.0
7c07fc8b8d9f5628c4109ffd4b1f1a41a1788b7d369d469ea038120de2574366,NTL_005,Cinven - Nitel - Pricing Support (MaS/KO),2023-05-01,2023-07-14,Client Project,COMPLETE,JMG72,JMG72,4A53C5AA-F996-4D6C-90D5-3B4046634709,,,1,given,,,3.0
7dc91e3d6ef3f46eaf3f95e64e073313da6bf0fef5c58a857d18afa331edc3e2,PMR_004,Project Mist Support,2022-05-30,2022-06-17,Client Project,COMPLETE,JMG29,JMG29,5DE4495A-84E3-4D46-83C4-6CA90A048F32,,,1,given,,,3.0
84f71d97a779d693140acfaa41a906ffabd98800a7f14f0e583eb0bc775c1501,LGC_002,LGC - CDx system review,2020-10-15,2020-11-30,Client Project,COMPLETE,JML-008,JML-008,AF08DE99-873B-4EF4-8D4A-50CFCEF39CBA,,,1,given,,,
6ae7fe3fbf2fc87208f1a2f7372300bd8080d7b3d697ed9922f278bf9b1aef9a,CLN_004,OSR2 MACC Support,2021-11-29,2022-02-18,Client Project,COMPLETE,JMG24,JMD41,CBE4E752-7D89-485F-8768-BE5DBF9C1F6C,,,1,given,,,4.0
2502184b903f4beec1e7b8fb45695148358446f8a8a6baed01aafc54dcd48e0e,CNV_013,Jaggaer - Recurring Revenue Dashboard Monthly Refresh,2022-10-10,2024-02-01,Managed Services,DEAL WON,JMG44,JMD136,8135724D-49AF-474E-A51F-16D014729EE8,NOT_MAPPED,NOT_MAPPED,1,given,,,3.0
0f2474e1c05112e9bb50e1397ea78eb4c7c416f4addfb59d61d4c8b9fbb9a79c,HGC_007,Project R2D2,2021-02-22,2021-03-12,Client Project,COMPLETE,JMG24,JMG24,EE649EF4-C803-4F9C-A7AA-110D5BBB256E,,,1,given,,,1.0
5f14bb9d3e7dedfb101a8b455f4d18724c77f184cecf1857992152fdac37e4de,CCN_001,TPG - Classic Collision - Data Foundations & Reporting,2025-12-15,2026-06-30,Client Project,COMPLETE,JMG86,JMD39,5692E2D1-CA43-4174-B71C-35FE9575BBA2,Data Engineering;BI and Reporting,Core Reporting,1,given,2026-06-30,,4.0
99c8d595655f374b923430c2335c442cff5cb1360f6a6b9786e035a27cee9659,SVT_009,Searchlight - Survitec - Analytics leave cover,2023-11-20,2023-12-15,Client Project,COMPLETE,JMG113,JMG113,06667D0C-DFA2-4925-A6B2-CEE326A4E4D7,,,1,given,,,3.0
47fbe95726f525f838f1b28b9fcd1294c2c495282df8f090c3379114a9e0f919,JMG_089,People- Recruit a new People and Culture role,2022-05-02,2022-06-10,Internal Project,COMPLETE,JMG15,JMG15,EDB6A9A7-5102-45E7-9BE3-A7F958716C2F,,,1,given,,,
323323da87d453dd8cfc54b5e6af9af35f3867ff2a15d9af2cce0519a13a38a0,OVE_001,MI Reporting,2022-10-16,2023-01-14,Client Project,COMPLETE,JMG52,JMD20,65B2BCEF-3902-47B3-A936-9A7F03852410,,,1,given,,,1.0
43db4d90eeea6f1ef8ea0ff74108867bab97e9244f1b420280a0dd1f9e56a578,PIA_003,Baltisse - PIA Group - Operational & People Cube,2026-07-27,2026-09-07,Client Project,PROPOSE,JMG72,JMD128,0CA65AED-40E2-4976-BEA8-8A6901805124,Data Engineering;BI and Reporting,Exit Support,1,given,2026-10-02,,2.0
47b7141db18df14de2740b1f965c3cb65ade2f3f3b5b47a64575c16b09e59b6a,HMR_001,Hymans Robertson - TPA ETL Process,2019-12-04,2020-01-31,Client Project,COMPLETE,JML56,JML56,66051ADD-087C-4FE4-A4F0-0188B6D5E286,,,1,given,,,
a2fd551c4df2b9a0226cb6fdcc42e90a879e3421d7f695f66a1cda29e7a9b2d2,DNS_002,Horizon - Dains - Data Platform Additional Reporting,2024-05-12,2024-07-25,Client Project,COMPLETE,JMG49,JMD181,5553337B-330A-4E7B-AAB2-97AF6889EF91,Data Engineering;Data Science,Exit Support,1,given,,,4.0
52283c7dfc98b6bb68824f036646f9499c0e36c3b4b42aed8fc90ea61b3f6996,WOW_003,Universal Partners - Workwell - Managed Service (EA/VM/JP),2025-04-07,2026-04-05,Managed Services,COMPLETE,JMG92,JMD291,D9D90AD9-C28D-4A34-B57B-5F3906C1D02A,Data Engineering;BI and Reporting;Full Stack Engineering,Managed Services,1,given,2026-07-31,,2.0
fa09ff5e69a1050571e0d4d56bf8439c352f15d60e06bbe3029e506db1e49c6a,AMC_002,A2Mac1 - Reporting Support Extension (MS/BL),2022-05-16,2024-07-31,Managed Services,COMPLETE,JMG72,JMD258,68DFFDEA-2C09-454C-BF89-406843DE5C82,,Managed Services,1,given,,,2.0
07132f2e482a4e9fcf8283c898e4a65266cc41a41311fb535982f8182331ae6a,HGC_014,Project Submarine,2021-07-26,2021-07-30,Client Project,COMPLETE,JMG22,JMG22,EE649EF4-C803-4F9C-A7AA-110D5BBB256E,,,1,given,,,1.0
fe53490654630f2077ba2d95bb841bd60927dec35a938ed8a7ddd1c479a6b708,JAG_010,Cinven - Jaggaer - ARR Dashboard Enhancements (MS/CF/AK/SM),2024-02-12,2024-03-08,Client Project,COMPLETE,JMG44,JMD41,AC01872E-7DDC-4613-9962-C52DCBECDDF6,,Exit Support,1,given,,,3.0
c58eb1a63d09df96c70ea86652e9a10f286c3e38dafec7bb2977c3f6e65aa70e,ANY_007,Knox Lane - Any Hour - Marketing Intelligence D&D ,2026-07-27,2026-08-24,Client Project,DEAL WON,JMG189,JMD258,AADCDC00-0103-4CF4-B085-45004AAC4CC9,Data Engineering,Core Reporting,1,given,,,3.0
9b971c1958866859d749429aa60efb05ea718885b31491efaa0c03a124e92e54,SVT_008,Searchlight - Survitec - DTaaS Upgrade (CD/MS/SR) (EXT),2023-05-01,2025-03-31,Client Project,COMPLETE,JMG31,JMD132,06667D0C-DFA2-4925-A6B2-CEE326A4E4D7,,Core Reporting,1,given,,,3.0
4a593bf6f999d1101dad169b0103b2534b37a9638c86666ed8139a6491537b73,CRT_001,Baird GIB - Project Schooner - Exit Prep (MC/TC/TW),2024-11-19,2025-05-16,Client Project,COMPLETE,JMG49,JMD81,322C6688-EC26-4A6A-848E-240168233C8F,BI and Reporting,Exit Support,1,given,,,3.0
bac230725ae6a3a4bed2c9aba5ee784b0212fb521521370d6cbae99ae209f2c9,GLS_012,Levine Leichtman - GLAS Offshore Software Delivery Extension,2024-12-22,2025-11-30,Client Project,COMPLETE,JMG313,JMD28,16BA707B-C0A5-43B3-8F7F-4D0E13213915,Full Stack Engineering,Managed Services,1,given,,,4.0
01ccc087fbea2836771b504c3959035235f6f79f472ff13f7d54adf9dc88b438,OIN_001,Nordic Capital - One Inc - Data mapping,2025-01-15,2025-01-28,Client Project,COMPLETE,JMG217,JMD3,459BAB8D-C0E2-4A13-8204-A862EF1EE73C,Data Engineering,Core Reporting,1,given,,,1.0
92b2e23d06642eaeb2dbcd2e5f95df6f01ed0af02c628d7a7290355f15b4ef78,CRU_001,CRU - Development Support (MC/CD/SI),2024-01-17,2024-01-31,Client Project,COMPLETE,EXT017,JMD56,FCD7AD0C-94BB-4E9C-B688-D785EC972386,Software Development and LLMs,Other,1,given,,,4.0
0fc4f145a84c963757eefbe764dd1931d477d9141198e7cf115e3bc99539c9e7,URB_005,Guna Intl - Urban SDK - QA Phase 5 (AD/YS/AG),2023-07-03,2023-09-30,Client Project,COMPLETE,JMD16,JMD16,537AE83E-2265-47B9-80F8-98900B13B716,,Managed Services,1,given,,,2.0
637b8ce1a63cac119394ce7f245e7461bf6151a1228b5b975ee76e278f4c28f7,SOG_001,CVC - Sogelink - ARR reporting,2024-11-19,2025-01-30,Client Project,COMPLETE,JMG220,JMD27,75549145-4D03-4167-AB55-141DB79CEB19,Data Engineering,Core Reporting,1,given,,,2.0
0c3e5380680e7436735f6f6a42b19834cea45155ec3c0022a5cb71faa841f2a1,SKE_001,Sales MI reporting,2022-02-14,2022-04-15,Client Project,COMPLETE,JMG29,JMD3,A65A82A9-A448-475A-B1DA-185DB172E6DF,,,1,given,,,
80a4058c5ab61a08f22ef4e9f166bb94e0e5753502299631d4fc9709b847f822,TTN_002,Triton - Kelvion - Revenue/Margin Cube (CD/HT/SI/YS),2025-01-13,2025-03-09,Client Project,DEAL LOST,JMD3,JMD3,BE123724-264A-4D16-837B-94FB0F5E18B7,BI and Reporting,Exit Support,1,given,,,4.0
4ce9d995c1a878469662932e9afa9607020e03bdf5d8479012dae4c1ac2502e6,TRG_006,Software Tools,2018-01-01,2018-08-31,Client Project,COMPLETE,JML-015,JML-015,329D4B6F-73A3-47C1-9458-913505CBCBD2,,,1,given,,,
2c70c87e8148103e4d1dfc9662b4e89991dbd5d4981a2111dfe25bf56d7b92e7,MSG_019,Perwyn - Miss Group - New Entity Ingestion,2024-09-11,2024-09-25,Client Project,COMPLETE,JMD94,JMD100,2D143C29-D66C-4CD2-BB0D-1800CC18F116,Data Engineering,Managed Services,1,given,,,1.0
7191d3e00ef214ffff56c42303b1f1d1f1f89d1287cbc0b30a0395e3cc4be95f,CIP_009,Insight Partners - CivicPlus - Forecast Model,2026-08-10,2026-09-21,Client Project,DEAL WON,JMG453,JMD495,951EF888-BA80-447A-8646-69007C340272,Data Science & ML,Value Creation,1,given,,,2.0
2333b704bfd166f71c3b8951391ac3a7b7d4a6a1061a5d69fcdfce52d9826817,JMG_049,People- Joint Technical Training Rollout,2022-03-14,2022-04-22,Internal Project,COMPLETE,JMG15,JMG15,EDB6A9A7-5102-45E7-9BE3-A7F958716C2F,,,1,given,,,
62554f193b3a9430c14d514bea003a8e26e5754c583a0b8fa2adebca96b05912,HGC_029,Project Amsterdam,2022-01-27,2022-02-11,Client Project,COMPLETE,JMG42,JMG42,EE649EF4-C803-4F9C-A7AA-110D5BBB256E,,,1,given,,,1.0
16c4fe7f0d0ec0ceb2d6a4951855e1567a4c6a0793d559ad3030c0af2a44872e,JMG_066,Delivery- Standards review,2022-03-14,2022-06-24,Internal Project,COMPLETE,JMG22,JMG22,EDB6A9A7-5102-45E7-9BE3-A7F958716C2F,,,1,given,,,
652f340b8184596f1f65a97cf87aec7fc2a401622829cb0ac170b0531159b7ec,JMG_253,Product - dbtFlake,2024-06-01,2025-12-31,Internal Project,COMPLETE,JMD84,JMD130,45AC9AD7-51C9-4C2D-AB89-ADEA174B2771,,,1,given,,,
859fb194eb31e102e133522ca57c95a78aa83ed4de4450d1b226c755a03e1de6,MTU_007,Permira - Motus - TOF Dashboard build - Extension,2026-03-30,2026-05-11,Client Project,PROPOSE,JMG133,JMD220,A9B18F79-66D7-4BA1-B09E-46A01365B601,Consulting,Core Reporting,1,given,2026-06-19,,3.0
d3c4cfd138ec5971bbc34af2815223a288f3de2abe5bc7b4f6d198c732a4d5e1,JMG_189,Value Creation - Solution,2023-12-30,2026-12-31,Internal Project,ACTIVE,JMG217,JMG217,45AC9AD7-51C9-4C2D-AB89-ADEA174B2771,,,1,given,2026-12-31,,
26c482094ec12bc331286fb5195669145f91e6811060bbd0252591af6ad80e2a,CNV_006,Cinven Data Review,2021-08-16,2022-03-31,Client Project,COMPLETE,JML-013,JML-013,8135724D-49AF-474E-A51F-16D014729EE8,,,1,given,,,2.0
a7c969cedba4760b0ca67965335df7adb3d120ebfe4c6f6adfdbb71efbecc738,HGC_055,Hg Capital - DD Support (NM) 1/2,2023-08-07,2023-08-11,Client Project,COMPLETE,JMG44,JMG53,EE649EF4-C803-4F9C-A7AA-110D5BBB256E,,,1,given,,,1.0
62e2da7e166a7ad0313ab38234ecabe440aecbd9b24cce98c1babbdc87231a09,HGC_056,Hg Capital - data team secondment (JT / NM),2023-08-14,2024-01-31,Client Project,CLOSED,JMG114,JMG114,EE649EF4-C803-4F9C-A7AA-110D5BBB256E,,,1,given,,,1.0
fcc8e578cf4d893cabdfd6453a04892e1e260784347cedf77e94b3bdcbc6060e,WHA_005,TPG - WHK Fresh Service Ingestion,2026-04-06,2026-04-13,Client Project,COMPLETE,JMG128,JMD173,240EC723-FF20-4267-86C3-3F74B8E898DC,BI and Reporting,Managed Service,1,given,,,4.0
83261c6934d1fd02181fb39765c47527a162553f56270a1e9cfff89f1d0e0c72,JMG_087,People- Research on disability support,2022-05-02,2022-07-08,Internal Project,COMPLETE,JMG15,JMG15,EDB6A9A7-5102-45E7-9BE3-A7F958716C2F,,,1,given,,,
d086aba5f52011a481b0570238871b1e35b7c9b68f978d0b49b9e6a97bba63b3,JMG_114,People- Development of data warehouse training,2022-07-04,2022-09-09,Internal Project,COMPLETE,JMG15,JMD3,EDB6A9A7-5102-45E7-9BE3-A7F958716C2F,,,1,given,,,
0c8ca93b0b8b551d6b62fcf4c2722e302396441d539e51261b7f3616e31690de,EQT_001,EQT - Confidential - snowball exit support (JT / TB),2024-12-27,2025-04-18,Client Project,COMPLETE,JMG29,JMG29,FF0B98B7-0B5A-45A9-B26D-4D08FD6DE394,BI and Reporting,Exit Support,1,given,,,1.0
a6bd0adc86df492ca26f6de35a35a569b4025ae4a8bc56ac9eba7c9ccd8d9878,STR_006,Star Capital - STR - Sage Ingestion and Stock Reporting,2025-06-23,2025-08-08,Client Project,COMPLETE,JMG159,JMD172,13D12A91-709D-430B-A3E9-8C9DE0161526,Data Engineering;BI and Reporting,Core Reporting,1,given,,,2.0
abf463517fa72a7a507f526255b6abe081d001dd1546f4ed9314e6650b847e1f,WDC_008,QA Reporting,2021-09-06,2021-10-22,Client Project,COMPLETE,JMG64,JMG64,BA9A80E3-DFA1-45D1-8440-5955274FEA1A,,,1,given,,,1.0
5f403eb2daeda9f590b4385d4db6111971a989af71067a991fba248fa52e9edc,JMG_274,Network Model,2026-06-01,2026-08-01,Internal Project,COMPLETE,JMG209,JMD272,73FABDED-C184-4BEE-8D2F-E357F5145446,,,1,given,,,
38216a009b0e540dfc735586a447d6b76d18d997e944a140c1db6c36b7a6ca44,OTH_001,August - OneTouch Health - Data Assessment (FH/TB),2023-09-04,2023-09-21,Client Project,COMPLETE,JMG87,JMD42,E9ABC726-9457-41C7-B14C-9DAC6248D9DF,,Data Advisory,1,given,,,1.0
d069ee002fd6c51534ffa7360a7748cd06c5be955125098a666abc6e3834e75f,TSI_003,Clearlake - TSI - Ongoing transaction support / build out,2025-03-02,2025-04-11,Client Project,COMPLETE,JMG98,JMD118,E3DBD5C7-ECC1-4D17-9FF2-FE3CD31F5F06,Data Engineering,Exit Support,1,given,,,3.0
130a507d29d7b92e4650807f2ebe31a165d4da68a42c17cb2e149ed198c5d02f,CNV_007,Project Nitro,2021-10-06,2021-10-20,Client Project,COMPLETE,JML-013,JMD41,8135724D-49AF-474E-A51F-16D014729EE8,,,1,given,,,2.0
3eac8111c9ec78b635202165e58379c70299118bc9de481b4b50e9dc98ff763c,LGX_001,Thoma Bravo - Logex - ARR assessment and reconciliation,2025-09-08,2025-11-14,Client Project,COMPLETE,JMG150,JMD89,0CD45E0A-54BD-492E-AB7C-BFBC57B4AE82,Consulting;BI and Reporting,Core Reporting,1,given,,,1.0
a7084de75d516b148a9b0685dbd16a7ec0a37ba40b1c4832563c1e6f0ede837a,WIT_008,Product Data Cube - Phase 2,2023-05-30,2023-07-21,Client Project,COMPLETE,JMG49,JMG49,BD5939CE-0970-4DB4-98B7-BF77E8588207,,,1,given,,,2.0
f2b5cf209ed999ddebf81cfde56f8c63747aef1da4f5301e8c0ed44086df0677,WAG_001,Wagamama - US Market Analysis (JC),2023-10-31,2023-11-14,Client Project,COMPLETE,JMG51,JMG51,A91B43F3-0DDA-450A-B300-1A0C95A24A95,,Value Creation,1,given,,,3.0
be371a4b065f7d533326dadda4ef527026c3a31aed39efa6d941cb9218c7be24,KLZ_002,Permira- Kleinanzeigen - Revenue Modelling & LTV Forecasting,2025-05-12,2026-01-30,Client Project,COMPLETE,EXT015,JMG307,8063D614-4F84-438D-B088-772F439D38BC,DS/AI,Value Creation,1,given,2026-02-27,,3.0
5f62fe380dc42d1d1dd09cad93976db2321a37f7d66df62b2e8d47014312d48a,CMB_001,Cambi - Infrastructure Management Maintenance,2022-01-03,2022-12-31,Client Project,COMPLETE,JMD3,JMD3,34F71759-ED1F-49D0-A637-2EA15C30A0FA,,,1,given,,,1.0
6a6006c03ccc8c2b4f56da15986e0d2adf5f2d76b1662682bc803d5755246954,WSD_001,Bowmark - WSD - Day 1 Data Assessment ,2023-05-15,2023-05-31,Client Project,COMPLETE,JMG113,JMD8,345C6E6A-CF5F-4471-94F5-80188F8B34AF,,Core Reporting,1,given,,,1.0
8046961a27c1f75fbcf9795d4d2a670ba05ac22ee86519944462adee5549471c,PTZ_001,ARR Revenue Bridge Build,2022-08-15,2022-09-09,Client Project,COMPLETE,JMG44,JMG44,6DAE2A80-0E2E-40D9-A19E-0C34F59EDF1D,,,1,given,,,4.0
a48c6771cefed17c0387d4e2298a80ed2002243e16214d2cc412c12a110e05aa,CRG_002,Clear Group - Phase 2 Reporting Build,2026-08-31,2026-10-26,Client Project,PROPOSE,JMG149,JMD379,5AB5DE37-CFC9-4DFE-8CB6-55CAE55E1528,Data Engineering;BI and Reporting;Consulting,Core Reporting,1,given,,,1.0
907341fdc47ede99037933e80cf09db6a26c9c95d49bb1b1ab13cac8b6ddd117,MSG_026,Perwyn - MissGroup Data LakeHouse POC (PG/SP/CK),2025-11-04,2025-11-18,Client Project,COMPLETE,JMD94,JMD235,2D143C29-D66C-4CD2-BB0D-1800CC18F116,Data Engineering,Core Reporting,1,given,,,1.0
2a7a20bd8e832f99660335e43c1896611a618c44381c76e78f644df5123186dd,TPW_006,Building Blocks - Managed Service,2024-07-11,2025-07-10,Managed Services,COMPLETE,JMD28,JMD293,A8F9E870-AF46-4251-AA4B-3828ECD5224C,UI/UX,Managed Services,1,given,2026-01-16,,1.0
d5cfe8df8f7b63d5c774a90317e76f4520c9516d1fa01e474d4251529da71443,CHV_008,Triton - Chevron TM - SDF Report Python Update,2025-01-27,2025-01-28,Managed Services,COMPLETE,JMG77,JMD41,783F433D-70FA-417F-AA42-8D5833AED390,Data Engineering,Core Reporting,1,given,,,4.0
20e36bc9b849ae68b11ac92af70418e509b6c9ec3c482717daa6bb90c0428db4,PLN_001,Advent - Planet - Tactical BI Scrum Team (JT/JC),2023-02-17,2024-03-31,Client Project,COMPLETE,JMG64,JMD84,1694ED55-9658-40E4-8ED3-6D94DA4A7558,,Core Reporting,1,given,,,2.0
0096730e0bed6800c3e476397958849d6edb21c4bbec1d6cafbe18c408e4341b,CLN_025,MDM Support - Integration & Tester Role,2023-03-27,2023-06-30,Client Project,COMPLETE,JMG24,JMG24,CBE4E752-7D89-485F-8768-BE5DBF9C1F6C,,,1,given,,,4.0
9321068d1e471eb67502f69ff8ffe459d4dcd19c55fd74867306f872ce61e9d0,ASZ_003,Data valuation support extension 2,2022-04-01,2022-06-30,Client Project,COMPLETE,JMG29,JMG29,24C94574-43FF-4682-A338-263B0FBF906B,,,1,given,,,1.0
336fd6f93f1e41521502ab306ecc94e83631f85088fe541f0278b9a688cf532f,JMG_041,Marketing- Completion of the Bunker Creative visual refresh,2022-03-14,2022-04-22,Internal Project,COMPLETE,JMG15,JMG15,EDB6A9A7-5102-45E7-9BE3-A7F958716C2F,,,1,given,,,
ccc9e672bb27f7dc3ea8266de954c999d9399ae47da4d36b310c038ee4916003,TTN_001,Capital Structure Excel,2022-12-07,2022-12-13,Client Project,COMPLETE,JMG59,JMG59,BE123724-264A-4D16-837B-94FB0F5E18B7,,,1,given,,,4.0
34f1658a6ae95422ca66f19968e2c97a5717c29c35243dcab8d736955ac21eb2,CLN_030,Triton - Clinigen - Client Reporting Tactical Solution (JC/DD),2023-08-07,2026-08-31,Client Project,COMPLETE,JMG51,JMD221,CBE4E752-7D89-485F-8768-BE5DBF9C1F6C,TechOps and Automation,Managed Services,1,given,2026-07-31,,4.0
2f03a580d6c6359a62f966e1ff82d4f15877bb98e0eaa11dc8a09e8a02341932,LOW_001,Perwyn - Lowe Rental - Phase 1 Data Warehouse Scoping (TP/EG/VK),2023-07-17,2023-07-28,Client Project,COMPLETE,JMG52,JMD118,5B2E59CB-5FFE-4024-A372-A4600861A984,,,1,given,,,1.0
a188d49057146cb9d2c862b853c099cab1bf9a47b803d1edf4d83a91dfe2d4f8,JMG_125,People- Improvement Opportunities,2022-07-25,2022-08-26,Internal Project,COMPLETE,JMG15,JMG15,EDB6A9A7-5102-45E7-9BE3-A7F958716C2F,,,1,given,,,
15afef7a1e2c08ad60ebc95f9162f448b11e6d08d2891979c0914953be7a2586,JMG_204,JMAN Group – Product Strategy,2024-05-20,2026-12-31,Client Project,ACTIVE,JMD3,JMD3,45AC9AD7-51C9-4C2D-AB89-ADEA174B2771,Software Development and LLMs,Other,1,given,,,
17622ffea22fb639e0625fe442d2c0536e4516e4a1a5a0a2ac4093db92e11eaa,CTA_004,Summit Partners - Certania - SGI onboarding and data refinement,2026-03-02,2026-04-24,Client Project,COMPLETE,JMG217,JMD27,CAD81631-8120-4D06-BD19-7C88643927A5,Data Engineering,Core Reporting,1,given,2026-04-29,,1.0
3fa2bcdaa00ef34123bd5b55dc5800fa609165458a6cc8183c2fef8af129ca45,SUT_006,Sovereign - Summit Group - Apr-Jun Refresh,2026-08-03,2026-08-17,Client Project,DEAL WON,JMG157,JMD227,84863A4A-819E-402E-B766-57D56D0E1BED,BI and Reporting;Data Engineering;Consulting,Core Reporting,1,given,,,2.0
9478d15514aa38957998b181b6ed300415e6638d8e5bdfc17e06a4b45a115930,STL_005,Graphite - Storal Nurseries - Storal BI Build,2026-07-20,2026-09-14,Client Project,SOW PENDING SIGNATURE,JMG122,JMD19,3A3351E8-AE6C-4014-A48A-4AC408DA183E,Data Engineering;BI and Reporting,Core Reporting,1,given,,,2.0
d6e1e4f2d5dd31058ebe25a2f59d3d8c533b4ad4b487f3fb670cc12ab346161b,BRT_002,Alpine Investors - Belcrest - Platform Build,2026-07-13,2026-10-26,Client Project,DEAL WON,JMG222,JMD116,D84AEBAB-0940-4FFB-A788-B99D9BF9C126,Data Engineering,Core Reporting,1,given,,,3.0
0088985b0ad9666e1ef43bb76bfaa486ee513b865d2d83de3857897714ecccc8,SUE_001,ICG - Supporting Education Group - Operational & Exit Reporting Suite - Design & Discovery  (JC/EF/LG),2025-07-14,2025-09-05,Client Project,COMPLETE,JMG51,JMD130,62371637-05E9-499E-8480-46755837F85F,Data Engineering;BI and Reporting,Exit Support,1,given,,,2.0
4b7ae582ec4c1800b988023c2a69130c09f1a4aca6f778df5cfc19689fc1ab19,SEG_005,SEGRO Data Platform Project Management,2020-01-06,2020-12-31,Client Project,COMPLETE,JML56,JML56,2A8783B2-5AE0-4378-B753-DA2CAA7DCE88,,,1,given,,,
1ce4dd629fc4743dcd6a3f165c51b8d040d8c9e346070d17da4c910b9bb31f66,ADD_001,Stallion Scraping,2022-03-01,2022-04-21,Client Project,COMPLETE,JMG42,JMD41,71D58240-4511-45B3-85D5-90DCF4FA9BC2,,,1,given,,,
30fff254fe18f60dbdf2382c2395c1384d1458b8fc00b197f2089b29202601d4,TIS_001,Oakley Cap - TechInsights - ARR Design & Discovery (JT / AB),2025-12-01,2025-12-15,Client Project,COMPLETE,JMG150,JMD267,2AA0D75C-64C7-4E14-A530-A4EA9BEAFE8A,BI and Reporting,Core Reporting,1,given,,,1.0
9198fff6764f4e7c304f0d4107593c44062875389ed1f5339c03f16dd89bc7c9,VAE_002,Vantage Education - Exit Prep (refresh and add. features),2025-08-18,2025-09-26,Client Project,COMPLETE,JMG98,JMD135,690C53B3-03CB-474C-9F63-41BD3CD791CE,BI and Reporting;Consulting,Exit Support,1,given,,,1.0
134ffb3778d165f3b2f71ab2188e19399e81ca53be20b8bbe10fc77e90e9e51a,PSC_035,The PSC - Additional Consultants support - Velindre continuation (XC),2023-11-27,2024-02-23,Client Project,COMPLETE,JMG113,JMG113,88B6B8E6-EF36-4337-80D6-8986EB36FAC7,,Core Reporting,1,given,,,2.0
a238b6889ff4be8af3d84195f85ad0d401b42ba03294149a60acf7c87ebc2d80,EIG_004,Alpine Investors - Eight Group - Managed Service,2026-01-12,2026-08-31,Managed Services,COMPLETE,JMG159,JMD118,8F5DC2FD-1CAD-469D-8AF4-BA8582BA852D,BI and Reporting,Managed Service,1,given,,,3.0
e03fd7a06e1bfc737ff9f54ebd5c81d5720658c932fcb1541753330de8905c86,GLS_014,Levine Leichtman - GLAS - Exit Narrative (Additional Resources),2025-06-02,2025-09-19,Client Project,COMPLETE,JMG64,JMD158,16BA707B-C0A5-43B3-8F7F-4D0E13213915,BI and Reporting,Exit Support,1,given,,,4.0
d001337e8b3de39bcd3d3270a06b58dad5301cd5293b879491eb547fac7f35b0,SIS_004,Nordic Capital - Surgical Information Systems - PMI Cockpit implementation,2024-12-23,2025-03-02,Client Project,COMPLETE,JMG129,JMD42,F6FB1F9C-8FCE-45BC-A908-E4C6DE7D160B,Data Engineering,Core Reporting,1,given,,,1.0
be677340b36c699dbe0d92dedbe2f5d48d7f312f8448d68a410ea431fbb35136,TZG_004,Tenzing - DD Support,2024-11-18,2024-11-24,Client Project,COMPLETE,JMG77,JMG77,D6EE1F87-C7CC-4249-9DA8-C9EC5FF4BBB0,BI and Reporting,Due Diligence,1,given,,,2.0
5b359f8ddbb4525fdcf317df0b1c42a00c932348150402b8c451fa5fd02d63c2,JMG_119,Sales- Project Toll- Pricing Model Development,2022-07-04,2022-08-12,Internal Project,COMPLETE,JMG42,JMD3,EDB6A9A7-5102-45E7-9BE3-A7F958716C2F,,,1,given,,,
6f1d51b913e3ab7c2466f9f021aad6c7d8bdab1fd4b57dd9dcbdab32d8576064,GRL_003,Mayfair - Garolla - Franchisee Allocation (JC/TP),2023-12-13,2024-02-15,Client Project,COMPLETE,JMG51,JMG51,BCD3BFE8-4764-4BE4-A05A-8C81DD74CAB8,,Value Creation,1,given,,,1.0
fd1a4ceeebfb42b358d7e0f9b663dab87621357cc65c9c1b8f9549373b222f04,CNC_016,Cinch,2021-10-01,2021-10-31,Client Project,COMPLETE,JMD160,JML56,E6ED099A-E034-473D-A237-92B0C8A6EADF,,,1,given,,,4.0
0d5f549243f31d3e420e27d84f40f028437611f17db2f08c0a9796682b993573,EMC_003,Eden McCallum - data migrations,2019-07-16,2019-12-01,Client Project,COMPLETE,JMG29,JMG29,DE9E676D-60E7-43BB-9B1F-648F8D027665,,,1,given,,,
5871ad441da9a763f443aed7920b9b7d71507426dde2ea1828fa8caeb93c65d7,CNC_012,Cinch,2022-05-02,2022-05-31,Client Project,COMPLETE,JMD160,JMD93,E6ED099A-E034-473D-A237-92B0C8A6EADF,,,1,given,,,4.0
84d9927cdbd445daf761ddb237a24a7cdd767f0b5644f60af58e72096a5c436e,JMG_053,People- ATS Data Analytics,2022-03-14,2022-04-22,Internal Project,COMPLETE,JMG15,JMD41,EDB6A9A7-5102-45E7-9BE3-A7F958716C2F,,,1,given,,,
bd49636ab7e631438f9e67e159669c1db5e7a56598752e078c6cf6e61600dfd7,NTS_013,TA - Netsmart - Forms Development (LV/RR/HV),2024-01-02,2024-06-28,Client Project,COMPLETE,JMD8,JMD22,11E011AC-D864-49EA-85CD-38A219CB55C6,,Managed Services,1,given,,,3.0
f62713f689a29d2d836056702eab2eaa251be728eff3e4c626d47523796478a5,CTA_002,Summit Partners - Certania - Fabric Data Platform set-up,2025-11-06,2025-12-19,Client Project,COMPLETE,JMG367,JMD27,CAD81631-8120-4D06-BD19-7C88643927A5,Data Engineering,Core Reporting,1,given,,,1.0
7b6b64bfd25062abc3ca66561e2116a4374a744bde941e6f8ab0186bbdc26c91,AUE_001,Aureos - Working Capital Dashboard Rework,2026-02-02,2026-03-30,Client Project,COMPLETE,JMG154,JMD47,30E26C9E-BAC2-4B00-A254-A0B1ED498E0B,BI and Reporting,Core Reporting,1,given,2026-05-08,,1.0
e5ad10724205d091e711aba8e89ec946db5e4c71aef3aff88654f03b2a2f159d,CSL_001,Searchlight - Consolidated - Demographic Data Enrichment (NM),2023-05-22,2023-06-01,Client Project,COMPLETE,JMG73,JMG53,60837942-7052-4728-A5E0-463274139BFF,,,1,given,,,3.0
3bc47ac7711c2c5f1195f46febe4ba3b6f8d12c25c477f32b4e48906843d3465,MHS_003,BAU Phase 2 ,2022-12-16,2023-03-31,Client Project,COMPLETE,JMD41,JMD41,046136BB-6FFE-4290-B6F6-2A37955C44D4,,,1,given,,,2.0
9fa1527ea60e8765d03e1001962da2c3f674655ba7464dd2ca0d042fcb9bf471,NEU_003,Permira - Neuraxpharm - Market Expansion,2024-09-22,2024-11-21,Client Project,COMPLETE,JMD94,JMD94,FCD4E105-C01A-4C15-959E-5D7D3DB59FB2,,Value Creation,1,given,,,1.0
2dfad7e5c11607f9afd593347d8312619f77d0d9285b96784033a2ded2ba47ed,ACN_001,MI App,2022-01-10,2022-02-04,Client Project,COMPLETE,JMD160,JMD41,8E0A6FD6-DD15-4CD8-9043-A287EEDF29B3,,,1,given,,,
56f1c4f72d63fa39ed7279eb2e71e70cdebee648d2506cb06e9d841a9361c33c,BAU_019,Human Capital Management,2021-04-01,2023-12-31,BAU Activity,COMPLETE,JMD21,JMD21,EDB6A9A7-5102-45E7-9BE3-A7F958716C2F,,,1,given,,,
cb34b78168d5381ed049e0c32216788a1c3f47da3be2aec6b88f90bea3cd2a61,HTG_001,Hostinger - Cross-Sell & Investor KPIs (JT / MS / JS / AB),2024-09-09,2024-10-04,Client Project,COMPLETE,JMG98,JMD100,5F393809-E16E-4D24-9191-D4162767DDE1,Consulting,Exit Support,1,given,,,1.0
a3156dbc4dc54e3f819a35d13728f1f07c9327db0ea249927d7a0ad30b4cf100,SAL-001,Account Management,2022-01-01,2030-12-31,Sales Activity,PROPOSE,,,,,,1,given,,,
880226b243c63da9e0969153a0aeb1148b2d7c72697bb0908a5281b957336549,CTV_003,Inflexion - Creative Car Park - AI Plate Matching,2026-06-01,2026-07-10,Client Project,ACTIVE,JMG236,JMD166,F4FFDA2E-B79C-4A62-9A4B-EA4EF6BE94A7,Gen AI,Value Creation,1,given,2026-10-15,,2.0
4d6d29a3a17e3b7fdb6e67c68ae4e2c5c6b941e5fa8be7f7e3e272a4bb87977c,JUM_002,JUMiNGO - MS Continued Engineering & BI Support,2025-08-11,2025-08-31,Managed Services,COMPLETE,JMG29,JMD31,870D2486-FD7A-46AB-9D9B-2672ECFCECB6,BI and Reporting;Data Engineering,Managed Services,1,given,,,1.0
d6986e57a33b13decf416ee389b04f344927ab75ee4bbfd7938f17ae0e26216d,TRG_003,TRG Book-A-Table Analysis,2019-02-01,2019-02-28,Client Project,COMPLETE,JML-015,JML-015,329D4B6F-73A3-47C1-9458-913505CBCBD2,,,1,given,,,
faa461a678f3614cd2774a8b34b43af46ae5b2838a5012546c793167b1647929,GCC_004,Growth Curve - Project Milan (AW / FH / RC),2023-10-30,2023-11-17,Client Project,COMPLETE,JMG105,JMD20,E7B0400F-CBCC-4BE8-9573-F811A6B47A40,,Due Diligence,1,given,,,3.0
3ce6df93712cb66bf9959eb7072da80cdf8eca8deeba3d9c93efdd737997eab0,HGC_060,HG Capital - Project Windsor,2023-10-20,2023-10-25,Client Project,COMPLETE,JMG59,JMG59,EE649EF4-C803-4F9C-A7AA-110D5BBB256E,,Due Diligence,1,given,,,1.0
35341462db15a2f6fcb50616dd829dd617060354a9d8d34108a876c190eadf07,CNC_007,Cinch,2021-11-01,2021-12-31,Client Project,COMPLETE,JMD160,JML56,E6ED099A-E034-473D-A237-92B0C8A6EADF,,,1,given,,,4.0
cfa05907078a7959f98be7152919681a82711a04313fa7d2acc19d86d42be402,JMG_121,Sustainability- Assess and improve our environmental impact,2022-07-04,2022-08-12,Internal Project,COMPLETE,JMG29,JMG29,EDB6A9A7-5102-45E7-9BE3-A7F958716C2F,,,1,given,,,
0792844afd808a9de509824088faa03bc0e15d89e57e9d55c4cb805d5ee341cd,SUT_004,Sovereign - Summit Group - Hypercare,2026-02-02,2026-03-02,Client Project,COMPLETE,JMG236,JMD219,84863A4A-819E-402E-B766-57D56D0E1BED,Data Engineering,Exit Support,1,given,,,3.0
21f891792264d5c50f05e2338c439ff1dcbeb71cd43ef2f0d5e037254fb00c9b,CCN_004,TPG - Classic Collision - Scaled Build,2026-05-20,2026-07-29,Client Project,ACTIVE,JMG134,JMD39,5692E2D1-CA43-4174-B71C-35FE9575BBA2,BI and Reporting;Data Engineering;Consulting,Core Reporting,1,given,2026-11-20,,4.0
76c15517e3cbbb1647810093399b054ed844284c344b1f9fa1f3ecdedbbcb4c9,CRO_001,EE commissions analysis,2022-01-10,2022-05-31,Client Project,COMPLETE,JMG15,JMD41,F4BA24D1-2156-4207-AB4C-E4C8AC271BEE,,,1,given,,,1.0
2477d96ecf5b756dd20c5f6d9f9aba2cd1998d481ff79ac64153fc3bbfebe1d0,PLC_001,plan.com - BA scoping support (JT / NM / TP),2024-06-10,2024-06-28,Client Project,COMPLETE,JMG29,JMG29,7E5DEA6D-06B5-433D-8F6D-5641EDD03CE1,,Data Advisory,1,given,,,1.0
4f42ba1ebde523dfcf7c40863ae786af3b5526e3680211fd3fce2307c0e34450,CIT_008,Hg Capital - Citation - Marketing Campaign Data Engineering Support,2024-03-18,2024-04-19,Client Project,COMPLETE,JMD41,JMD113,766C0C98-E15A-4D17-ACD0-01447E03F822,Data Engineering,Core Reporting,1,given,,,1.0
54fadfa37fe58368d3d422c912ef09f8dd5b7a9a56e256c6d84a51640959d103,NEG_003,CFO Secondment,2023-05-29,2023-06-23,Client Project,COMPLETE,JMG22,JMG22,CC0B7B33-C73A-417A-AAC9-219778FC86B8,,,1,given,,,2.0
8ef59f7fadfd93adb9a6397f62e30157cf149cf3105976ad5289ed98df1e7299,PCL_005,Premium Credit Limited - Managed Service,2026-06-01,2026-08-24,Managed Services,DEAL WON,JMG100,JMD291,F5288513-21D2-421A-918B-A9ABA7BF4F69,TechOps and Automation,Managed Service,1,given,,,1.0
01ac04787244aeaf2b867d6d452f68a917f80830c94762f0bc298d509e11898f,WIT_007,Product Data Cube - Phase 1,2023-04-17,2023-05-19,Client Project,COMPLETE,JMG49,JMG49,BD5939CE-0970-4DB4-98B7-BF77E8588207,,,1,given,,,2.0
89d50ea891f2654fba7ac2e7d2288c336b2cb593e38bdb85f9d6535df28847c8,VRA_005,Livingbridge - Veramed - Pulse Enhancements,2025-12-08,2026-02-08,Client Project,COMPLETE,JMG157,JMD312,F6DE63C6-9DE4-4BB0-9988-BA057EE8B051,Data Engineering;BI and Reporting,Managed Services,1,given,2026-08-07,,2.0
ca50297e2bc7902758014d393eb02c24511aeb890021eb0f2267e6ebfd93ebec,KOH_003,KKR - Accell - Email classification,2024-02-20,2024-02-29,Client Project,COMPLETE,JMG207,JMD5,0B4392F7-5F30-4FF1-BF34-91D76DC5E93A,Data Science,Core Reporting,1,given,,,1.0
0be791bae1f520c6bc7efd3beb488669ffa5baa7e7434f968983f69d39e193fa,PSC_011,SDEC Transformation,2021-07-25,2021-12-31,Client Project,COMPLETE,JMG15,JMG15,88B6B8E6-EF36-4337-80D6-8986EB36FAC7,,,1,given,,,2.0
34e98f35624d0b097f35a0c26f895c1f02bcacff87bec9d58b877dd996d4d457,MHS_001,Mental Health Systems_001,2022-07-29,2022-08-05,Client Project,COMPLETE,JMD162,JMD162,046136BB-6FFE-4290-B6F6-2A37955C44D4,,,1,given,,,2.0
46897920b67a6dd34a00015bbb19257837669d7cea1d6665d3c3d1f105a6b896,CAS_001,Financial Reporting,2021-06-23,2021-07-30,Client Project,COMPLETE,JMG29,JMG29,E72F7D91-5FA6-49BC-B840-F213738107A8,,,1,given,,,1.0
e758268b84f1198dc3ccfc92b629b5d03478595ec9624a9ddc4b607aed8c80e9,BAK_006,H&F - Baker Tilly - FP&A Reporting Suite Build,2026-06-22,2026-07-20,Client Project,PROPOSE,JMG100,JMD42,0F65D3C5-AAD3-497E-B3BA-5A6D8D64BCD1,Data Engineering;BI and Reporting,Core Reporting,1,given,2026-08-28,,1.0
69020415753937157b745840b489ea833d75aef5b2fd500945253ec172d1517e,PIA_001,Baltisse - PIA Group - Design & Discovery,2026-05-10,2026-06-14,Client Project,COMPLETE,JMG72,JMD128,0CA65AED-40E2-4976-BEA8-8A6901805124,Data Engineering;BI and Reporting;Consulting,Data Advisory,1,given,2026-08-28,,2.0
1300481b01e92449155e7a37e45155df3cd5a3187821a3f5f2d51cd4191885e5,JMG_054,People- Completion of Chennai grade specs and development management process,2022-03-14,2022-04-22,Internal Project,COMPLETE,JMG15,JMG15,EDB6A9A7-5102-45E7-9BE3-A7F958716C2F,,,1,given,,,
ab44ddb2545b40139d321f3612ae3797ed09e8a27533f624d778d6afb8a3efab,AFM_004,Insight Partners - A Place For Mom - Phase 3,2025-08-24,2025-09-09,Client Project,COMPLETE,JMG44,JMD93,C0008667-9222-4F60-8E34-7C89B1C14360,BI and Reporting,Core Reporting,1,given,,,3.0
5cb482bfb66a7362ad12fd01b482a872d19da4b3bcdd2da809064b04be8e3675,JMG_092,People- Maximising ATS functionality,2022-05-02,2022-06-10,Internal Project,COMPLETE,JMG29,JMG29,EDB6A9A7-5102-45E7-9BE3-A7F958716C2F,,,1,given,,,
ca28b5b9ecf862ef715792e3ef5a758af489c635ea6758948fb259458384fd46,NTS_008,Devero - myForms,2019-02-04,2019-12-31,Client Project,COMPLETE,JMD97,JMD97,11E011AC-D864-49EA-85CD-38A219CB55C6,,,1,given,,,3.0
f9377589620ec7e80acc7822017a30e63f4a2be385e63dc856a3bbd36263627f,PRX_003,Dashboard Remediation,2022-02-14,2022-02-23,Client Project,COMPLETE,JMG53,JMD41,FB1031E5-A832-4227-A95C-FE4437FA3BFF,,,1,given,,,
12cb280d13fbb4932f5949bd698739824060bacf9308baa101e172c796c262b0,SOV_019,Sovos DBT Maintenance & Handover (JULY 2026),2026-07-01,2026-07-29,Managed Services,SOW PENDING SIGNATURE,JMD135,JMD205,F984AAE7-6BC9-4D69-8125-763CEE1196B5,TechOps and Automation,Managed Service,1,given,,,
8f328444450f57519cfa216206a87ff087015101120eb6c0b14e64ecb6488829,NTL_007,Cinven - Nitel - Managed service support (months 1 -> 6),2023-10-15,2026-05-31,Managed Services,COMPLETE,JMG159,JMD205,4A53C5AA-F996-4D6C-90D5-3B4046634709,TechOps and Automation,Managed Services,1,given,2026-06-09,,3.0
ea6da692220e5931eb622d3194b82232e363f547c9ce9d0a796139cef8c2937b,PLN_003,Advent - Planet - Project Triton,2024-04-26,2024-05-03,Client Project,COMPLETE,JMG90,JMG90,1694ED55-9658-40E4-8ED3-6D94DA4A7558,,Core Reporting,1,given,,,2.0
3beb741af5cfd47ee135d687c6825c3d64723066e2537c976763efab1a2c4692,GLS_010,Levine Leichtman - GLAS - Exit Narrative,2024-12-03,2025-09-19,Client Project,COMPLETE,JMG64,JMG64,16BA707B-C0A5-43B3-8F7F-4D0E13213915,BI and Reporting,Exit Support,1,given,,,4.0
d78f45a68a5628acfa23fd679bedd9d6929396c66456643da9ef2800faeaef7a,SVT_002,Survitec - Product and Customer Cleansing - Phase 2,2022-06-27,2022-09-09,Client Project,COMPLETE,JMG24,JMG24,06667D0C-DFA2-4925-A6B2-CEE326A4E4D7,,,1,given,,,3.0
683d8963ae30f23f60093126cb3c4d99526346c0f43c67b33ef7e9d08d0d031a,MSQ_003,23MSQ - 360 Assessment Reoprting,2026-06-08,2026-07-13,Client Project,COMPLETE,JMG122,JMG122,3E738CE2-9FB1-42B0-929E-C1B9ED0BE76A,Full Stack Engineering;BI and Reporting,Core Reporting,1,given,,,2.0
9ab3d8740a16db08e4c02c4fc75dd1b3a48723c4c60fa814da42158b5226c512,THO_008,Thortal extension,2019-09-29,2020-06-30,Client Project,COMPLETE,JMG42,JMG42,C396D527-0F25-41D6-87CC-015440EAD08C,,,1,given,,,2.0
61cbfe318297d8e487a1f14f3c3d97e452825b5a493cd62a5b0d6f08ba43eed4,SUT_007,Sovereign - Summit Group - DTAAS,2026-08-17,2026-10-12,Client Project,PROPOSE,JMG157,JMG157,84863A4A-819E-402E-B766-57D56D0E1BED,BI and Reporting;Data Engineering;Consulting,Core Reporting,1,given,,,2.0
a1f290b81b5da35b9861d7648a2282147f1a1bae0fc8c225eaae946e4e449e32,CNS_003,Triton - Colonis - Managed Service (ZF/AW),2025-04-14,2026-04-25,Managed Services,COMPLETE,JMG81,JMG77,A896F071-15E9-41EC-96FF-DF87FA70D19A,Gen AI,Managed Services,1,given,,,4.0
171e20a2afc5d96db16b5a51a3b087fac88787dd5d33f7ff3f0c9515e2d13e7f,INU_001,Teams (assessment tool),2018-08-01,2019-11-30,Client Project,COMPLETE,JMG42,JMG42,9F7E8FFF-796C-446C-8D1F-E57530870042,,,1,given,,,2.0
34c88c73bbe4df12536d14ba15be5581bef3ee873cf0aadec9dc1c304d360498,STL_004,Graphite - Storal Nurseries - Transaction Support,2026-02-16,2026-04-13,Client Project,COMPLETE,JMG122,JMD19,3A3351E8-AE6C-4014-A48A-4AC408DA183E,Data Engineering,Exit Support,1,given,2026-07-17,,2.0
5321b5037b3a2c71d089c7987022ad65965fda4d90ffd6c5ad8a0e34fc844c41,FIR_016,Firetree - Maintenance - Q4,2024-01-01,2024-03-29,Client Project,COMPLETE,JMD28,JMD96,A13DC602-1FC1-4D39-B2AF-D0F1E4D8767C,Software Development and LLMs,Managed Services,1,given,,,2.0
dc078b32a90c1d9fa0a84267dc2a0cabed801a5c8a538645d03ab05eb4821b90,MSS_002,MSS - Exit Prep - Phase 2 - Data & AI Build & Strategy,2025-10-13,2026-01-11,Client Project,COMPLETE,JMG141,JMD93,018A7EF0-95BF-44B3-B960-8F62995BC962,Data Engineering;Gen AI,Exit Support,1,given,2026-02-13,,3.0
ecee0fab71eecdfe84e917bf3c174800e83f55624b883bfb045ba6833cdf69cf,EIG_001,Alpine Investors - Eight Group - Design & Discovery Pilot (MD/VK/CF),2025-07-06,2025-07-26,Client Project,COMPLETE,JMG86,JMD136,8F5DC2FD-1CAD-469D-8AF4-BA8582BA852D,BI and Reporting,Data Advisory,1,given,,,3.0
e90ffca5c8952e964bdfee4d7e584e39ce78dd1b13973f2154eb1fd23c54c764,ZEN_001,Permira - Zendesk - Renewals (MS),2023-06-07,2023-07-04,Client Project,COMPLETE,JMG31,JMG31,CA5C9C60-65A9-4344-AB08-1931F832DD1E,,,1,given,,,3.0
6bf229431982349b6580ab2d7674dbb191752a69b12dc7e50cb381909460fa69,AVH_001,TPG - Aven Hospitality - ARR Tactical Support (MC/TW),2026-03-16,2026-04-27,Client Project,CLOSED,JMG128,JMD8,B44354E2-BF9A-49B6-BBD8-ACEEB834FFCC,BI and Reporting;Data Engineering,Core Reporting,1,given,,,4.0
77db37b70a80d8e8d267d24addf9a95ac05e0e854c26be6207116de1cdb255b7,FGS_002,Flagstone - Data Platform - (SI/AP/MC/VW),2024-11-25,2025-06-27,Client Project,COMPLETE,JMD181,JMD3,4EB019A8-44FA-46AE-8158-0B6233F0D292,Data Engineering,Core Reporting,1,given,,,1.0
8c2dc69295838b6232a80e7f4ac69799eac4e1e70637b18407eb5f3e8c0d0274,CLN_028,Triton - Clinigen - MA Client Reporting Enhancements,2023-04-17,2023-04-28,Client Project,COMPLETE,JMG91,JMG91,CBE4E752-7D89-485F-8768-BE5DBF9C1F6C,,,1,given,,,4.0
9e390f3df266741648477ac3ca496caa3777a13f013489649c95ea12ac1755a5,HGC_013,Project TBC,2021-06-21,2021-07-01,Client Project,COMPLETE,JMG94,JML-038,EE649EF4-C803-4F9C-A7AA-110D5BBB256E,,,1,given,,,1.0
3fa0ec9aa81169c67e0d8b9440492e07579e83a4fa4cfd0da5d75722aa7aac12,SOV_010,Commercial Dashboard,2022-11-01,2023-01-31,Client Project,COMPLETE,JMG112,JMD41,F984AAE7-6BC9-4D69-8125-763CEE1196B5,,,1,given,,,1.0
175466b055a4e8e76e79bcbd06fcc65d47cb9d67450654c26cf6ca44ca4c1e7b,CAS_003,Retained snowball support,2022-01-31,2022-06-30,Client Project,COMPLETE,JMG29,JMG29,E72F7D91-5FA6-49BC-B840-F213738107A8,,,1,given,,,1.0
b7f596e30e85cdf437171d8bd79d617dc2689c4d4deb9030bc85014d0af6c69d,JMG_180,JMAN GROUP - Invoice Tracker,2024-01-02,2024-01-31,Client Project,COMPLETE,JMD166,JMD166,45AC9AD7-51C9-4C2D-AB89-ADEA174B2771,Software Development and LLMs,Other,1,given,,,
a1cfd1e0ad318f16cd6da613ea64791dba0811c41e1c972cefc96e99c00e7296,AIN_001,Alpine Investors - Alpine Ops Group - AI Readiness Assessment,2026-03-23,2026-03-30,Client Project,COMPLETE,JMG159,JMG159,300C484B-8765-4106-AAB3-7EDAF7C8F256,Data Engineering,Data Advisory,1,given,,,3.0
8498e1fcccda594df6e8ffdc4bf857cd018dd5c753209254e2141bed64ac161b,JMG_161,Our Team,2023-01-16,2023-12-31,Internal Project,COMPLETE,JMG137,JMG137,3A4B9733-496E-4579-9FCB-892E2A96B228,,,1,given,,,
e95bd2d37b4bf2729f818f836bba048003a8ffdf3a60ae13e44e0125a39fd637,BAU_020,IT,2019-02-01,2025-12-31,BAU Activity,COMPLETE,JMG11,JMG11,EDB6A9A7-5102-45E7-9BE3-A7F958716C2F,,,1,given,,,
c2cec9f2240b3dacbc87d2628686eddf6ca238d8b4c177008715319ed17eeeee,DEA_001,Death Wish Coffee - Data Warehouse Build,2022-04-18,2022-05-09,Client Project,COMPLETE,JMG22,JMD28,C78DAC6B-4A5B-4EBB-9D78-C2B25FF63CBC,,,1,given,,,
461cafe5368ac733589331be410b7a409dbb2283a4424087d78915b831690c31,JMG_055,In/Out Asset Scanning App,2021-11-22,2022-12-31,Internal Project,COMPLETE,JMD160,JML56,EDB6A9A7-5102-45E7-9BE3-A7F958716C2F,,,1,given,2025-11-22,,
a00a60f01e4f4bc8f9f937d35d878eb1a2677f4ab0b1211c5611a24d3615050b,SOV_002,ARR Data Cleaning - Phase 2,2020-06-01,2020-06-30,Client Project,COMPLETE,JMG24,JMG24,F984AAE7-6BC9-4D69-8125-763CEE1196B5,,Managed Services,1,given,,,1.0
af411a5199b6f73c01a4a73d84bdfcd54a2c5167248301c959873cc680c33d7b,GEN_005,Fable Data Support,2022-02-07,2022-03-11,Client Project,COMPLETE,JMG22,JMG22,3B2D70E5-92E8-43FF-A2D2-69E697FA210E,,,1,given,,,
a3057d1fa313b1dab1d763994114e716316f9f55f4b09b36662e1e79d004c55e,BIC_001,Vistria - BioCare - Tactical Analysis - Week 0 Scoping,2024-05-20,2024-05-27,Client Project,COMPLETE,JMG49,JMD94,E93CC17E-3217-43AD-813D-5AE48C2FF8E8,Analytical Engineering,Core Reporting,1,given,,,4.0
86817ca0b228feaa0340fe0847a0c0012395e9e21932fabf36a8f3ffb5fefa85,ALG_004,Castik - Sphinx - May Cube Refresh,2025-05-20,2025-05-31,Client Project,COMPLETE,JMG236,JMG236,FD7BBF43-93C2-45DF-ADD1-18311818D005,Data Engineering;BI and Reporting,Exit Support,1,given,,,2.0
5fa7a614b4151c88697f078fadebc01aab52ac39b4c444f34e7147f8591e47d3,ZEN_003,Permira - Zendesk - Pricing Analytics,2023-08-22,2023-08-25,Client Project,COMPLETE,JMG22,JMG22,CA5C9C60-65A9-4344-AB08-1931F832DD1E,,,1,given,,,3.0
6e360356ec25c6f2e5c359c63701fbb9651adabef3e7c677cbc43767119fb995,JMG_152,Data Strategy Offering,2022-09-20,2022-12-02,Internal Project,COMPLETE,JMG87,JMG87,EDB6A9A7-5102-45E7-9BE3-A7F958716C2F,,,1,given,,,
a4f9e2fcb8f820f528efa405331809ccfde04565d223f8a9ec3325e17c497fe1,AUF_009,Baird Capital - Aura Futures - MPS Reporting and Automations,2025-09-08,2025-11-02,Client Project,COMPLETE,JMG100,JMD157,E89CED45-CB39-4485-AFB8-F802587197A3,Data Engineering;Full Stack Engineering,Managed Services,1,given,,,2.0
1666ee87062529d1bb843ed8e8d146ed69a2fb02d5dd09aae73a922e8e0da52f,TPG_002,Mayfair - Tour Partner Group - Accounts reporting automation,2024-05-31,2024-07-17,Client Project,COMPLETE,,JMD37,52E72C36-E8B5-480C-A52B-42202B79C304,Data Engineering,Core Reporting,1,given,,,1.0
500721b63363f78c4f50b80533b8f9df36effae22a753af9adb3704899138e45,ELI_002,EDD Maintenance,2021-10-18,2021-11-06,Client Project,COMPLETE,JMD98,JMD20,57A051DE-EC2F-4700-B775-B0BED2B0F0C6,,,1,given,,,
780247c703d3438a40bb63d1af8c6bd990b7d59ebb7fa2007a28386004f82392,CTV_001,Inflexion - Creative Car Park - D&D,2026-01-12,2026-02-09,Client Project,COMPLETE,JMG85,JMD264,F4FFDA2E-B79C-4A62-9A4B-EA4EF6BE94A7,Data Engineering;BI and Reporting;Full Stack Engineering,Core Reporting,1,given,2026-02-13,,3.0
a72d8e003657037e221c0485c104b9e895faaa57459e52be84f038b5aedc128c,MSG_028,Perwyn - Miss Group - BDO Audit support (PG/CK),2025-12-15,2026-01-23,Client Project,COMPLETE,JMG87,JMD235,2D143C29-D66C-4CD2-BB0D-1800CC18F116,NOT_MAPPED,Due Diligence,1,given,,,1.0
54193ca39c1851a988480320a1506cdbb1d77392a3772e92852a7de523a74902,DNS_014,IK Partners - Dains - Hurst Integration,2026-03-16,2026-04-20,Client Project,DEAL WON,EXT025,JMD195,5553337B-330A-4E7B-AAB2-97AF6889EF91,BI and Reporting;Data Engineering,Core Reporting,1,given,,,4.0
46b412bdb8afe496618738cf4b51d5ab4e274e74dea32e3b684126816a10b503,EMR_002,DfT Business Plan Support,2021-01-13,2021-03-31,Client Project,COMPLETE,JMG29,JMG29,779D3B47-C222-440E-A074-69EECF7EC480,,,1,given,,,
c6d3f9b925bb0bd72c26d0ea6829f2442469bb2cf795bbe92ed6f73d5b8fa27d,SIS_001,Nordic Capital - Surgical Information Systems - Cockpit implementation Pre-work,2024-09-02,2024-09-30,Client Project,COMPLETE,JMG217,JMD42,F6FB1F9C-8FCE-45BC-A908-E4C6DE7D160B,Data Engineering,Core Reporting,1,given,,,1.0
b64f234ab159acc6c7921090b98bea753110583e54bb8168270e89fdeb7718e0,KLZ_001,Permira - Kleinanzeigen - Marketing Analytics Workshop,2024-11-15,2025-03-28,Client Project,COMPLETE,JMG220,JMG208,8063D614-4F84-438D-B088-772F439D38BC,Data Science,Value Creation,1,given,,,3.0
df7b44f7ebbf039b8ccdbbfbeef605bed6ce2e4528496003ae605fe647502652,CLN_032,Triton - Clinigen - Shrii Extension DQ (JC),2023-08-01,2023-10-27,Client Project,COMPLETE,JMG51,JMG51,CBE4E752-7D89-485F-8768-BE5DBF9C1F6C,,Managed Services,1,given,,,4.0
9160c4e530bcd2a5e5ed8423281185047ed5d7b38f175eaedc10fd2a6ec41729,HGC_047,Hg - LI scraping DD (JT / NJ),2023-05-26,2023-05-31,Client Project,COMPLETE,JMD41,JMD41,EE649EF4-C803-4F9C-A7AA-110D5BBB256E,,,1,given,,,1.0
d0d792cc5cd192d880ebb4d7b845f8f547170ec94d413d4b44cb81fbf1997cf8,AGL_001,Snowball reporting,2022-10-17,2023-01-13,Client Project,COMPLETE,JMG69,JMG69,9CDD31D9-6DA8-41AF-AF91-B0F3B5B05AD3,,,1,given,,,1.0
7a503af9762aa0fb9a3a750f4e604747543fd79154c587ec41aacf38765606e9,TPG_001,Mayfair - Tour Partner Group - OCR Automatch Improvement (Discovery),2024-02-13,2024-02-16,Client Project,COMPLETE,JMG64,JMD41,52E72C36-E8B5-480C-A52B-42202B79C304,Data Engineering,Core Reporting,1,given,,,1.0
e9697683c207e6b5588f6b82daf460889fc5bd7f0e2112b5d16a1fba41cabed5,JMG_217,Data Science - StrategiCheck,2024-08-01,2024-12-31,Internal Project,COMPLETE,JMD41,JMD173,45AC9AD7-51C9-4C2D-AB89-ADEA174B2771,,,1,given,,,
8c9b15c26b7c09b98791574321a6ec79bf0dea061222f798c2c21095c940e100,TVC_002,ICG - Travel Chapter - Transition Period Support (JP / PG / DF),2026-03-02,2026-03-30,Client Project,COMPLETE,JMG380,JMD42,FD5BC133-1171-4205-A6E3-7DEF79E613FF,Consulting,Data Advisory,1,given,,,1.0
5aaaf625f737b5dd1a2359f0c99d3887d75d4b460405e69d5e8868d2977cea8a,AXC_002,HIG - Axis CLC - Strategic Reporting Build,2026-07-20,2026-10-26,Client Project,ACTIVE,JMG222,JMD135,B9A1338C-2D14-47ED-A357-C1741B136F05,BI and Reporting;Data Engineering,Core Reporting,1,given,,,3.0
fb4c2ef1b163af4ee062d917f705eeffdaf45d1f6f7693ea3f5b4600c30e4ca3,CNV_010,SoClean Digital NPS,2019-04-08,2019-07-31,Client Project,COMPLETE,JMG15,JMG15,8135724D-49AF-474E-A51F-16D014729EE8,,,1,given,,,2.0
53ebccf1fba1fa1e0c9ece2f967e1d70298d8114ac90ddb6ca5d1ba8bb231d05,CNC_003,Cinch,2021-04-05,2021-07-02,Client Project,COMPLETE,JMD160,JML56,E6ED099A-E034-473D-A237-92B0C8A6EADF,,,1,given,,,4.0
f8bc3ee71c73717f23ac9d8ff994bddd3a7002d2dadba3edd867508fd37f5b29,PRX_002,Matillion ETL,2021-11-15,2021-12-10,Client Project,COMPLETE,JMG53,JMD41,FB1031E5-A832-4227-A95C-FE4437FA3BFF,,,1,given,,,
f81bc31bcd16b2e0a0b3878e8327c09376cab801dbe8fccc46a322f336058d68,PFG_003,Data Warehouse Build ,2022-10-03,2023-02-17,Client Project,COMPLETE,JMG52,JMD77,7FD76730-2ADC-4C30-BA25-06459E759DB6,,,1,given,,,2.0
fab966fd2239e134f495e3029e262f7ac74e34c086cf95c99e6fb89662c28c40,MIQ_001,MI App,2021-08-23,2022-04-30,Client Project,COMPLETE,JMD3,JMD77,3CD5EE7D-A9C3-404B-9C5A-DBB34D4DA865,,,1,given,,,1.0
6cb0e1a3dd02261204ae3f0de02e99e09674777d579d6d60251aa3cc23d31544,DSN_010,Frontenac - DSN - Business Central Integration,2026-08-10,2026-10-12,Client Project,PROPOSE,JMG159,JMD136,80BAADB4-F045-41A2-A04D-B1131019757B,Data Engineering,Value Creation,1,given,,,3.0
9c44769562f7506acd3d57490f4585d6800c94a5a734f940aae4ecda56c204df,SEG_002,SEGRO MVP Scope Definition,2019-09-16,2019-10-04,Client Project,COMPLETE,JMG10,JMG10,2A8783B2-5AE0-4378-B753-DA2CAA7DCE88,,,1,given,,,
3df286f6ddc0d02567add50ee9f8978dc636a535aba2a1c5c4295ba25bfcf13d,JMG_229,[Internal] AI Assessment - Software Development,2024-09-17,2025-03-21,Client Project,COMPLETE,JMG303,JMD28,45AC9AD7-51C9-4C2D-AB89-ADEA174B2771,Software Development and LLMs,Other,1,given,,,
094e6d0927c7a92c248ea009bb32c420e03f1d6468fe6ad3a67fa82847744fa3,DLL_002,Azure Model Transition,2021-04-18,2021-04-30,Client Project,COMPLETE,JMG51,JMD31,2A9CAD83-6016-4EFD-AECB-21304B4C846E,,,1,given,,,1.0
312031d9cf055fb9b7c1d2191e295c550aaeefccbe4deb845ec4ad174d31ea5c,RGS_002,Titan Phase 2,2020-05-04,2020-06-30,Client Project,COMPLETE,JMD97,,6C7618D4-6109-4EA4-A227-1B8CEBE1D585,,,1,given,,,
f3a997a9ae4d7e574529f927118643f8541109defebb77b74bd72000a031188d,JMG_228,JMAN Internal - GTM Reporting,2024-09-09,2024-11-04,Client Project,COMPLETE,JMG107,JMD149,45AC9AD7-51C9-4C2D-AB89-ADEA174B2771,,Other,1,given,,,
41e21833e6c2a4ab8a1fbaeb6680bc82d8977ca0f6b26c8ac22aa96fce97bb10,BAU_021,JIN Payroll,2019-02-01,2019-02-28,BAU Activity,COMPLETE,JMD21,JMD21,EDB6A9A7-5102-45E7-9BE3-A7F958716C2F,,,1,given,,,
8ea5a8503f7d90bb4d578abe720ab82eb2f934c75277d79789616905ce574dfb,BAU_022,IT Support,2022-06-01,2025-12-31,BAU Activity,COMPLETE,JMD162,JMD47,EDB6A9A7-5102-45E7-9BE3-A7F958716C2F,,,1,given,,,
0fbdc5f6c38576f062425e231f304c8146e64dae2bcfb33dfde97ccb8952121e,FIR_009,Q1_23_FireTreeMaintenance,2023-01-01,2023-03-31,Client Project,COMPLETE,JMD28,JMD92,A13DC602-1FC1-4D39-B2AF-D0F1E4D8767C,,,1,given,,,2.0
69aae56cad8ab46ff86df91d92a6a86a0c2d2a3becde74406ccc150327763099,FIR_011,Guna Int - FireTree - Cloud Migration (SG),2023-06-05,2023-08-31,Client Project,COMPLETE,JMD28,JMD28,A13DC602-1FC1-4D39-B2AF-D0F1E4D8767C,,Managed Services,1,given,,,2.0
7e3f9a2b411ffad0626e51acc69dd75e1dbb5e2aa19c602cc9f7c68cad7efc9e,ANY_001,Knox Lane - Any Hour - Data Platform - Phase 1 Scoping & Design (MB / AG),2025-04-13,2025-05-09,Client Project,COMPLETE,JMG44,JMD94,AADCDC00-0103-4CF4-B085-45004AAC4CC9,BI and Reporting;Data Engineering,Data Advisory,1,given,,,3.0
7746ea33237f66bdc6e028199c0b0dd9a074991f44acfc18d18b797b2a50e0a3,LBR_001,ICG - Law Business Research - Tactical Reporting Support,2025-07-21,2025-08-18,Client Project,COMPLETE,JMG85,JMD331,74F92EC5-5DDC-4E7D-B31A-0F0902B4A62F,BI and Reporting,Core Reporting,1,given,,,2.0
06ee669488b9f7e219e1f121bd275de9830b62673c2a15b32b45305c425bc83f,GHO_001,Searchlight - Gresham House - DTaaS Phase 1,2024-05-27,2025-03-31,Client Project,COMPLETE,JMG220,JMD42,3BEEA552-CEB2-405A-8EFE-110BEDA13318,Data Engineering,Core Reporting,1,given,,,3.0
6a316d3f2271a2a4b896782a77328fe7ed07e3d8c6cab8395d79b306cf7e27b3,TSI_001,Clearlake- TSI - Data Strategy (CD/TC/SI/RR),2024-10-08,2024-11-18,Client Project,COMPLETE,JMG181,JMD20,E3DBD5C7-ECC1-4D17-9FF2-FE3CD31F5F06,Consulting,Data Advisory,1,given,,,3.0
9451de9dcb57084e86d0ef419b48d244630027c687e87433b063d30fa2d00356,SIS_002,Nordic Capital - Surgical Information Systems - Phase 2,2024-09-30,2024-12-22,Client Project,COMPLETE,JMG129,JMD42,F6FB1F9C-8FCE-45BC-A908-E4C6DE7D160B,Data Engineering,Core Reporting,1,given,,,1.0
8a70ac8e00a19364e2b8fe78f5bc99de14410ed4355788c15d098d50fc0b65ba,CLY_001,Comply 365 - D&D,2026-08-03,2026-09-07,Client Project,SOW PENDING SIGNATURE,JMG133,JMG133,B93441E1-F469-4ACD-979E-3C9B11842E0F,Consulting;BI and Reporting,Core Reporting,1,given,,,3.0
d0e9afe058197fbaaef92076d9eeeac849e15225427cb1cb921e54e9d42f8b53,TPW_001,Building Blocks (AYC),2020-06-22,2020-08-31,Client Project,COMPLETE,JMD160,JML56,A8F9E870-AF46-4251-AA4B-3828ECD5224C,,,1,given,,,1.0
b4e9b697560a7f27d5e0c46586e942b26ad5b959e9bc2e6cd7a1b277a8ce4af2,PEC_008,PBT - LOTUS Product Selector,2026-05-18,2026-06-15,Client Project,COMPLETE,JMG342,JMG342,2AD82EA3-8E7E-47BE-B693-EA64752F9440,Data Engineering;BI and Reporting,Core Reporting,1,given,2026-09-05,,5.0
e3c4dda729978f1e9c3915acf23503a12e348c05e735bb0c2082d90f18ff5635,TPW_003,Building Blocks (JT),2021-04-01,2024-07-10,Client Project,COMPLETE,JMD28,JMD96,A8F9E870-AF46-4251-AA4B-3828ECD5224C,,,1,given,,,1.0
c8898e2a307b8f676b5dfd604da68ed0197f680bd05b868fedad308f151b4165,PSC_003,Western Sussex Finance,2020-07-01,2021-03-31,Client Project,COMPLETE,JML-008,JML-008,88B6B8E6-EF36-4337-80D6-8986EB36FAC7,,,1,given,,,2.0
3a701c8350fedd0efe8fd8397f775d7e0de431bfb4617356465bf80129979b29,JMG_141,Company-wide IDE objectives,2022-09-12,2022-12-30,Internal Project,COMPLETE,JMG15,JMG15,EDB6A9A7-5102-45E7-9BE3-A7F958716C2F,,,1,given,,,
aeb638943505ad512749c863ea3fb64e0e26091cc17490af89061e42bbba5168,CSD_004,Flexpoint Ford - Clearstead - Salesforce Migration Advisory Support,2025-01-15,2025-07-25,Client Project,COMPLETE,JMG86,JMD8,A7055242-6D88-4386-A79A-740298F495CE,Data Engineering,Core Reporting,1,given,,,4.0
c872524e39fa2ebc9346b2e458016001e989c49131c9c36b998faaca40439a53,PFA_004,Lee Equity - Pure Financial - Phase 3B - Pipeline Build (TW/ND),2026-06-29,2026-08-31,Client Project,DEAL WON,JMG117,JMD179,0FEB5361-9F53-429A-A0D2-91283867577D,Consulting;BI and Reporting;Data Engineering,Core Reporting,1,given,,,4.0
7878099ebfd6346f3227ae80f44ec96e08d73c122255657fbd2878b53e401679,JMG_178,JMAN GROUP - JDW PHASE 3 (RR/EG),2023-05-07,2023-12-29,Client Project,COMPLETE,JMG105,JMD8,45AC9AD7-51C9-4C2D-AB89-ADEA174B2771,,,1,given,,,
68c50fa6b075b5443914e2ae1ba43c4817c9c026f39c643d92e6867e4cd04ddc,WDC_002,LDM & packaging data assessment,2020-07-26,2020-10-09,Client Project,COMPLETE,JMG29,JMG29,BA9A80E3-DFA1-45D1-8440-5955274FEA1A,,,1,given,,,1.0
166495ff2d40ece8769bd1e5fe54b5bc01eb93e0cc968ed31a5f7500b62918a1,GFP_003,Knox Lane - Guardian - Managed Service (AG/MB),2024-10-11,2026-08-31,Managed Services,COMPLETE,JMG114,JMD221,18BEADF3-4092-4A91-B73F-154A649BC563,Data Engineering;BI and Reporting,Managed Services,1,given,2026-12-31,,3.0
b09de71c2a3f7e5cd28ce5e5033592d765e3278deebde7235be59ba57b50de34,BAU_023,Finance & Accounts,2019-02-04,2024-12-31,BAU Activity,COMPLETE,JMD21,JMD21,EDB6A9A7-5102-45E7-9BE3-A7F958716C2F,,,1,given,,,
ace846e87922b58bfcc750d573950d8fd7e7882204ee28a889baf9fd7f7635ac,PTZ_014,AKKR - Partnerize - Product AI Phase 3,2026-01-05,2026-04-17,Client Project,COMPLETE,JMG134,JMD141,6DAE2A80-0E2E-40D9-A19E-0C34F59EDF1D,Gen AI,Value Creation,1,given,2026-04-24,,4.0
45589e53ceaa0c37b9c16639cc2284ef3e30cab4e0c2df37ce6ca73ec914188d,DLL_005,Expansion Model Maintenance,2022-12-14,2022-12-18,Client Project,COMPLETE,JMD41,JMD41,2A9CAD83-6016-4EFD-AECB-21304B4C846E,,Value Creation,1,given,,,1.0
adb95d95123879db86ad49bfd589fd36cdeb74107b53d79fd287f08c1aded793,DSN_002,Frontenac - DSN - Customer Cube Build,2025-11-10,2026-02-16,Client Project,COMPLETE,JMG159,JMD136,80BAADB4-F045-41A2-A04D-B1131019757B,Consulting;BI and Reporting;Data Engineering,Core Reporting,1,given,2026-02-27,,3.0
47f4b33c080703ee3b473470147ac4812f631ccdaf62f36016bec826e90ec056,CRO_003,Exit Support,2022-09-12,2022-09-30,Client Project,COMPLETE,JMG15,JMG15,F4BA24D1-2156-4207-AB4C-E4C8AC271BEE,,,1,given,,,1.0
48a390623e0b81f5beeea7b3564c31a5b5f974fef923e7050c4e6a9522b369e0,JMG_120,Sales- Project Wheelhouse- case study & JWiki improvement,2022-07-04,2022-08-12,Internal Project,COMPLETE,JMG42,JMD3,EDB6A9A7-5102-45E7-9BE3-A7F958716C2F,,,1,given,,,
bb24f43ab2d95ea7949a7643f2ba4ba43e95894c6885037a80e190a83cec09df,JMG_097,Branding & Marketing NC Project,2022-05-16,2022-09-30,Internal Project,COMPLETE,JMD41,JMD41,EDB6A9A7-5102-45E7-9BE3-A7F958716C2F,,,1,given,,,
eafa5f75f467c0d2b5034ab8d6688cc48df79c1c1b2b260b1ebe0bbb6645221e,SVT_004,MDM & Data Cleansing - Phase 4,2022-09-26,2022-11-04,Client Project,COMPLETE,JMG24,JMG24,06667D0C-DFA2-4925-A6B2-CEE326A4E4D7,,,1,given,,,3.0
81e3710ca19f5a07de1bb45fd19f3168de614c7da2a8eb4e31883742f6a5727a,WTD_002,Order Economics Analytical Support,2022-02-01,2022-02-23,Client Project,COMPLETE,JML90,JML90,8054CF41-F9ED-4E3D-AE6A-D8ED06F7F90C,,,1,given,,,1.0
9167f28ca07a7d4f9202628d07776e97792f608bcc2eaf96289ebb202f6fc368,BKM_005,MI Phase 3,2021-01-11,2021-05-31,Client Project,COMPLETE,JML-024,JML-024,E07682C0-7187-4EC7-A4B4-2590F0F0032D,,,1,given,,,
dcde0d304eb537aff4e1d507b7fe207e338d38d457ebff3985455396023c7322,PFG_001,Data Warehouse Design,2022-06-26,2022-07-31,Client Project,COMPLETE,JMG52,JMD98,7FD76730-2ADC-4C30-BA25-06459E759DB6,,,1,given,,,2.0
01a7fad10ac795ae3cd68057d809590b6ffd36537df5c8dabe2e1dbf2782ffc5,RGS_012,RegScan Support,2021-11-01,2021-11-19,Client Project,COMPLETE,JMD160,JML56,6C7618D4-6109-4EA4-A227-1B8CEBE1D585,,,1,given,,,
482ac2b0e66ae0246750a90c35e229f745ab2d053773a8a48a5f3a57af84bb2d,NEU_004,Permira - Neuraxpharm - Managed Service for Forecast Model,2024-11-25,2025-11-30,Managed Services,COMPLETE,JMG217,JMD112,FCD4E105-C01A-4C15-959E-5D7D3DB59FB2,Data Engineering,Managed Services,1,given,,,1.0
2d2679b345a6d4b998c16a2087d008d9ddd8613535dd82c98dfdbdf3bfcdd8dc,CLC_001,Coalesce Capital - Miller Waste ,2025-11-04,2025-12-16,Client Project,PROPOSE,JMU016,JMU016,F4D72BB7-23D8-41DB-AAD0-8FF1A6FBE4F2,TechOps and Automation,Managed Service,1,given,,,3.0
5d344d5cd1e31b142add643268b7590dfc2c94966d83ff7669c78e2a74f2dd12,PTZ_006,AKKR - Partnerize - Tableau support (MC),2024-07-08,2025-04-04,Client Project,COMPLETE,JMG134,JMG79,6DAE2A80-0E2E-40D9-A19E-0C34F59EDF1D,,Core Reporting,1,given,,,4.0
ab5f78eb981e381849341676e7787b893e6d9afbeda98a6f2f09bbf76cd133b9,JAG_006,Recurring Revenue Dashboard,2022-05-15,2022-07-29,Client Project,COMPLETE,JMG29,JMG29,AC01872E-7DDC-4613-9962-C52DCBECDDF6,,,1,given,,,3.0
1172da9a4e3f7a73b6af20b22ef0538a4bd6908a1ee4478d645de5739de7d3f6,BRB_001,Baird GIB - Project Starlight - Exit Prep,2026-03-30,2026-05-18,Client Project,COMPLETE,JMG49,JMD179,582EA83D-EA8E-46B2-B6A5-EA309D1E4163,Consulting;BI and Reporting,Exit Support,1,given,2026-05-30,,2.0
5945157be19d7ed8763e30c2cf5615462645a455b1ff6fc4525472782aa59699,PTZ_005,ARR Bridge Productionisation,2023-08-28,2023-10-30,Client Project,COMPLETE,JMG59,JMD126,6DAE2A80-0E2E-40D9-A19E-0C34F59EDF1D,,,1,given,,,4.0
ce099a622f6d0dd9eead9b01838ff054252fc23364a7c1386221c5e477ab7d0f,GCC_006,Growth Curve - Confidential DDD April '24,2024-04-02,2024-04-29,Client Project,COMPLETE,JMG31,JMG31,E7B0400F-CBCC-4BE8-9573-F811A6B47A40,,Due Diligence,1,given,,,3.0
79d4b411bdf7b9f0c66642ad951307b4f44beb11eda05ee2b08b67038e40e0f0,TSS_007,Levine Leichtman - TSS - Contact Data Enrichment,2025-12-01,2025-12-19,Client Project,COMPLETE,JMG170,JMD272,7C9941A6-875B-41EB-927F-F62312A06059,Data Engineering;Data Science & ML,Value Creation,1,given,,,4.0
addb7148a4f3d20d3442268e2eb3adba9a89211391205a1c648609aba0bbfd5d,NEU_007,Permira - Neuraxpharm - Demand Forecast Model enhancements,2025-12-01,2026-02-02,Client Project,COMPLETE,JMG217,JMD112,FCD4E105-C01A-4C15-959E-5D7D3DB59FB2,Data Science & ML,Value Creation,1,given,2026-03-27,,1.0
c135b42d2b4ad7801254e7f6d2f5aadffac0327eb6c6476e3f9ae4186e8f7a8c,MCL_018,MyConsole - Data Transformation 2024,2024-10-21,2024-11-24,Client Project,COMPLETE,JMD96,JMD96,637B410A-A9BA-45E3-A0AC-45FE639485EA,Full Stack Engineering,Managed Services,1,given,,,4.0
c8f550999d9c438e958eb035f7ff7339fd6bff55e80b2a18a693130bf082d9f3,JMG_246,Product - Finance Tool,2024-12-01,2026-12-31,Internal Project,ACTIVE,JMD152,JMD376,45AC9AD7-51C9-4C2D-AB89-ADEA174B2771,,,1,given,2026-12-31,,
8c67e3d1d951b915f1ee88349dcf031221881ffbf20bbf33f481e5c5e2135891,AZE_005,Operational Dashboard Migration,2021-03-29,2021-04-29,Client Project,COMPLETE,JMG24,JMD41,6619B410-1D13-498C-8A15-5FBE0E8987D1,,,1,given,,,4.0
013b78b6289cbcbd6177363b948b64f107ff57416e253ae509616e544fc09f55,DAM_005,Kartesia - Damovo - Nov & Dec Refresh (PG/VJ),2025-01-18,2025-02-21,Client Project,COMPLETE,JMG87,JMD156,960945DA-EA32-4A2B-BCFB-39307A77667F,BI and Reporting,Exit Support,1,given,,,1.0
42958ae9994b0934a9f9b7ccc956f4eab240d8ffe64c226477f3806b736d83ce,WVN_010,Macquarie - Wavenet - Bidder Dashboard Lockdown (JC),2025-07-14,2025-07-27,Client Project,COMPLETE,JMG51,JMG222,1F95B689-B6AC-4A18-8C04-3D0D26213AA8,BI and Reporting,Exit Support,1,given,,,3.0
19c9090c22c9471ab276e280f900e4703049d97a0b821e4db2237976ee502834,EIG_003,Alpine Investors - Eight Group - OpCo Integration,2026-01-26,2026-03-16,Client Project,COMPLETE,JMG141,JMD118,8F5DC2FD-1CAD-469D-8AF4-BA8582BA852D,BI and Reporting,Core Reporting,1,given,2026-03-25,,3.0
d77d33215fc31976fdfa84d4056465d37b14276291f0ffd875ce542436ee4ba5,BAU_011,Legal & Compliance,2022-09-01,2030-12-31,BAU Activity,ACTIVE,JMG76,JMG76,EDB6A9A7-5102-45E7-9BE3-A7F958716C2F,,,1,given,,,
5c9c84e2a31acfac65b6c3d66f02823c6c288ccc5a2e5ed16f0023a52c998dd4,STU_001,Data Warehouse Build,2022-09-19,2023-09-29,Client Project,COMPLETE,JMD3,JMD81,13D51F89-3CD7-4C02-80F6-6EA4DFF72B1E,,,1,given,,,1.0
a50904b140b31f47653ba0d8a8f2657160b41f45e53cc7469b23375e5ccb8e63,KCG_003,Sun Capital - K3 Capital - Quantuma MI Report,2025-03-13,2025-07-31,Client Project,COMPLETE,JMG218,JMD200,AEE80FE3-75A3-45B7-8A6C-C7672808E4D7,Data Engineering,Core Reporting,1,given,,,2.0
7a4ef7f133b84eb718e20f59a0de9112a9bbcb4872186c7cd3dc2a877072c487,JMG_252,LLM Data Dictionary R&D,2025-05-12,2025-05-23,Internal Project,COMPLETE,JMG81,JMD141,45AC9AD7-51C9-4C2D-AB89-ADEA174B2771,,,1,given,,,
23040c6be5438e285b3dc6322040aa06476eecca9ea1e9bda1d2d94bcd3cb11c,IRI_007,Pathways Finder Phase II,2022-02-07,2022-03-04,Client Project,COMPLETE,JMG53,JMG53,C8496A79-EC52-4B84-875C-972B867B5CA6,,,1,given,,,1.0
dd14c3e25b1507de0533ec308a9de827d6c33bdec7d1ffe438756d2d7be44595,JMG_181,Project Magpie,2024-01-05,2024-01-26,Client Project,COMPLETE,JMD181,JMD181,45AC9AD7-51C9-4C2D-AB89-ADEA174B2771,Software Development and LLMs,PE Services,1,given,,,
c2f6fcdd2608511ca0ab722324662e618b9e67eadec00cd3f536724a0f2ecef7,JMG_148,Define sustainability-focused targets across pillars,2022-09-12,2022-12-02,Internal Project,COMPLETE,JMG31,JMG31,EDB6A9A7-5102-45E7-9BE3-A7F958716C2F,,,1,given,,,
3750b0d4ccc05558b0bb1f368b5d142715f0ced4ea575a08b00a7ab3bec91760,JMG_013,RBS Business Development,2019-02-01,2019-02-28,Internal Project,COMPLETE,JML-005,JML-005,EDB6A9A7-5102-45E7-9BE3-A7F958716C2F,,,1,given,,,
ab7702df2ff65628e683da67b27764c69e9df40f3732637c46cdd9f670882de4,JMG_190,Exit - Solution,2024-01-01,2026-12-31,Internal Project,COMPLETE,JMG49,JMG24,45AC9AD7-51C9-4C2D-AB89-ADEA174B2771,,,1,given,,,
5eb2b53cb2d65ff7093dba960d123fd21832913c701ce41ae2409419f9453755,CIT_001,Applied Review,2019-11-11,2020-07-31,Client Project,COMPLETE,JMG29,JMG29,766C0C98-E15A-4D17-ACD0-01447E03F822,,,1,given,,,1.0
2aaaa7e8586b493845ae0bce58439e3a94955cc7bbaf962493a34bf7f930176a,DNS_007,IK Partners - Dains - Phase 5 Scoping & Design,2025-04-30,2025-05-20,Client Project,COMPLETE,JMG97,JMG156,5553337B-330A-4E7B-AAB2-97AF6889EF91,BI and Reporting;Data Engineering,Core Reporting,1,given,,,4.0
bb45cede694f5d0e6fa30f838c8158494245180fe4eb2048c63d26239527cd71,SVT_022,Searchlight - Survitec - BI Secondment (SI/YS),2025-02-17,2025-04-11,Client Project,COMPLETE,JMD3,JMD42,06667D0C-DFA2-4925-A6B2-CEE326A4E4D7,BI and Reporting,Core Reporting,1,given,,,3.0
7453e92606f72c071e965f7a750ba031e7771d4696c3696ea6dbb9624d5115c3,GNT_005,Gen II - Profitability & Cost Reporting (TC / AW / KW),2025-06-16,2025-07-27,Client Project,COMPLETE,JMG150,JMD91,369E080B-7B46-47FB-BFD0-FE822EB363A7,BI and Reporting,Core Reporting,1,given,,,3.0
76f2259ce8281af5198f351d54ed4cafbd4d31d1dc3fe14b981fb2bf6da4b9ef,TAV_001,Data Audit,2019-01-28,2019-03-15,Client Project,COMPLETE,JML-015,JML-015,B2B43CD5-AB87-4628-B863-7667D964ECB0,,,1,given,,,
637afe722341a8504d7add973a9fc1c289f0cf7b4efb3c2d4dd722bf1c9b132b,TSI_002,"Clearlake - TSI - Platform, Exit Cube & Tool (CD, TC & MB)",2024-11-14,2025-02-28,Client Project,COMPLETE,JMG52,JMD118,E3DBD5C7-ECC1-4D17-9FF2-FE3CD31F5F06,Data Engineering;BI and Reporting;Consulting,Exit Support,1,given,,,3.0
c205d232e28d1a1a104f0fd7e70c547e17f6c77cac020d6ea8695d39188e3beb,AGG_002,AG Grid - Dashboard Refresh,2025-05-12,2025-09-28,Client Project,COMPLETE,JMG73,JMG73,791B8459-E635-4911-A4CC-B52BC66461C4,Data Engineering,Exit Support,1,given,,,2.0
8458b371a80e51ba56b300d437028015b5c964bf6a516a4a707869ac6cf30cc3,MTF_002,Data Engineering Support,2020-06-17,2020-07-17,Client Project,COMPLETE,JMD11,JMD11,B30CB546-7FD4-490E-942C-04CA6715F028,,,1,given,,,
656b9ad572946349a0ba434ebc916de3e949ef243380d805b01d50eb46ed3e42,COM_006,Cyncly - Rainbow <> Merge ,2024-04-10,2024-04-17,Client Project,COMPLETE,JMG87,JMD173,1C21F75B-AF84-4D5F-9000-216A34D91334,,Data and Reporting,1,given,,,3.0
31defb8be581da01ad7c2fde0a1ee01f6fe993e540a4d4d8f94f8f8e068ee6d3,BLG_001,Financial Model,2019-09-23,2019-10-25,Client Project,COMPLETE,JML-005,,48428085-536C-4C25-A33F-2E669EC887D2,,,1,given,,,
9e279368ea660f44b4474c630cc9bf96b34dea82827682670689207da624e07b,IDN_002,Corsair Capital - IDnow - Contract data extraction and transaction type mapping,2025-10-06,2025-11-28,Client Project,COMPLETE,JMG321,JMD37,4C08A09D-266B-4BF5-983D-DA8A90F88E02,Gen AI,Value Creation,1,given,2026-01-04,,1.0
85d2b0558b5d4d84e7773f52aa762c98fef545cd629c8fdce6aef343f301b214,SVT_026,Searchlight - Survitec - Data Team as a Service - [Oct - Dec 2025],2025-10-01,2025-12-31,Client Project,COMPLETE,JMD132,JMD132,06667D0C-DFA2-4925-A6B2-CEE326A4E4D7,Data Engineering,Core Reporting,1,given,,,3.0
f0f059cba112a51107dc33e3baf4a04d5b2c68699f8ae8da82c14ab88934ef70,JMG_267,JDWH 2.0 Platform Build,2026-01-26,2026-08-31,Client Project,ACTIVE,JMD257,JMD383,45AC9AD7-51C9-4C2D-AB89-ADEA174B2771,Data Engineering;BI and Reporting;TechOps and Automation,Core Reporting,1,given,,,3.0
cd0d90e1cc96aee9289c9791bd828a109869c4dbe7abd7093e4f1ef810e24952,ZEN_006,Permira - Zendesk - New business prioritisation,2024-04-02,2024-06-28,Client Project,COMPLETE,JMG53,JMD41,CA5C9C60-65A9-4344-AB08-1931F832DD1E,Data Science,Other,1,given,,,3.0
00679719e91f162abc8cf85d4459c03cd607323e030e44a3d5f66426be6aa08a,FIR_008,FireTree EM 2022 Q3,2022-07-01,2022-12-31,Client Project,COMPLETE,JMD28,JMD92,A13DC602-1FC1-4D39-B2AF-D0F1E4D8767C,,,1,given,,,2.0
8526fa30dcfb621b2ff5922b9176e54c4b58285c7cf44cdef7673109d71322a0,PTZ_003,Monthly Refresh,2022-12-16,2023-01-27,Client Project,COMPLETE,JMG59,JMG59,6DAE2A80-0E2E-40D9-A19E-0C34F59EDF1D,,,1,given,,,4.0
1e081f3ab7d35ee71d9fee39c8616c2f3dd93ea5ff7ab089f1cf6901a8e124b5,SLC_010,Searchlight - Fiber DD Coconino County (NM),2023-08-28,2023-09-01,Client Project,COMPLETE,JMG72,JMD42,FD167415-3377-4EC5-A564-654340D84674,,,1,given,,,3.0
d1321a8d78ede75a88fcd721e1289f3627d66e4ea5b95922bfcc16a944c7f3a3,WDC_017,Cencora - World Courier - AEIP support (MB/PG),2024-03-25,2024-08-23,Client Project,COMPLETE,JMG210,JMG219,BA9A80E3-DFA1-45D1-8440-5955274FEA1A,,Core Reporting,1,given,,,1.0
c5a576ae2e9c018c673add7fb7a8d6088f95e550e5087b3f2844b693901ff763,LBP_008,Sovereign - LB Group - Managed Service Plus Extension (VM/JAT),2024-10-28,2025-04-09,Managed Services,COMPLETE,JMG218,JMD89,3F644ED5-45FC-4E5F-A105-630FE7B93F83,Data Engineering,Managed Services,1,given,,,2.0
a7c0346f8cdc707badb513176542c4a6361ea54c63e2a3576e2deb299dc6c33a,CIL_001,CIL Social Listening - Golden Tours,2019-05-30,2019-06-07,Client Project,COMPLETE,JMG15,JMG15,DC0041C6-3306-4A3E-8C3E-635700D5BA40,,,1,given,,,
fac9b8ebea712da96c45f5b826c3a1d7f7c753c2795833df1685811a1fd71fa4,JAG_009,Convert Lambda Function to Alteryx,2023-02-27,2023-03-31,Client Project,COMPLETE,JMD41,JMD41,AC01872E-7DDC-4613-9962-C52DCBECDDF6,,,1,given,,,3.0
e72b5754f61ab004d2dcd456507fd8e2ccac144addd73fd1979119391201ec97,CBP_002,CBPE - Origination Tool DTAAS,2024-06-09,2025-09-30,Managed Services,COMPLETE,JMG133,JMD216,105E0942-0E80-4DDE-8904-E099C1A75CB5,TechOps And MS,Managed Services,1,given,,,2.0
5727aa06c5cd2009dddc669b1a292dfd2f60e97384b3189c62c6a1abbb4452d3,JMG_069,Delivery- Update snowball DD templates,2022-03-14,2022-04-22,Internal Project,COMPLETE,JMG22,JMG22,EDB6A9A7-5102-45E7-9BE3-A7F958716C2F,,,1,given,,,
5ac5c56aad3b769e370525996f9cf211f8d5f470a686717ba892529001ff26a5,PMC_001,Inflexion - PMC Treasury - Data Platform & Reporting (Scoping phase -1) (TP/JT/KO),2024-09-18,2024-10-02,Client Project,COMPLETE,JMG117,JMD82,C09EA69C-E07C-4294-BAFB-E55DE4C3C93A,Data Engineering,Core Reporting,1,given,,,2.0
fcfbeca1078166f697290aad62f7639dfd2545f3cfaa5855ac8e5df99b45fc7f,IMG_003,IG Support,2019-02-01,2019-04-13,Client Project,COMPLETE,JMG21,JMG21,C7BF9AF1-90A7-4606-A6D8-E63E4365D5B7,,,1,given,,,
7a75f7a72f17d7d375de0836336528c7fef6b994a5c2b9acba704522b25def5c,AUF_003,Baird Capital - Aura Futures - PM Tool/Web Portal Managed Service (FS/JM/KS/FC),2024-05-12,2025-01-05,Managed Services,COMPLETE,JMG100,JMD182,E89CED45-CB39-4485-AFB8-F802587197A3,Data Engineering;UI/UX;Software Development and LLMs,Managed Services,1,given,,,2.0
6ac0f9dad661d32a325d73766b610b238ec43ee39cc5f91c83474ab0efc98102,JMG_073,Sustainability- Chennai social impact event planning,2022-03-14,2022-04-22,Internal Project,COMPLETE,JMG29,JMG29,EDB6A9A7-5102-45E7-9BE3-A7F958716C2F,,,1,given,,,
48746688e6fccb3c6b8cf9d7ee7d9a11e32b6ee52f30dbbd6a5c8e3ef79ac846,JMG_060,J-Labs Datalytics,2022-02-07,2022-04-30,Internal Project,COMPLETE,JMD41,JMD41,EDB6A9A7-5102-45E7-9BE3-A7F958716C2F,,,1,given,,,
4fe198ec3d52a1692baac818d71cfc95ba7b5a49af8c71915242ea401b0c018c,WDC_004,Profitability Reporting Dashboard,2021-04-06,2021-05-19,Client Project,COMPLETE,JML-034,JML-034,BA9A80E3-DFA1-45D1-8440-5955274FEA1A,,,1,given,,,1.0
479b49ce9c38a40410496685ae3e079ace8c07809b0948985bbe54992eb65649,CNC_020,Guna Int - Cinch - Mobile App Build Q3 2023 (NJ) (EXT),2023-07-03,2023-09-30,Client Project,COMPLETE,JMD41,JMD96,E6ED099A-E034-473D-A237-92B0C8A6EADF,,Managed Services,1,given,,,4.0
63a870709d24877b73815b19e215200bc7d4965b29ea6f82e809b6ee438b3520,JMG_044,Sales- Breaking into Pharma,2022-03-14,2022-04-22,Internal Project,COMPLETE,JMG42,JMG42,EDB6A9A7-5102-45E7-9BE3-A7F958716C2F,,,1,given,,,
477f6083b6f7ab79fd84b76ef577621310157463548b6f2b2cf8854466c1efe9,JMG_006,J-Labs Application Assessment Platform,2019-01-01,2021-12-31,Internal Project,COMPLETE,JML56,JMD97,EDB6A9A7-5102-45E7-9BE3-A7F958716C2F,,,1,given,,,
e896c7b25c918efe930a406138890ac84d3d1d9c5b63090713dc7c44233f57fe,CLN_033,Triton - Clinigen - MDM Phase 2 Support (JC/CD) - Part 1,2023-09-01,2024-01-31,Client Project,COMPLETE,JMG24,JMD16,CBE4E752-7D89-485F-8768-BE5DBF9C1F6C,,Managed Services,1,given,,,4.0
1d04239813e004c2bec0cdce232ccc8bfb8b9ff9e587d4be3745b9361d6e6d08,NSM_001,Data Warehouse Build & Reporting Automation,2021-06-07,2021-09-03,Client Project,COMPLETE,JMG22,JMG22,AABD8FA9-51A5-4241-A17D-ACBADD427A4A,,,1,given,,,
85acabd3edc43ebf0f8bd53c7717b904511530279508d8c3ffe7bb7e88fff56e,PHG_003,Bridgepoint - Prescient - CMAP Repoint,2026-08-17,2026-11-16,Client Project,PROPOSE,JMG338,JMD82,09CDB208-AA20-4E6C-A05A-9F233CBF6B2C,Data Engineering,Core Reporting,1,given,,,4.0
44d35f81ea7bf62bad02ff3828e5520715bc2b97a95230b819e73a413a9a2ad6,HGC_004,Project Admiral,2021-01-05,2021-01-15,Client Project,COMPLETE,JMG24,JMG24,EE649EF4-C803-4F9C-A7AA-110D5BBB256E,,,1,given,,,1.0
f3c4b94786e5820a8aabc5f62040d412a9084359b0e1685323389cd39411df95,ARY_001,Pollen Street Capital- Aryza- Budget model rebuild,2025-07-21,2025-10-10,Client Project,COMPLETE,JMG157,JMD157,7D0C7588-F4BC-4467-992B-502B952818BA,Data Engineering,Core Reporting,1,given,,,2.0
47a594d4a2d31cbc7704539c1e4e88e8df01b8b4a5d0a29d66eac6ddd73bd048,SOV_007,Sovos SSP Analysis,2022-04-04,2022-10-31,Client Project,COMPLETE,JMG112,JMG29,F984AAE7-6BC9-4D69-8125-763CEE1196B5,,,1,given,,,1.0
b4b56b274ff15576aff6ed192824468f6c71c9cecdcfbaabcc18e48963f72dfe,RLD_002,ARR Bridge Maintenance & Enhancements,2022-12-19,2023-01-13,Client Project,COMPLETE,JMG112,JMD42,6FA65EF2-FAFC-432E-ADF3-4E4090AE887D,,,1,given,,,1.0
4aff2e9d4708a5429c457382cf7b6bae538e9f349ec4ebb2393af2cc0f1ed94d,JMG_103,"Marketing- Design of a spec for branding and marketing support""",2022-07-04,2022-08-12,Internal Project,COMPLETE,JMG15,JMG15,EDB6A9A7-5102-45E7-9BE3-A7F958716C2F,,,1,given,,,
2903c848435b6cdef5f319942785a1b4625f9376430564e5c9e073be507339b8,URB_002,Ongoing QA support,2022-10-24,2022-12-30,Client Project,COMPLETE,JMD16,JMD16,537AE83E-2265-47B9-80F8-98900B13B716,,,1,given,,,2.0
c4700ae1d34ff259720056ff88fc6dcd5ef44c6c12e2e81f70a6725330f735e5,HPG_002,Thoma Bravo - Hypergene - ARR Refresh Support Retainer (TB / KW),2026-05-05,2026-06-30,Managed Services,COMPLETE,JMG150,JMD205,43C7B5D7-3DAB-43B7-93DC-BA7F79A38ECF,BI and Reporting;Data Engineering,Managed Service,1,given,2026-08-14,,1.0
0f89815d6898143867eec63a42d3723bff3e5ccf761b1214b24c225f1a7953f4,HGC_040,Annual Contract Value Analysis,2021-02-03,2021-04-30,Client Project,COMPLETE,JMG24,JMG24,EE649EF4-C803-4F9C-A7AA-110D5BBB256E,,,1,given,,,1.0
b825ce5231bfe21e0be7295ec7524ecb38479b26b004cda9e7fe9312f47f89cf,PMC_004,Inflexion - PMC - DTaaS,2025-06-02,2025-08-19,Client Project,COMPLETE,JMG159,JMD135,C09EA69C-E07C-4294-BAFB-E55DE4C3C93A,BI and Reporting;Data Engineering,Core Reporting,1,given,,,2.0
144fc2152c4c25cdf356b8a4ffab5529279da40bcf571d4b2d033134b3bba8ef,PMR_002,Data Analytics Secondment,2022-02-01,2022-04-29,Client Project,COMPLETE,JMG22,JMG22,5DE4495A-84E3-4D46-83C4-6CA90A048F32,,,1,given,,,3.0
a14ed60de567cdd390e0207a3bad9acf58f65054799da5ae370da42e20f7a386,BAU_005,Events,2022-09-05,2030-09-30,BAU Activity,ACTIVE,JMD375,JMD375,EDB6A9A7-5102-45E7-9BE3-A7F958716C2F,,,1,given,,,
c7cfe855c4211a3a54763b59030aa2e93548229490bdf342248909e1376478be,FLD_001,Flooid - Profitability Modelling,2020-01-22,2020-08-31,Client Project,COMPLETE,JMG42,JMG42,3D2B5798-0819-4DE1-8774-2D0FC4D9E009,,,1,given,,,
3e50dc357ff7c1db5634375ba550fc1da763578947996c873068ac08869fd033,CMA_001,Data Strategy,2022-06-06,2022-08-09,Client Project,COMPLETE,JMG15,JMG15,794CECB8-AEAA-48B3-9CA8-A42ED7037C5F,,,1,given,,,
dbe2852d123d7bfb5e9873b9e1aeeb748285fa4676c16c55ed4403b5034b2f74,SFR_001,Saffery - Exit data cube D&D,2026-03-09,2026-03-30,Client Project,COMPLETE,JMG354,JMD383,038B8D71-15BF-4A16-BD49-5E6AC59660FC,Data Engineering;Consulting;BI and Reporting,Exit Support,1,given,2026-04-04,,4.0
66759fd6e110fba7d0708a085e322174352f206197002e59189f6b4826ea15a0,BAU_024,Legal & Compliance,2019-02-01,2025-12-31,BAU Activity,COMPLETE,JMG11,JMG11,EDB6A9A7-5102-45E7-9BE3-A7F958716C2F,,,1,given,,,
5d73b9d000d032b8122458383284b69ad26352ebf0f72a11f78d62f5854e8d28,NCR_002,N5 Virtual Team 2022,2022-04-18,2022-06-20,Client Project,COMPLETE,JMD160,JMD160,84352CC2-0D77-4D2D-8B43-AAC14556AFD1,,,1,given,,,
dae3ae51537fa0616dbd9f30eab80c2a41cb2ef6f8acf0fa891a45ab6a1f1757,SGP_006,Stagecoach West Coast Demobi Support,2019-09-23,2019-10-11,Client Project,COMPLETE,JMG42,JMG42,E4B44870-37A3-481D-8E7D-EF12AA7BE46B,,,1,given,,,
18433c88a7b7171ffe257d34c82a82a5d927e9e0fe87351fc00c9d9d3445775c,CLN_034,Triton - Clinigen - ADF Integration Development (Two-Sprints) (CD/JC/DD),2023-10-09,2024-01-31,Client Project,COMPLETE,JMG51,JMD149,CBE4E752-7D89-485F-8768-BE5DBF9C1F6C,,Managed Services,1,given,,,4.0
048ff70e96cee323d0aa738e00d346a749c248547bfa20c3b50e17e2e675cc11,MNT_001,MNT_001 MontaRosa - Impact analysis & success prediction - (CD/MB/VC),2023-10-16,2023-12-29,Client Project,COMPLETE,JMG52,JMD41,EB9EF910-9A6B-4ED0-B908-B68B47C56643,,Value Creation,1,given,,,4.0
953600ec06ba80a4eddab1daec77350256fc9f4883798b86d828a1ccbbda4a1a,JMG_233,JHire - Chatbot Interview Assistant,2024-11-19,2025-01-13,Client Project,COMPLETE,JMD372,JMD372,45AC9AD7-51C9-4C2D-AB89-ADEA174B2771,Gen AI;Full Stack Engineering,Value Creation,1,given,,,
ea6f4b77ae8b196557fe2fd60310da1d037b6e911063354adb0bbe8ac5a40d89,WTD_003,Data Warehouse Support,2022-11-13,2023-01-05,Client Project,COMPLETE,JMG15,JMD31,8054CF41-F9ED-4E3D-AE6A-D8ED06F7F90C,,,1,given,,,1.0
39641ac4f0dc290c019ff02ac8c5c50c9d7d064a9dbfcbc247e8d60b734685e6,GET_002,GTN - Sales Strategy & Performance,2019-03-20,2019-07-02,Client Project,COMPLETE,JMG42,JMG42,FE147121-9446-4FD9-B905-0EB291701893,,,1,given,,,
5f07304e3242cbfb277b03ac4d9e090bfca3e8f20196f4fc1bd5609b5be9cab7,CAS_005,Hg - Caseware - Additional resource (JT / AG) (EXT),2023-04-03,2023-12-29,Client Project,COMPLETE,JMG69,JMG69,E72F7D91-5FA6-49BC-B840-F213738107A8,,Core Reporting,1,given,,,1.0
2291ca4b98a50f6904df6d2723764dd2997874714b22aa7f51474bafaaf5d75e,VIA_004,Chirisa - Viatel - Phase 2 extension,2023-07-24,2023-08-25,Client Project,COMPLETE,JMG31,JMG31,27CC6E37-931F-4615-AEBE-4CE81C413CEF,,,1,given,,,3.0
af5b6aafcc728bf0aced6ddc588ee2ad6a0035ed0b9cbb1ae6bfc3fd34b37c35,PSC_001,CALHN Urgent Care (Adelaide),2020-01-26,2020-08-31,Client Project,COMPLETE,JML-024,JML-024,88B6B8E6-EF36-4337-80D6-8986EB36FAC7,,,1,given,,,2.0
17ab2d7a439668d166b343d42ff261f9038f0db5d3a5fc43744780d500cdec88,BTS_001,Bootstrappers_2022,2022-02-21,2023-02-28,Client Project,COMPLETE,JMD8,JMD8,36545B79-F222-4D2C-A567-41536696B538,,,1,given,,,2.0
b53f69eff4f4d7e0cd08839e3ce396f32bfe768c93655e09f67c43c204a73ef4,UGT_001,Baird GIB - Project Tomahawk - Data Cube,2025-11-10,2025-12-08,Client Project,DEAL LOST,JMG81,JMG81,11466F92-CFE9-41D4-9E51-4B8B46803691,Data Engineering,Exit Support,1,given,,,4.0
dd20cbaeedc19665dc9b937e89c48dbc4abe9e3b05768cd568c5d4388e1e246f,ASZ_002,Data valuation support extension 1,2022-01-01,2022-03-31,Client Project,COMPLETE,JMG29,JMG29,24C94574-43FF-4682-A338-263B0FBF906B,,,1,given,,,1.0
b838c238badc407e9bfda0743e865f0932b2fc5a7de352e8348a44b0c0b79e81,WPA_001,Worldpay 001 Mobi,2019-02-01,2019-02-28,Client Project,COMPLETE,JMG42,JMG42,D3C0DB9D-EAD1-443F-8B6E-08B379864773,,,1,given,,,
d16b35c047417b0f27067c5e59ffbd7fbabcc7b87d75984e0f38f18bc6631729,JMG_122,Sustainability- Collaborate with our Sustainability Partners,2022-07-04,2022-08-12,Internal Project,COMPLETE,JMG29,JMG29,EDB6A9A7-5102-45E7-9BE3-A7F958716C2F,,,1,given,,,
d036c19309f326f57aa6ae9893a863112a69fe1baa594b61840f3560f0b50f03,HGC_009,Project Rex,2021-03-08,2021-03-18,Client Project,COMPLETE,JMG24,JMG24,EE649EF4-C803-4F9C-A7AA-110D5BBB256E,,,1,given,,,1.0
857781ba1a9fb882225528d0194a36e6dcae952b6d99639fc09b77c5f7a3a73c,DLA_001,TPG - Delinea - D&D & Build Combined (TW/MC),2026-03-23,2026-06-29,Client Project,COMPLETE,JMG128,JMD128,D1045402-4B89-4D93-BB7E-958207DB1373,BI and Reporting;Data Engineering,Core Reporting,1,given,2026-07-31,,4.0
ec51395329b3d18ba82a80bad5609e415392320e3e645a7a1b6651c43830d717,LOW_002,Perwyn - Lowe Rental - Phase 2 Data Warehouse Build (TP/EG/VK),2023-08-07,2023-10-20,Client Project,COMPLETE,JMG52,JMD118,5B2E59CB-5FFE-4024-A372-A4600861A984,,Exit Support,1,given,,,1.0
cc6de0f0d7aa4b40d9bef5af722565b4c12d2e4b3ac9c8b220b4c72534e3658e,TOT_005,Totalmobile - Sage migration (TB/PS),2024-09-02,2024-09-09,Client Project,COMPLETE,JMG69,JMD8,7198B121-659E-4EBA-B262-0359CE2986AB,Data Engineering,Core Reporting,1,given,,,1.0
6994bf2f6795291e5f3d6e83c58e96a9edf19377dada06fd1c03049af22ea4d1,SUT_001,Sovereign - Summit Group - Design & Discovery,2025-09-01,2025-10-05,Client Project,COMPLETE,JMG236,JMD219,84863A4A-819E-402E-B766-57D56D0E1BED,Data Engineering;Consulting;BI and Reporting,Data Advisory,1,given,,,2.0
f2fa41357609081b9a68b61dc63a2aee05939a30d5bdcc2ddf91956ae5f4b48e,GLS_020,Levine Leichtman - GLAS - Sales Pipeline Reporting,2026-04-27,2026-06-22,Client Project,DEAL WON,JMG156,JMD218,16BA707B-C0A5-43B3-8F7F-4D0E13213915,BI and Reporting,Core Reporting,1,given,,,4.0
b607790b3eb6394e50b9eb29bcb001ef3126d9a5d549904353bae9bd18c886d0,PEC_011,Platinum Equity - Peli BioThermal - Pricing Support ,2026-08-17,2026-09-14,Client Project,SOW PENDING SIGNATURE,JMG342,JMG342,2AD82EA3-8E7E-47BE-B693-EA64752F9440,Consulting;BI and Reporting,Value Creation,1,given,,,5.0
36136c7af05e31c1209eaef5dad1d81cf374c97eade1702fa3dc228a17876925,SGT_001,Dynamic Pricing,2021-08-30,2021-10-29,Client Project,COMPLETE,JMG22,JMG22,8DA57139-9112-4BAD-A64A-4AC20AD2596C,,,1,given,,,1.0
d38d6811183e54efffa0646d94a17d6ecd9d11f95016d2caf2e892477af48d25,SVT_006,Cashflow Automation,2022-11-07,2022-12-02,Client Project,COMPLETE,JMG115,JMG115,06667D0C-DFA2-4925-A6B2-CEE326A4E4D7,,,1,given,,,3.0
37308f12d56b27f674ab6978a6660a11a00f496d517ae76e22e35f472e29d675,SOV_015,Sovos DBT Maintenance & Development,2025-01-01,2025-09-26,Managed Services,COMPLETE,JMD135,JMD135,F984AAE7-6BC9-4D69-8125-763CEE1196B5,Data Engineering,Managed Services,1,given,,,1.0
eb3af16f15721050692cb26a5eee40d4a91af3815b9fe5daaab2656be29a9abc,PMA_003,TA - PMA - AUM Integration and Reporting (MC/AB),2025-02-23,2025-05-13,Client Project,COMPLETE,JMG86,JMD128,1ADEA9DD-8206-4695-AE59-A50C62285EAF,Data Engineering;BI and Reporting,Core Reporting,1,given,,,4.0
c0ec199ea5521b4af0eaf1559ef502eecf8f132ca2dab835ed3872f0f07e876f,NDC_002,Nordic Capital - data implementation advisory,2024-04-08,2024-07-05,Client Project,COMPLETE,JMG220,JMG220,4620D418-5BA7-4567-B91D-8FD71EEB38FC,Data Engineering;Software Development and LLMs,Data Advisory,1,given,,,1.0
831212deb7239d3a026dfabe1ddbcb2ae83a23de883e989b9043922a8f24ab98,OCO_009,Ocorian - DTAAS - Partnership,2026-07-01,2026-09-23,Client Project,PROPOSE,JMG310,JMD148,F419A4DB-8641-406D-83DC-C985EC14B44D,Data Engineering,Core Reporting,1,given,,,2.0
c31ff6d1df19c79e386acf24c4ca8c8a883ba4eb7ca2f69cc14e623639575b1a,ACS_004,Triton - Acre Securities - BI Secondment,2026-03-23,2026-05-18,Client Project,ACTIVE,JMG64,JMD376,96290954-D89D-4A34-97A2-1BD17C1AEEFA,BI and Reporting,Core Reporting,1,given,2026-09-11,,4.0
a105f869b4905bfed498b3bdd400310d226f45b15da2a267bf69cd94e5a1e0c9,JMG_019,IG-Portal Mobile app,2019-07-01,2019-08-31,Internal Project,COMPLETE,JMD11,JMD11,EDB6A9A7-5102-45E7-9BE3-A7F958716C2F,,,1,given,,,
94ab32a9e7e49b79df35d09c8c3bfd454f620a5547a29292c80a1ed139e52aea,PTA_002,Flexpoint Ford - PTA - Managed Service,2024-06-20,2025-05-31,Managed Services,COMPLETE,JMG59,JMD212,E9ECAD7F-CDBD-4ED0-B8AC-DB6F1C5F6A4A,Data Engineering,Managed Services,1,given,,,4.0
d5c32c00ae0fbbc6d8e1abe156c31db96e257f46032ccfe4a41b35d1f61e3972,PLC_002,plan.com - software engineering support (JT / HT / KW / SG),2024-07-08,2024-12-31,Client Project,COMPLETE,JMG150,JMD28,7E5DEA6D-06B5-433D-8F6D-5641EDD03CE1,Software Development and LLMs,Value Creation,1,given,,,1.0
82d9096a2f6a17ac098ea7489f68db166c3ecdeba203f8870391df952fc4d356,PMR_007,Permira - Lytx - Gen AI Fleet Count,2023-07-24,2023-08-06,Client Project,COMPLETE,JMG59,JMG59,5DE4495A-84E3-4D46-83C4-6CA90A048F32,,,1,given,,,3.0
b299af6dfa9427ce32dc2b8f9abac6659faebef2011f03233460336afe2d7109,DNS_001,Horizon - Dains - Datacube & Platform Development - Phase One (CD/MC/SI/TW),2024-01-29,2024-04-15,Client Project,COMPLETE,JMG49,JMD181,5553337B-330A-4E7B-AAB2-97AF6889EF91,Data Science;Data Engineering,Exit Support,1,given,,,4.0
974e5a86da9f3c03a87ed7ec096fa49218b0f1ea2e4f4a93bd8d8cc6b65b6a78,TZG_002,Tenzing - DD support #2,2024-06-10,2024-06-17,Client Project,COMPLETE,JMG31,JMG31,D6EE1F87-C7CC-4249-9DA8-C9EC5FF4BBB0,,Due Diligence,1,given,,,2.0
9ee30c1c9d89a08738014b77490c5e9f46669566caf70d9036770308e87baa8c,OPM_001,TPG - Optum UK - ARR reporting (CD / TB),2026-06-22,2026-07-06,Client Project,DEAL WON,JMG69,JMD179,F0A7C043-87AD-4B87-ACF0-3CFCF7746203,BI and Reporting;Consulting,Data Advisory,1,given,2026-07-10,,1.0
42ee28a9b0d453486fe77e5536ea0316843c33bc1bc20ff798aa4858d8cf3214,VRF_001,Apax - Alcumus - Phase 7 - Highwire Data Integration,2026-04-27,2026-06-22,Client Project,PROPOSE,JMG77,JMG77,3DEF32B2-B27F-4D9E-A013-7F35FB1F0D1F,Data Engineering;BI and Reporting,Core Reporting,1,given,2026-07-17,,4.0
de60c1334819d241bfeb351fa839a81ff1e1a5481a1dbd4038036fc350a23756,FWS_005,Insight Partners - Fleetworthy - Sales Tool Full Build,2026-07-20,2026-08-31,Client Project,DEAL WON,JMG73,JMD96,66BAB079-6D92-42AF-A3FB-B63AA3AB15C3,Full Stack Engineering;Data Science & ML,Value Creation,1,given,,,3.0
6d7cd6456c335a31604ea1e10e14a66cc9a9ea97ba248d39b64475319e0048ba,GAT_002,Power BI Dashboard,2020-01-20,2021-03-31,Client Project,COMPLETE,JMG24,JMG24,9154501B-D5C8-4872-B22D-0FF2562EC3E3,,,1,given,,,
568113690e55479d854dddbc770f028cffb9622e6ac99a710a4c9dba2f8e7cc7,BMF_004,Horizon - Boston MFO - Acquisition Data Integration CRB & PVM Bridge (CO'C / PG),2025-09-22,2025-10-24,Client Project,COMPLETE,JMG134,JMG134,536ACFE9-3147-48A9-A060-BD58E7F88981,Data Engineering;BI and Reporting,Core Reporting,1,given,,,4.0
6468fa8c61e1403977d3f8ec7fa904b958d0c0f68e190ef81c2735e84e624ee3,ROC_002,BGF - Roc Tech - exit narratives & operational reporting phase 2 (JT / MB / VK),2023-10-30,2024-01-12,Client Project,COMPLETE,JMG220,JMD5,76BBBAA9-36F0-4740-8EA0-93B5E1B687C7,,Exit Support,1,given,,,1.0
edfee167549a690972ce117412a7479a245f82e33d0113ddb7744d63003fd47a,TCM_002,Apax - TCM - Carveout Report Migration Support,2026-01-14,2026-04-15,Client Project,COMPLETE,JMG49,JMD144,5FC261F3-AED9-4D1E-BC8B-E32164252224,Data Engineering;BI and Reporting,Core Reporting,1,given,2026-07-31,,4.0
58967d56f1a2d3d9730c3980c5f2702e7a7c801f162b3bcf4f42989ab7859b57,AMN_002,Cinven - Accumin - Group-wide Reporting Phase 2,2025-09-08,2026-01-02,Client Project,COMPLETE,JMG206,JMD8,39A852E2-9E69-488B-A52F-A42968DF52CF,Data Engineering;BI and Reporting,Core Reporting,1,given,2026-01-16,,2.0
b61cea1ebd34f11bf337cdca7a7139e00f3834bb9ebb5b13b5084ead854de6df,PBS_001,Data journey support,2022-11-21,2022-12-09,Client Project,COMPLETE,JMG15,JMD8,EC369785-DFC7-4A2C-94DC-DB23C2E4DF27,,,1,given,,,2.0
04c0c37ca5f41c352b93dc6d45e7c308a3c4e44de80c19f1a0422e10271d0235,JMG_064,JMAN ESAT Analysis,2022-02-17,2022-09-02,Internal Project,COMPLETE,JMD20,JMD81,EDB6A9A7-5102-45E7-9BE3-A7F958716C2F,,,1,given,,,
5ed99f19d8224ab58fb87a83c9aa157fb911388abf6f8999ce2139a1d83d6d79,PUR_003,Leonard Green / KKR - PureGym - DK Membership,2025-07-07,2025-10-12,Client Project,COMPLETE,JMG87,JMD201,0C31D638-B9FF-494C-AFEE-65BA751B11E8,BI and Reporting;Data Engineering,Core Reporting,1,given,,,4.0
5f38a0a4c768c320bc89f7def2bad5dd52569d0e3671eb8946e3aefda71f976e,VIA_003,VIA_003 Project Voyager Dashboard Build Extension,2023-07-03,2023-07-27,Client Project,COMPLETE,JMG31,JMG31,27CC6E37-931F-4615-AEBE-4CE81C413CEF,,,1,given,,,3.0
9e95186c6076e2a88073895834ae1b08cb92bf799aea9d79d6e81c7a8e858186,JMG_238,JMAN Resourcing,2025-01-01,2025-04-01,Internal Project,COMPLETE,JMD7,JMD7,45AC9AD7-51C9-4C2D-AB89-ADEA174B2771,,,1,given,,,
559d12aea2495d372f1f4497f58d9b349006fe5c330fa09eeac936512a3809a5,KCS_001,CapVest - Klipboard - ARR Design & Build,2026-01-26,2026-04-06,Client Project,COMPLETE,JMG117,JMD236,6461019B-F21B-49C3-B0E6-A9FF7140F189,Data Engineering;BI and Reporting,Core Reporting,1,given,2026-04-10,,2.0
7eae29e9fcff3b55a77656ffbda442fa2ef8895efa59ba9804b0bf368f36ba32,WHZ_001,PSG - Whoz - Historical Data (MH),2023-08-21,2023-08-25,Client Project,COMPLETE,JMG56,JMG56,0825358E-4CBE-43CC-B14F-61F42EED8CA4,,,1,given,,,1.0
309de38f979463950d198e7bfcfb36322186231e01ca403d5d5087096eb3b7db,MRK_002,Promotions,2022-09-05,2023-01-27,Client Project,COMPLETE,JMG87,JMG87,4F95F5A2-BF69-47A0-970D-2994381EC924,,,1,given,,,3.0
6dd3536f1812a7828ccdd1d4d620526d58f51f97a76c932d4e715cbdee83f3c6,HNT_003,Hunt Companies FPA - Extension,2022-12-06,2022-12-30,Client Project,COMPLETE,JMD162,JMD28,F1DFBD01-0C3D-4903-A40C-9285ACD09773,,,1,given,,,2.0
9a8ded78edfa60130ac0ed47a73ae2f35416d3721c447d4d6b75d6b70ccc6492,CRM_001,Fontenac - CROM - D&D,2026-08-10,2026-09-07,Client Project,DEAL WON,JMG100,JMD106,A8832137-0D33-48DE-A8D7-20AACC10E8D7,Data Engineering,Data Advisory,1,given,,,3.0
6da55301ad9bac45941173d805b07777c9344930920f6092bde44d930c5ec4c2,EUR_001,Eurofins - Sharepoint Maintenance Extension Q1 2023 (NJ),2023-01-09,2023-06-30,Client Project,COMPLETE,JMD162,JMD41,460576C5-0D95-485B-9A49-8FB43515E020,,Managed Services,1,given,,,2.0
1031e161bd479cd207f11996d5432e969512334678bdce00b1d6cdb51e245e63,JMG_032,Copy of Copy of Learning & Development(1)(1),2020-07-14,2022-09-08,Internal Project,COMPLETE,JMD21,JMD21,EDB6A9A7-5102-45E7-9BE3-A7F958716C2F,,,1,given,,,
58da3bff1c71aa4041d5e0c2d680c1ede80e5cf79fdcd51a2565b13663de1c48,IOS_001,Altor - Ideal of Sweden - WSSI Support (NC/FS/JCG),2024-11-11,2024-12-13,Client Project,COMPLETE,JMG122,JMG122,383FF6C7-C49C-4E56-AC83-B07393758C00,BI and Reporting,Core Reporting,1,given,,,2.0
bd7f6c26066cf53086d98d10e923bd6b501be123009da89ec7f83817a7ca023a,PSC_023,2020 Performance Review Tool,2019-02-01,2019-05-10,Client Project,COMPLETE,JMD11,JMD11,88B6B8E6-EF36-4337-80D6-8986EB36FAC7,,,1,given,,,2.0
420ed39fa840079899d78061bacd060d9bf0b48910cc987bbdaa6fc1822927c2,DSN_004,Frontenac - DSN - Profitability Build,2026-03-16,2026-06-21,Client Project,COMPLETE,JMG159,JMD136,80BAADB4-F045-41A2-A04D-B1131019757B,BI and Reporting;Data Engineering,Core Reporting,1,given,,,3.0
bf2dc1cdb47f543a11cb3bb9a74ef45ba91e87e4a9415c50a605ebd324f05b8f,NTL_001,MRR Analysis,2022-05-03,2022-06-30,Client Project,COMPLETE,JMG112,JMG112,4A53C5AA-F996-4D6C-90D5-3B4046634709,,,1,given,,,3.0
7a1d58b614d1c83dd4c8d8ee1461de1485ef3d7e57c57add30ca89665718179d,JMG_134,Away day content production,2022-09-12,2022-12-02,Internal Project,COMPLETE,JMG15,JMG15,EDB6A9A7-5102-45E7-9BE3-A7F958716C2F,,,1,given,,,
86ae689572b1661f46dd7364dd16850d5449afd566279065e112680d7acee1e0,JMG_012,JMAN Website,2019-02-01,2020-06-30,Internal Project,COMPLETE,JMD28,JMD28,EDB6A9A7-5102-45E7-9BE3-A7F958716C2F,,,1,given,,,
602b99a0fdb8b51b2d6373566af631407eb106c11f4688aadab3e293eaeba4ee,MSG_002,Cohort Analysis,2021-02-19,2022-03-11,Client Project,COMPLETE,JMG51,JMD20,2D143C29-D66C-4CD2-BB0D-1800CC18F116,,,1,given,,,1.0
600f22df36f6fea37bb2d02278665d4614a8c9e1595699880a803bda38ba1c31,AMR_003,Soundcore CP - American Restoration - Automated Data Cube,2024-04-08,2024-05-31,Client Project,COMPLETE,JMG72,JMD20,B5B0C7D9-95BB-4C90-B869-E0AA700918F9,,Exit Support,1,given,,,3.0
d46387e40ef5a8b825962d6fc976f8fb966604d6f65cfc34bdf1100daed3f608,CIT_007,Hg Capital - Citation -Engineering Support - Additional Resource,2023-11-16,2025-05-31,Client Project,COMPLETE,JMD41,JMD123,766C0C98-E15A-4D17-ACD0-01447E03F822,,Managed Services,1,given,,,1.0
1db6f895cb99b53069796b9de292e015da0958eb6b9beb7cde849b5ce265c334,VTP_003,BC Partners - VetPartners Phase 2 Development - Remaining 5 Months (JT/PG),2025-02-10,2025-07-13,Client Project,COMPLETE,JMG87,JMD82,28EF8687-3270-460B-A7AA-0D130E2D7892,Data Engineering,Core Reporting,1,given,,,1.0
465bfd26bde99ff912ab5316d6ec3deb30a361f5b03b039a24580e77392553e9,ENK_001,ENSEK - FP&A and management reporting  - Design & Discovery,2025-09-01,2025-09-24,Client Project,COMPLETE,JMG188,JMD435,8B4A2FAF-40BA-475E-AA51-92EFA79FA4A2,BI and Reporting,Core Reporting,1,given,,,1.0
6248bdc0ab776b1ca13896e9398ec6ba1254ed74804c564af6bbfeb6c67da7c2,GLS_017,Levine Leichtman - GLAS - Exit Support,2025-10-27,2025-12-22,Client Project,COMPLETE,JMG156,JMD158,16BA707B-C0A5-43B3-8F7F-4D0E13213915,Consulting,Exit Support,1,given,2026-01-02,,4.0
f65ee8977a7370ce8f7766fcfbf87d3835f5b6aa8ef642e93b884ec8a176c621,SLF_002,TA - Solifi - Phase 2 Build,2026-06-22,2026-10-12,Client Project,ACTIVE,JMG128,JMD467,7E4478B2-0BA4-470C-961D-68C0FA69878E,Data Engineering,Core Reporting,1,given,2026-10-23,,4.0
489da53f85accd1addbba16321b698b9aebb1a3eec58502f3c0d96830357e7cf,JMG_082,"Sales- Project Pulse- playbook refresh, JIN, HubSpot updates",2022-05-02,2022-08-12,Internal Project,COMPLETE,JMG42,JMD3,EDB6A9A7-5102-45E7-9BE3-A7F958716C2F,,,1,given,,,
72b6f95e5d60351c82ec266ab14d8a4abbd4473f1e0817702891a63637d110d4,JMG_234,Sales Toolkit,2024-11-24,2024-12-26,Internal Project,COMPLETE,EXT001,EXT001,45AC9AD7-51C9-4C2D-AB89-ADEA174B2771,,,1,given,,,
58845641046fb47e304acb51b0fa23c17236ba898db18b128a8a398911df9d6a,ANY_008,Knox Lane - Any Hour - Marketing Intelligence Suite Build,2026-08-31,2026-11-23,Client Project,PROPOSE,JMG189,JMD258,AADCDC00-0103-4CF4-B085-45004AAC4CC9,BI and Reporting,Core Reporting,1,given,,,3.0
e632f4e6b0183dcdee5812cef0addef169385fb16a5392061e003d3251cadd53,IFS_001,EQT - IFS - ARR Bridge (JT/TB/TP),2024-11-10,2025-02-21,Client Project,COMPLETE,JMG69,JMG29,9AC87250-DE30-4780-88A9-BF699B2BBA84,BI and Reporting,Exit Support,1,given,,,1.0
83452a19924790ca3b8e25b7f0dc6c560481a39304be14579ff2808c002d5fc1,ACC_003,KKR - Accell - Analytical Support (MB/TP),2023-08-10,2023-09-15,Client Project,COMPLETE,JMG52,JMD87,317E73D8-DE50-4B1A-BFDE-0C5E5F21F992,,Core Reporting,1,given,,,1.0
f16de6da9611e99b70ad35b89f0b36ae6cbca2a488aa7cf65577448dc07a61f7,PEC_004,Platinum Equity - Peli BioThermal - Exit Design & Discovery,2025-08-04,2025-08-31,Client Project,COMPLETE,JMG122,JMD383,2AD82EA3-8E7E-47BE-B693-EA64752F9440,Data Engineering;Consulting,Exit Support,1,given,,,4.0
4288d98e51293d2a44db8c95e3707f96cd705cf1df6c959ae22d999627688521,GFW_001,Genflow - Social Media Build,2022-03-28,2022-06-09,Client Project,COMPLETE,JMD162,JMD5,C668E14D-B09A-4AFE-A6E2-079AF7187ED9,,,1,given,,,
1617a0674b08c65fd8449b3dbcdfb8dd885a1ea2b7ee2cf3346f7e5bdadb1af6,MCL_009,MyConsole Data Captuing tool,2021-11-05,2021-11-30,Client Project,COMPLETE,JMD160,JMD160,637B410A-A9BA-45E3-A0AC-45FE639485EA,,,1,given,,,4.0
7511a718896fbf3f2b346a30ba52714c0536355303370191d36e8c1404f0f727,JMG_99,Delivery- Away Day Planning,2022-07-04,2022-08-21,Internal Project,COMPLETE,JMG22,JMG22,EDB6A9A7-5102-45E7-9BE3-A7F958716C2F,,,1,given,,,
a944b3ce94d3e3484ac7b2eae6be2aaec5b5d8e4e2eba08ffb8e53028af40a0a,JMG_123,"Sustainability- Integrate sustainability into our Sales, Recruitment and Marketing material",2022-07-04,2022-08-12,Internal Project,COMPLETE,JMG29,JMG29,EDB6A9A7-5102-45E7-9BE3-A7F958716C2F,,,1,given,,,
88426a77d9020a7c15a1fb316877a4e3ed00ce070ca659a48c2c6e14e6322f74,DSN_008,Frontenac - DSN - Automation Build,2026-07-13,2026-09-21,Client Project,DEAL WON,JMG159,JMD136,80BAADB4-F045-41A2-A04D-B1131019757B,Data Engineering,Value Creation,1,given,,,
ab725d80b06532e8e687ade9de3b087bd2c5dcd0d6b4e222728ef70eb3851e7b,ALG_001,Castik Capital - Project Griffin - Exit Prep (MC/TP/OMC/RS),2024-06-03,2024-09-27,Client Project,COMPLETE,JMG227,JMD5,FD7BBF43-93C2-45DF-ADD1-18311818D005,Data Engineering,Exit Support,1,given,,,2.0
c7e5aa76d0377a22c9ef6c8c11988bc46488b5033a4b3eb91b3e53c4ad7d2396,HGC_059,Hg Capital - Azure Infra and Gen AI Roll out Support,2023-10-04,2024-01-12,Client Project,COMPLETE,JMD5,JMD5,EE649EF4-C803-4F9C-A7AA-110D5BBB256E,,Value Creation,1,given,,,1.0
8a91326b3cd92ee7f90a222af88a30ad5774f9152499898ba4b9a2a085ace973,SEG_007,BI Competition & Tool Demo,2019-10-21,2019-12-01,Client Project,COMPLETE,JMG10,JMG10,2A8783B2-5AE0-4378-B753-DA2CAA7DCE88,,,1,given,,,
ef57360063f7892ddd5a6912a51b071e68e893159ad471a70f55b28f29eb71fe,CLN_003,OSR2 Data Support,2021-10-04,2022-01-28,Client Project,COMPLETE,JMG24,JMG24,CBE4E752-7D89-485F-8768-BE5DBF9C1F6C,,,1,given,,,4.0
b4f8a05c0d74f3c5873b92b88673ca8347a02a23016dfe1b1cac765a659cb4a4,PMA_001,TA - PMA - Project Jukebox (MC/RC),2024-09-03,2024-10-22,Client Project,COMPLETE,JMG59,JMD128,1ADEA9DD-8206-4695-AE59-A50C62285EAF,Data Engineering;Consulting;Analytical Engineering,Core Reporting,1,given,,,4.0
74a87e9c77fd808d4db93441e7b2b2146d1faf02f5cd2e1f625d68f39dfc8471,DSN_009,Frontenac - DSN - Sales D&D,2026-08-03,2026-08-17,Client Project,DEAL WON,JMG159,JMD136,80BAADB4-F045-41A2-A04D-B1131019757B,Data Engineering;BI and Reporting,Data Advisory,1,given,,,3.0
2a2ff7bf96c16578c223154982cacc97e6c166e7997c6a951ddddc825ec713d1,BAU_025,Leave ,2022-06-01,2022-12-31,BAU Activity,COMPLETE,JMD1,JMD21,EDB6A9A7-5102-45E7-9BE3-A7F958716C2F,,,1,given,,,
afd2e41b5155fd99abca55ef77358a8d0267df9616c5a58550c1fabbcb72fcbb,LBP_003,Sovereign - LB Group - DWH Acquisition Integration & Additional Xero Data (YS/CF/NS),2024-03-14,2024-03-22,Client Project,COMPLETE,JMG44,JMD89,3F644ED5-45FC-4E5F-A105-630FE7B93F83,,Core Reporting,1,given,,,2.0
b2123242ba2447d7dcde442e45c834eae371fa4ebdf2c5960f551ef7d354d5a3,DDP_001,Power BI Reporting,2022-02-21,2022-02-23,Client Project,COMPLETE,JMG22,JMG22,94D618ED-EDBA-4243-864F-7C30C5CE5405,,,1,given,,,
c64b11b866fa4c73d15463190e5bf684e4684bd1afd59f14aec3c50752a5f199,CHV_005,Triton - Chevron TM - Data Warehouse improvements (CD/PG),2023-10-23,2024-06-28,Client Project,COMPLETE,JMG87,JMD94,783F433D-70FA-417F-AA42-8D5833AED390,,Core Reporting,1,given,,,4.0
99346319bd638cc7c3e3cd5e04a9c1f6cf9aceef2053db7a82d840e974739bac,FWS_004,Insight Partners - Fleetworthy - Sales Acceleration Build,2026-06-01,2026-07-27,Client Project,COMPLETE,JMG73,JMD96,66BAB079-6D92-42AF-A3FB-B63AA3AB15C3,Data Science & ML;Gen AI,Value Creation,1,given,,,3.0
ed949c26546c29f050bf6edb3817c86a6f8183f19895ac9cd029e3b33cdf2b46,ACC_001,Accell GTM Strategy,2023-03-22,2023-04-17,Client Project,COMPLETE,JMG161,JMG161,317E73D8-DE50-4B1A-BFDE-0C5E5F21F992,,,1,given,,,1.0
c794e5f4b9341ab3728bd5224a244151a00316ee9c85c70fdda2980a78a91982,CNC_015,Cinch,2022-08-01,2022-08-31,Client Project,COMPLETE,JMD162,JMD41,E6ED099A-E034-473D-A237-92B0C8A6EADF,,,1,given,,,4.0
d593b6afb6361117fba3aac5b5e14cb4e847998b688bb5e60e2d7dc6a01c8c7c,JMG_086,People- JMAN Inclusivity survey,2022-05-02,2022-06-10,Internal Project,COMPLETE,JMG15,JMG15,EDB6A9A7-5102-45E7-9BE3-A7F958716C2F,,,1,given,,,
366cf6eef5410916a0e22d2894c45ee7ac699eba3781a805e23fd078e4bff32d,AAH_004,Aurelius - AAH - Rebate Optimisation Dashboard Design,2025-05-08,2025-09-03,Client Project,COMPLETE,JMG302,JMG302,7E945F5F-92AE-4116-AB85-7753C8B65051,BI and Reporting,Value Creation,1,given,,,1.0
299d3f37ec230f3eb725f7b4afe211453adfe751c64a8a7550d425b2f19ec526,PLG_001,Oakley - PLG - tactical pipeline analytics (JT / ATa),2025-02-03,2025-03-30,Client Project,COMPLETE,JMG29,JMD94,167D7E40-83B1-48C9-A37F-E1CE267B8D6B,BI and Reporting;Consulting,Core Reporting,1,given,,,1.0
3926363ecfeae116bfcaf97ac67ae1eb23fa5c7dd923b56ca9a987648a2030f3,PRX_004,Data Analytics Support,2022-04-04,2022-07-10,Client Project,COMPLETE,JML-013,JMD91,FB1031E5-A832-4227-A95C-FE4437FA3BFF,,,1,given,,,
b2786d69378c36fe1b66ae4436ae6672b00a51c64434dc2e619bc7842a885963,KEY_001,CBPE - The Key - BI Support (FS / YS / AB),2024-10-23,2024-11-19,Client Project,COMPLETE,JMG72,JMG72,37FD4DCB-19C4-4FEC-AA44-C758C22C5BBA,Data Engineering;Analytical Engineering,Core Reporting,1,given,,,2.0
31c5aa0b947cd4686e4b973af21b813f62ff1099fa62b2a00aa2fc55abbf1ea3,THO_010,Thor - Thortal Managed Service Extension Q423 (JC),2023-12-01,2024-05-31,Client Project,COMPLETE,JMD41,JMD96,C396D527-0F25-41D6-87CC-015440EAD08C,,Managed Services,1,given,,,2.0
c5d23175b66724f7983e3527fbf2f65943dcda2ebc424e5c96f9305e8018b31f,BTR_001,Palm Beach Capital - BlueTeam Restoration - Reporting Suite & Data Due Diligence,2025-06-27,2025-10-03,Client Project,COMPLETE,JMG114,JMD8,96A35D95-6169-4733-B971-9EA86D2DF72C,Data Engineering;BI and Reporting,Exit Support,1,given,,,3.0
760987d58c7c79cbefc44d07408d7e3f3438312dd1613d44d654fbdb6f49dfa6,NTS_010,Netsmart FMD,2023-01-02,2023-06-30,Client Project,COMPLETE,JMD8,JMD22,11E011AC-D864-49EA-85CD-38A219CB55C6,,Managed Services,1,given,,,3.0
cab83896acfbfc72ab8b55c112b8ee7da3f2da2689648fa33ec6d3efda6c8fa1,COM_003,Churn Data Warehouse Phase,2023-02-27,2023-04-07,Client Project,COMPLETE,JMG87,JMG87,1C21F75B-AF84-4D5F-9000-216A34D91334,,,1,given,,,3.0
d1c0fa00025fc46b774fc1cf09061f7050836d936fc2d6662160ed18b56799a2,EVX_001,TPG - EverFox - ARR Reporting - Phase 1 (CD/TW/MC),2024-11-02,2025-03-28,Client Project,COMPLETE,JMG44,JMD16,1BDA2FFB-61C7-4F3F-A819-D79EE3818C31,BI and Reporting;Data Engineering,Core Reporting,1,given,,,4.0
65835d046dae60ae4a2d739f19f37796a051349090d9b175378d740dcadb3483,CLN_012,Data Engineer as a Service,2022-09-19,2023-01-06,Client Project,COMPLETE,JMG51,JMD118,CBE4E752-7D89-485F-8768-BE5DBF9C1F6C,,,1,given,,,4.0
b82c7915d4521c05ce31b923b1cc2f5217ebab653c95ec9c9b5f4a9f21abc7d3,PHG_001,Bridgepoint-Prescient-Design & Discovery,2026-03-16,2026-04-20,Client Project,DEAL WON,JMG146,JMD82,09CDB208-AA20-4E6C-A05A-9F233CBF6B2C,Consulting;BI and Reporting,Data Advisory,1,given,2026-04-24,,4.0
3dcc051ea774c03a15f5d0341f41634701ea39b8380c847d1df4864aa32b3323,VIZ_001,Nordic Capital - Vizrt - TriCaster Subscription Pricing,2023-10-04,2023-12-20,Client Project,COMPLETE,JMG217,JMG217,EC1FDE89-6E10-48AB-B1AA-487874C990C3,,Value Creation,1,given,,,1.0
7b317e83741d47e041dd0561cecb5af2d1920b0b60f3ea528666a9a77b6ca0ce,PSC_008,The PSC - NHS Database Setup,2020-10-12,2020-10-23,Client Project,COMPLETE,JMG22,JMG22,88B6B8E6-EF36-4337-80D6-8986EB36FAC7,,,1,given,,,2.0
bc36a7294290ec1a907064fdef30d57b1e576e6071567919532f34b772a639fc,PGY_006,Progeny - DTaaS,2025-11-03,2026-01-26,Client Project,COMPLETE,JMG149,JMD77,CFCC2EAC-35D0-4D1F-A9E0-786B81AA4312,BI and Reporting,Core Reporting,1,given,2026-03-06,,4.0
0b3e4ccc72a4dddd504c778e5a0fca264bd0e9e49d9c110191861b9a4c8e8eb6,JMG_115,People- JMAN inclusivity surveys,2022-07-04,2022-08-12,Internal Project,COMPLETE,JMG15,JMG15,EDB6A9A7-5102-45E7-9BE3-A7F958716C2F,,,1,given,,,
f944fb3eca271aa9c63b6480457441e3ac66875de971174eeb40e2e29c1faeba,MAP_001,PSG - Mapal Exit Support (MH/BL),2023-10-09,2023-11-17,Client Project,COMPLETE,JMG56,JMD20,D373398E-47BA-40CF-969F-FD542614C730,,Exit Support,1,given,,,1.0
475c490ff4ccd7fd6349aaea65a96022da4d7861557b2df59e3c0916ceec3176,IRI_003,Data Enrichment,2021-03-24,2021-04-16,Client Project,COMPLETE,JMG22,JMG22,C8496A79-EC52-4B84-875C-972B867B5CA6,,,1,given,,,1.0
b7fa9b8e8cd464fcc496f7091a237be5ef7800328eb6fa83627dd95d41dc7db8,NZO_002,Waterland - NetZero - Exit Support & Reporting,2026-04-13,2026-06-29,Client Project,DEAL WON,JMG398,JMD223,EF39E392-4DEF-4ADC-B095-2E495BB0ED5C,BI and Reporting,Exit Support,1,given,2026-07-03,,2.0
99c40e8b0dad3a192b9ed46263f649439561f3d0a254919b32233bfafb9b5850,ZEN_002,Permira - Zendesk - Churn & Contraction,2023-06-07,2023-09-01,Client Project,COMPLETE,JMG22,JMD94,CA5C9C60-65A9-4344-AB08-1931F832DD1E,,Value Creation,1,given,,,3.0
e3edcb80ba8e42dcb60e2a2326f89ab67c2afd451e9728e2902c0dd22a44caa6,DNS_010,IK Partners - Dains - Phase 5b - Azure Migration,2026-08-31,2026-10-26,Client Project,DEAL WON,JMG97,JMD195,5553337B-330A-4E7B-AAB2-97AF6889EF91,TechOps and Automation,Core Reporting,1,given,,,4.0
b1d658af88548980a945f8a430ad4bb58ca879428338a187d76ab4e32df3f236,INU_003,D&I Report Support,2019-03-11,2019-03-22,Client Project,COMPLETE,JML-005,JML-005,9F7E8FFF-796C-446C-8D1F-E57530870042,,,1,given,,,2.0
8dbc33be1cc93c1f027517e43ee087506eaf6d931483511c41f02034696c8605,THO_004,THORtal Billings_League,2021-02-08,2021-05-28,Client Project,COMPLETE,JMD160,JML56,C396D527-0F25-41D6-87CC-015440EAD08C,,,1,given,,,2.0
3958d1ee5b923b90e240f507bac37b4b64e6684b43332bed98842d4906f21f47,LCL_002,Aurelius - Lloyds Clinical - Productionisation of Insight Engine - Phase 2-4,2025-05-26,2025-08-29,Client Project,COMPLETE,JMG217,JMD372,C944160A-797A-44F6-8740-95C8BC518E0C,Data Engineering,Value Creation,1,given,,,1.0
0f75a8232bbbc91ca9ed4398af0a5b82d3274690d725619f8c3dad2ec87afa7a,SOV_005,Sovos Pipeline Maintenance,2021-12-01,2022-02-28,Client Project,COMPLETE,JMD41,JMD41,F984AAE7-6BC9-4D69-8125-763CEE1196B5,,Managed Services,1,given,,,1.0
e179651b27b302d37c044e902ae7e085640b5983e3cf363473a467751aea1889,DSN_001,Frontenac - DSN - Data Strategy (AG/JM/SP),2025-09-16,2025-10-31,Client Project,COMPLETE,JMG159,JMD8,80BAADB4-F045-41A2-A04D-B1131019757B,Data Engineering,Data Advisory,1,given,,,3.0
e5af1dd43c61ac113ba7beb676ccdf231d2a0407546cbc0c71fa92cb5dbe71f8,NTS_007,DeVero Forms Development,2019-02-01,2019-12-31,Client Project,COMPLETE,JMD97,JMD97,11E011AC-D864-49EA-85CD-38A219CB55C6,,,1,given,,,3.0
2fbb8ba6912096feb6ee6ac9fe1b8ceb52ce1c218c45776fabfdb54441932b03,DNS_006,Horizon - Dains - Phase 4,2024-11-11,2025-09-19,Client Project,COMPLETE,JMG97,JMD195,5553337B-330A-4E7B-AAB2-97AF6889EF91,Data Engineering;BI and Reporting,Core Reporting,1,given,,,4.0
2444cd2d2c92433f443ef044d41086a48fd92a0c9e5d4cb7af41bb6def95e1cd,WOW_002,Universal Partners - Workwell - Phase 2 (EA/VM/JP),2024-12-02,2025-04-23,Client Project,COMPLETE,JMG79,JMD136,D9D90AD9-C28D-4A34-B57B-5F3906C1D02A,BI and Reporting,Core Reporting,1,given,,,2.0
9527cfdb51c03ee9c9ac58f399d0d7f159c0fe977f3c85de4608e4ad7b4b26f7,COM_005,TA - Cyncly - ARR & CARR Comparison,2023-12-18,2024-01-08,Client Project,COMPLETE,JMG113,JMD173,1C21F75B-AF84-4D5F-9000-216A34D91334,,Core Reporting,1,given,,,3.0
954b63fd8a3e1415d8489c8a55052825d81a30bd11c167aaa5285a82a122d4a6,AGL_005,TA / August Equity - Agilio - Quarterly snowball development,2024-11-25,2024-12-15,Client Project,COMPLETE,JMG134,JMD141,9CDD31D9-6DA8-41AF-AF91-B0F3B5B05AD3,BI and Reporting,Core Reporting,1,given,,,1.0
f178a2fcc82aee38ca8d2c89fb2a7f8b7013501a69a1f10f3a055b1fd3bc5738,SIS_007,Nordic Capital - SIS - Exit Readiness & Dashboard Enhancement (TW/RK),2025-07-28,2025-09-07,Client Project,COMPLETE,JMG49,JMD149,F6FB1F9C-8FCE-45BC-A908-E4C6DE7D160B,BI and Reporting;Data Engineering,Exit Support,1,given,,,1.0
a74a66f823c4526c1886952488e26801d23618ab3269ff28a76c40ff9b4144e7,AHM_001,Horizon Capital - Alchemist - Phase 1 Core Reporting,2025-10-20,2025-11-09,Client Project,COMPLETE,JMG146,JMD16,25BD3EF6-82C7-4146-9C87-5E2E60D872C3,Consulting;BI and Reporting,Core Reporting,1,given,,,4.0
3b068d8169e3ef310b35375b6b9d448bec42fc9301e4be2af5a54914e785523b,OCO_007,Inflexion - Ocorian - Whitespace and X-sell Analysis - Strategy Phase,2025-07-01,2025-08-04,Client Project,CLOSED,JMG236,JMD219,F419A4DB-8641-406D-83DC-C985EC14B44D,Data Science & ML;BI and Reporting,Value Creation,1,given,,,2.0
18bd31d1e443b81474dd85af7c8d3e8791a73b40ca27f3c2e9ec1b0482d37600,CVT_001,Revenue Growth DD,2022-03-22,2022-03-30,Client Project,COMPLETE,JML-013,JML-013,4FBB61A1-CA85-425C-8A9A-90868B41E444,,,1,given,,,2.0
59f21c26ffda4ac5606d6c06a37aeac95e9abab2c3275925b5c57b3d6cf6adcf,MSG_027,Perwyn - Miss Group - Report Reconciliation (PG/BM/CK/AK),2025-12-08,2026-01-23,Client Project,COMPLETE,JMG87,JMD94,2D143C29-D66C-4CD2-BB0D-1800CC18F116,Consulting,Data Advisory,1,given,2026-06-19,,1.0
c23419368289f23b2d41448e7f69c72a0534d66b4f1f4ea7d3b14be109e1fbbc,CHV_001,Exit Review & Margin PoC,2023-06-19,2023-07-28,Client Project,COMPLETE,JMG87,JMG87,783F433D-70FA-417F-AA42-8D5833AED390,,,1,given,,,4.0
fbbfab71480ce66c5bc11aaacbdc057c1f8544b6dfde598cc8e0c3a1aaf3a06c,LAW_003,Google Sheets new logic & annual refresh,2022-12-26,2023-01-06,Client Project,COMPLETE,JMG29,JMG29,7A2A0806-F5C1-435B-AEBE-BD30A99D12B5,,,1,given,,,4.0
74769da607edbaab8f35ed466188f306ae8c8435fb29ff5a1d386c0bb305aacb,HGC_001,Deal Origination Tool - Phase 1 & 2,2020-04-06,2020-07-31,Client Project,COMPLETE,JMG24,JMG24,EE649EF4-C803-4F9C-A7AA-110D5BBB256E,,,1,given,,,1.0
b1ef90e791e71559655e98d870f32684c702b8b105cc6d1e8f48d92d7d514fed,ALM_001,"Apax - Project Viper - Billings, Retention, Core Reporting Support (OMC/TW)",2025-03-15,2025-06-29,Client Project,COMPLETE,JMG49,JMD125,7F3D6169-7593-427C-AEB3-F0F6C253DA67,BI and Reporting,Core Reporting,1,given,,,4.0
9b165ec1914243fd1144590fa29e686818badcc8712015d1dad1492b3cec42f5,NEG_002,Synova - NEG - Marketing Support,2023-04-03,2023-06-06,Client Project,COMPLETE,JMG22,JMD37,CC0B7B33-C73A-417A-AAC9-219778FC86B8,,,1,given,,,2.0
55fc4e39c48feb74934dad06a39f5c0efd32d4084dc7dd39eb17dd802a2a59f4,JMG_091,People- London recruitment materials refresh,2022-05-02,2022-06-10,Internal Project,COMPLETE,JMG29,JMG29,EDB6A9A7-5102-45E7-9BE3-A7F958716C2F,,,1,given,,,
298ff5a586d1b262319ac2b0b83ff8703f1b386d1d970d47454c5c6d94e4c88d,HLO_001,Houlihan Lokey - Project Far - Exit Support Phase1,2024-04-01,2024-06-05,Client Project,COMPLETE,JMG44,JMD41,9DAB0BBD-8703-415C-A964-85969B552796,Analytical Engineering,Exit Support,1,given,,,2.0
74aa01e200c4035c7d5badf7ec7895d6f51c7a078b672cd171b8128c7251ee6a,JMG_067,Delivery- Implement squad methodology,2022-03-14,2022-04-22,Internal Project,COMPLETE,JMG22,JMG22,EDB6A9A7-5102-45E7-9BE3-A7F958716C2F,,,1,given,,,
ad3d4e1ac6f2f9911a127e84dfdf83173aea98b64ea7956658ad81328d2039ce,APA_004,Apax - Viper - Topic Analysis POC (OMC/TW/MS/ND),2024-11-27,2025-03-31,Client Project,COMPLETE,JMG49,JMD5,8744B82F-367A-429C-865A-23C3A16313EA,Gen AI;Data Science & ML,Due Diligence,1,given,,,4.0
6abf84fb03ef729c671874037b5191807349be12efc849eca95fbdda3e86ebe4,RDG_005,Horizon - Ridge and Partners - Pre-diligence support,2025-11-17,2026-01-19,Client Project,COMPLETE,JMG97,JMD180,C61666D9-4AB2-4623-95E1-E828C5352219,BI and Reporting;Data Engineering,Exit Support,1,given,2026-01-30,,4.0
627117c3e1e515b2d88b3a960bc3d966dd800afd7c4bcfc848804d264d665388,WDC_003,Business Intelligence Support,2021-03-15,2021-07-07,Client Project,COMPLETE,JML-013,JML-013,BA9A80E3-DFA1-45D1-8440-5955274FEA1A,,,1,given,,,1.0
3c59eeac201fadbd32679c82f870bfdedc990ffae41999a1c58e756f5f500f60,MCC_003,MCCC Shop Website,2019-02-01,2019-05-03,Client Project,COMPLETE,JMD28,JMD28,023E9694-A58A-483F-9850-B9C78FB6C86F,,,1,given,,,
ee7c1047c48679b85b3146dd0ab882479f8800cdaa8a6ca6ba316eab8f0e3f0c,MFN_001,Searchlight - Mainstream Fiber Networks - Competitor Challenge Analysis,2024-03-18,2024-04-19,Client Project,COMPLETE,JMG53,JMD8,ABB3C6C7-B635-4BF3-A39E-844073FC404F,,Core Reporting,1,given,,,3.0
58c4c759ab4417d204bebbc50e0d04794c45e2d7311b6bd4fefb8b0177248f93,JMG_070,Delivery- Standardise machine learning training course,2022-03-14,2022-04-22,Internal Project,COMPLETE,JMG22,JMG22,EDB6A9A7-5102-45E7-9BE3-A7F958716C2F,,,1,given,,,
37f3aefef6d104826737e3df90be2080884b41551a8c75409ce8908c59bd9c4f,SVT_021,Searchlight - Survitec - AI PoC (SI/GP/TH/VC),2025-03-24,2025-04-04,Client Project,COMPLETE,JMG181,JMD5,06667D0C-DFA2-4925-A6B2-CEE326A4E4D7,Gen AI,Value Creation,1,given,,,3.0
a8da166f1c381f4cf61a18c84c8992168113295b19254a6f739fee2a26b370e6,WEC_002,Searchlight Capital - Wecom - Arizona Challenge,2024-03-11,2024-04-26,Client Project,COMPLETE,JMG86,JMD8,FF0E9EF6-2086-468F-BF7E-FBAF27BE652D,,Core Reporting,1,given,,,3.0
16ec46bc993126d5b30b91a281e3362f0240a99fc5affe84e79dadde2746f905,PEN_002,PB Website Redesign,2020-08-03,2020-08-28,Client Project,COMPLETE,JMD97,JMD97,1E971694-A819-4360-8CD2-44D47B1167F5,,,1,given,,,
7653ac56060bc097f195d04b8b15f5ae7941355845654b32ce2e09b7bc39892f,CNC_009,Cinch,2022-02-01,2022-02-28,Client Project,COMPLETE,JMD160,JMD160,E6ED099A-E034-473D-A237-92B0C8A6EADF,,,1,given,,,4.0
6ba1ec26935349f03be458b059ad708ee1ef3eaf6ebbc404fe8f4eb35e5bb48b,JMG_109,Operations- Zoho Recruit,2022-07-04,2022-08-12,Internal Project,COMPLETE,JMG76,JMG76,EDB6A9A7-5102-45E7-9BE3-A7F958716C2F,,,1,given,,,
ca40c8566722348487166418d45b18661cb23db075530556d73d58a3d6d3f4ae,MTS_002,Ares - M247 - Design & Discovery,2026-08-17,2026-09-07,Client Project,SCOPING APPROVAL,JMG473,JMD156,2C9B69AB-0431-41D9-B765-B60AFF4A538A,BI and Reporting;Consulting,Core Reporting,1,given,,,2.0
70126687fd70a29ed28b5e11a6876190a3e7550eeea4acf151fb36e3d884ecc3,CMS_003,EQT - Compass - ARR Hypercare (JP / JT / KW / YS),2026-08-03,2026-08-31,Client Project,PROPOSE,JMG380,JMD180,8C646E80-F13A-4796-9F13-167D7293B298,Consulting;BI and Reporting,Core Reporting,1,given,,,1.0
f0264628aa65d56d53b98acc22ae9051aac2e4fbbb7c3ce106ad27237d8a3997,NCR_001,N5 Virtual Team 2021,2021-07-12,2021-12-10,Client Project,COMPLETE,JMD160,JMD160,84352CC2-0D77-4D2D-8B43-AAC14556AFD1,,,1,given,,,
8e5ad4887635cc37b75fe36b09fc4faf81bdea3753433023b164f7faebcf084c,JMG_261,JMAN Group - Product - IFA Wealth Management,2025-06-09,2026-12-31,Internal Project,ACTIVE,JMD376,JMD89,45AC9AD7-51C9-4C2D-AB89-ADEA174B2771,,,1,given,,,
48a258ede833b967f745fa33ffc7de2bfcd18a82d7b583de29f90d8da60aed86,HGC_024,Project Tamarack,2021-11-22,2021-11-26,Client Project,COMPLETE,JMG31,JMG31,EE649EF4-C803-4F9C-A7AA-110D5BBB256E,,,1,given,,,1.0
4ab91aaed87f33006fc8af2eb68d0af7ef64a9ff12fa8d3cd01e9790e905a3ad,UNT_001,TA - Unit4 - Snowball Strategy,2025-02-24,2025-03-09,Client Project,COMPLETE,JMG181,JMG73,ACF83CC6-346F-441C-B012-C20BAF7A034C,BI and Reporting,Core Reporting,1,given,,,3.0
7abfd064c1f4f18443651ae3192aff42c4472d96e5ca28cf7a5beafb017362e7,APA_003,Apax - Veriforce - Rolling DD support (TW/OMC),2024-11-17,2025-12-31,Client Project,COMPLETE,JMG49,JMG117,8744B82F-367A-429C-865A-23C3A16313EA,Consulting,Managed Services,1,given,,,4.0
19486cca35f9709b5f143a40b81ce92158e79ff09893672ac23c24ce8d7c7a8a,JMG_153,Managed Service Commercials,2022-09-20,2022-12-02,Internal Project,COMPLETE,JMG87,JMD41,EDB6A9A7-5102-45E7-9BE3-A7F958716C2F,,,1,given,,,
3b4bba5ff18b93a1057712649bb7433e2598d690db4864a8040d51a416da7c57,CLN_013,OLS Reporting Automation,2022-10-10,2022-11-18,Client Project,COMPLETE,JMG105,JMD118,CBE4E752-7D89-485F-8768-BE5DBF9C1F6C,,,1,given,,,4.0
1ac9230202a40b15568cccc1118fe4f58200b71f6873286244eaa71f25c0c0c1,CPR_002,Data Strategy - Infrastructure Build,2022-08-22,2022-11-11,Client Project,COMPLETE,JMG29,JMD5,CE4033EF-50A4-4C1A-978F-5E32623F65B6,,,1,given,,,1.0
3eadda8389104755cfd69fa27276a6ee31ca167b1504274d8da22c8c1f2b9337,JMG_078,Marketing- PEI Event Logistics,2022-05-02,2022-06-10,Internal Project,COMPLETE,JMG15,JMG15,EDB6A9A7-5102-45E7-9BE3-A7F958716C2F,,,1,given,,,
8fb5b5c402f6e5959fd258db46960ac07a7965fed41da05c9699cb2373d6a76a,SGP_002,EMT DA,2018-05-03,2019-05-31,Client Project,COMPLETE,JMG29,JMG29,E4B44870-37A3-481D-8E7D-EF12AA7BE46B,,,1,given,,,
5a11765ac6eb62ea32958b9bc8fa0bbaf1a0747fd188043d1f0e3b2dd75d7d9a,CNV_011,INSEEC,2019-04-08,2019-08-31,Client Project,COMPLETE,JMG15,JMG15,8135724D-49AF-474E-A51F-16D014729EE8,,,1,given,,,2.0
b84a5fcd0821979daefc856fd5c6fffd6a25c1f9e40d194468340bd370671898,CRD_001,Levine Leichtman Capital Partners - Credit Info - Report and data architecture advisory (JT / VC / SS),2024-09-30,2024-11-11,Client Project,COMPLETE,JMG81,JMD19,E5AFCFDE-CCA4-4F2B-B9AD-437B3C42E031,UI/UX;Data Governance;Consulting,Core Reporting,1,given,,,4.0
93b187a62264326905577d1075a3ab375cc5c5130e949634c7915b08acda9747,FRD_001,Ford Strategic Workforce Planning,2021-10-25,2022-05-13,Client Project,COMPLETE,JMG42,JMG42,DA2428C4-C8D2-46D1-BA65-E08923EC3C5D,,,1,given,,,
ea5a6e7a05cab9806d228a91576022a11af82dce4cbdf45288b23ae0f64d79e8,PTA_001,Platform and Financial Reporting Dashboard,2024-03-04,2024-05-06,Client Project,COMPLETE,JMG59,JMD128,E9ECAD7F-CDBD-4ED0-B8AC-DB6F1C5F6A4A,Data Engineering;Data Science,Core Reporting,1,given,,,4.0
8d72c3a0dcb426158d98fe2f78ed893038fcd7170f949bc3aef86ecddad15d4d,FIR_015,FireTree_Infrastructure_Maintenance_Phase1,2023-12-01,2024-05-31,Client Project,COMPLETE,JMD28,JMD28,A13DC602-1FC1-4D39-B2AF-D0F1E4D8767C,,Managed Services,1,given,,,2.0
ec1a47c0a1b58da5f59787dd43a6adf73e70c342de997350040e66abb14d9308,SVT_023,Searchlight - Survitec - DTaaS Apr - Sep [EXT] (RR/SI),2025-04-01,2025-09-29,Client Project,COMPLETE,JMD3,JMD132,06667D0C-DFA2-4925-A6B2-CEE326A4E4D7,Data Engineering,Core Reporting,1,given,,,3.0
0541e4d7bee1d6261eec8d51a0c343eb604334b842b54f71964c35dc240e51ba,JMG_175,JMAN Group - JCare App,2023-10-09,2023-11-30,Client Project,COMPLETE,JMD12,JMD12,45AC9AD7-51C9-4C2D-AB89-ADEA174B2771,,,1,given,,,
1a17a8487310ff21ae123d68945ce419478cad17c8a87b16b9964d78260246cd,SOV_011,HG - Sovos - Acepta Integration (NM/NJ),2023-06-29,2023-07-07,Client Project,COMPLETE,JMD41,JMD41,F984AAE7-6BC9-4D69-8125-763CEE1196B5,,,1,given,,,1.0
593107cc9138671f2a58d7ad0acb8b566bb23540dc649a2bc9da43c4a461cd21,HGC_010,Project Destiny,2021-03-15,2021-03-19,Client Project,COMPLETE,JMG22,JMG22,EE649EF4-C803-4F9C-A7AA-110D5BBB256E,,,1,given,,,1.0
d938dc811accdf79b5d9e870a9b3a19d03d01b619ea48b7a424efa36576b2d19,JMG_191,UI / UX - Technology CoE,2024-01-01,2024-12-31,Internal Project,CLOSED,JMD7,JMD7,45AC9AD7-51C9-4C2D-AB89-ADEA174B2771,,,1,given,,,
7613d891cc328da634b46fabe91a9766061a7f0b7191560403d0598098ecad31,AUF_005,Data & Software Managed Service,2025-01-13,2026-08-31,Managed Services,ACTIVE,JMG100,JMD216,E89CED45-CB39-4485-AFB8-F802587197A3,Data Engineering;Full Stack Engineering,Managed Services,1,given,2026-08-31,,2.0
33bb7411207784f26989686863a2e7a9d9685a2b5807ef9821ac098938b3a1d8,MIT_001,C2C Migration Dashboards,2022-07-25,2022-09-30,Client Project,COMPLETE,JMG22,JMG22,FA52DD8B-17B4-4CA3-93C7-DBCB361C38EE,,,1,given,,,3.0
8ac9b3f3c252cc1c91dc52edd2474ba5ab2f3313e259b2b5b8018298768a2c64,BLL_001,Inflexion - Blue Light Card - Customer Clustering,2024-06-20,2024-07-18,Client Project,COMPLETE,JMG31,JMG31,82AF0217-0CCF-4FE7-AE6D-AE36105B3B74,Data Science,Value Creation,1,given,,,2.0
49eb7d61535e0facd62bc856da14e3066faa53e5e85d919f27cee85ac6f70b4e,MTF_004,Data Engineering Support,2020-11-09,2021-01-29,Client Project,COMPLETE,JML-034,JML-034,B30CB546-7FD4-490E-942C-04CA6715F028,,,1,given,,,
5c2dfbe4208930da84de23c370999bd36c3a9e34ae4371909dc9fc7a1ab49726,MSG_012,Engagement Manager Support,2022-10-25,2022-12-19,Client Project,COMPLETE,JMG53,JMG53,2D143C29-D66C-4CD2-BB0D-1800CC18F116,,,1,given,,,1.0
d175c54aaef144ff360cc4b5ad0f8e3465d332e78f02a50bb1afd523b5d7a54e,CDL_001,COVID Testing Analysis,2020-12-20,2022-07-29,Client Project,COMPLETE,JMG51,JMD31,F8EE73C6-7C9F-4107-BB61-0C5FED513A31,,,1,given,,,
5796684cd1d70a118fc62ec5d63d4ec1efc1cd924d13f2297499485c741f5a9f,CAS_002,Monthly refresh,2021-11-01,2021-12-31,Client Project,COMPLETE,JMG29,JMG29,E72F7D91-5FA6-49BC-B840-F213738107A8,,,1,given,,,1.0
cbce61d1f27e2d43c7ae7a070f9e09982ecd110bffb8499e80e693a91e0afcd2,TSS_003,Levine Leichtman - TSS - Phase Two - POC Build,2025-03-19,2025-05-12,Client Project,COMPLETE,JMG114,JMD128,7C9941A6-875B-41EB-927F-F62312A06059,Data Engineering;BI and Reporting,Core Reporting,1,given,,,4.0
c8dcf11edcb6d49747e6ce5f6bc8729c135c025e3586997dbd0b75ca6ea173e2,LAW_002,MT data assessment,2022-08-03,2022-09-09,Client Project,COMPLETE,JMG29,JMG29,7A2A0806-F5C1-435B-AEBE-BD30A99D12B5,,,1,given,,,4.0
c393e9e09dc782eef83d6a6970bddbd2185e02cd85e5825ddc542a9ad0bd70ab,FIR_003,FireTree EM,2021-04-05,2021-07-02,Client Project,COMPLETE,JMD97,JMD97,A13DC602-1FC1-4D39-B2AF-D0F1E4D8767C,,,1,given,,,2.0
5ae855ae78d974dda2fb8eecab99dce76e2475ebd03a4851d4f964a99389661b,RFN_004,Apiary - Radiant - MS,2025-12-22,2026-06-30,Managed Services,COMPLETE,JMG236,JMD216,9418E029-9583-4779-870F-65653E8E1B9E,BI and Reporting;Data Engineering;Full Stack Engineering,Managed Service,1,given,2026-06-30,,2.0
1cf63ed6a8667826afaf1c16b1c04d6e31289dccea2e01bba92c60aea33605f5,OVE_002,MI reporting,2022-11-21,2022-12-31,Client Project,COMPLETE,JMG52,JMG52,65B2BCEF-3902-47B3-A936-9A7F03852410,,,1,given,,,1.0
ee023816e3b9aa9f8c611f3add342c8847511d877aea33953c530189ab96452c,JMG_247,Product - Customer Tool,2024-11-30,2026-12-31,Internal Project,ACTIVE,JMD152,JMD376,45AC9AD7-51C9-4C2D-AB89-ADEA174B2771,,,1,given,2026-12-31,,
09d803851ccb1d90f4e998ceca07d4bb8f8207e70901204b48ffc527cea5e810,BAU_034,Cluster,2026-01-01,2035-12-31,BAU Activity,ACTIVE,JMD376,JMD376,F8AC2C91-E710-4AD2-85C6-C8A1F6673844,,,1,given,,,
74c2b9713d5878772619f5d21e9eff348f9739d6980679fb0c0c31106e3c03d6,WVN_004,Macquarie - Wavenet - Revenue Cube Logic Q2 24 (JC/MS),2024-03-25,2024-04-12,Client Project,COMPLETE,JMG51,JMD141,1F95B689-B6AC-4A18-8C04-3D0D26213AA8,Data Engineering,Data and Reporting,1,given,,,3.0
6062cc2aa8999af010970e6a476a3ecc918dcec8d6de6fd54945c449056d5962,PSC_016,Virtual Wards Implementation,2022-01-10,2022-02-28,Client Project,COMPLETE,JMG15,JMG15,88B6B8E6-EF36-4337-80D6-8986EB36FAC7,,,1,given,,,2.0
4cd04ec72c31b45a1766d07552684ecb6bcde08d4b5dff486c70f07dd9cf392c,GCC_008,GCC - Project Trinity (AW / EF),2025-03-19,2025-03-28,Client Project,COMPLETE,JMG24,JMD5,E7B0400F-CBCC-4BE8-9573-F811A6B47A40,,Due Diligence,1,given,,,3.0
ac2663083ccabc92ef395e74ea2190973fb1a6a3d88c68977b48b364483386f7,NXN_001,Pricoa - Nixon Hire - Data & Exit Prep (VM/JC),2025-04-22,2025-05-30,Client Project,COMPLETE,JMG51,JMD94,AF91FB14-CB0C-4238-9EBA-4AA4814BD089,Data Engineering;TechOps and Automation;Consulting;BI and Reporting,Data Advisory,1,given,,,2.0
9227222279837f8170258f036867ee5056284690ce8b87f2bac82a8d12105e4a,CIE_002,Cielo - Data Engineering Support,2022-08-08,2023-12-29,Client Project,COMPLETE,JMG79,JMD82,65C4C694-CD8C-4D46-BD54-7DC2B84AF0F2,,Core Reporting,1,given,,,1.0
ddb3e4221d91798188f0d42911b7f1829ffa5b829bde9080fe08f789b920ae00,NAI_001,Two Roads - New Age Industrial - Design & Discovery (MB/AG/VK/PR),2025-09-22,2025-11-07,Client Project,COMPLETE,JMG170,JMD258,C95FC561-B3EE-4DCC-901E-ED9CD4389D6C,,Exit Support,1,given,,,3.0
a3ea8717d2f51cb5ad41d2f5a4904d97f2653195e8446d27bcc4170cee25f963,STL_001,Graphite - Storal Nurseries - Design & Discovery,2025-07-28,2025-08-29,Client Project,COMPLETE,JMG122,JMD19,3A3351E8-AE6C-4014-A48A-4AC408DA183E,BI and Reporting;Data Engineering;Consulting,Core Reporting,1,given,,,2.0
4124e1762d197bf6cef9ee326183b978673a5af6ea266644ab91456448e67ce6,MSS_001,MSS - Exit Prep + AI Strategy - Design & Discovery,2025-09-15,2025-10-12,Client Project,COMPLETE,JMG141,JMD93,018A7EF0-95BF-44B3-B960-8F62995BC962,Gen AI;Data Science & ML;BI and Reporting,Exit Support,1,given,,,3.0
5ed9a20c2bc9394789573dd5561699bfb00998982986061196e67e10e7e58183,PMI_001,Permira - Speech & Language Pro-Bono,2025-11-13,2025-12-18,Client Project,COMPLETE,JMG354,JMG352,9C48FA06-F763-424E-B78B-C886F6423825,BI and Reporting,Core Reporting,1,given,2026-01-31,,3.0
e4acf316d9021f1334c9d713eb15c57c47f7cb884ed87637b6e0d9ce36de53be,CAS_006,Hg Capital - Caseware - Customer data enrichment,2023-11-10,2023-11-15,Client Project,COMPLETE,JMG69,JMD144,E72F7D91-5FA6-49BC-B840-F213738107A8,,,1,given,,,1.0
9d4b4d2ae3878d7c43ee96966a6fab1bce3bb4549ffe58eacfd33a7d84a2d02f,DEV_001,Automation Proof of Concept,2021-08-23,2021-09-03,Client Project,COMPLETE,JMG22,JMG22,F10E55D8-8024-40A9-8678-77FEC90622FD,,,1,given,,,
9b86cf0a54d97f536780c081ea244c4fc6c3ab4744b71e6dcab8c83b841fe7e3,ROT_001,A2Mac1 (Rothschild PE),2019-06-24,2020-06-30,Client Project,COMPLETE,JML56,JML56,E04F19F6-8A6C-4378-8E77-FB4F71D9DE77,,,1,given,,,
0e8aa1fc52ea1f606e63caa694d75339c7990cdbf6f9c362effc6c6d71145e63,WRS_002,Lightyear Capital - Wren Sterling - Phase 2,2026-06-29,2026-09-18,Client Project,ACTIVE,JMG122,JMD19,474BBB33-05EB-4B79-9DDB-8B17B406E45C,BI and Reporting;Data Engineering,Core Reporting,1,given,,,2.0
2d8edef2056ec48eee7c33c4699df0238d0f0388cd1c40953894f8aa97ad7b3f,WHA_001,TPG - WHK - Data Strategy & MDM Review,2025-05-25,2025-08-15,Client Project,COMPLETE,JMG59,JMD166,240EC723-FF20-4267-86C3-3F74B8E898DC,Consulting,Data Advisory,1,given,,,4.0
43661c7b7006e5490b275cb6ea232a9b14ebf4ce665fc0485bdcb71456fbc70f,JMG_177,Resourcing Project,2023-11-20,2023-12-15,Internal Project,COMPLETE,JMG51,JMG51,45AC9AD7-51C9-4C2D-AB89-ADEA174B2771,,,1,given,,,
2d96c20df9f31dd836d312d54f3424ba0835647840b43f395bf0010dba1acd70,IMA_004,PSG - Imaweb - Historical Data Uplift (JT / MH),2023-05-22,2023-08-04,Client Project,COMPLETE,JMG56,JMG56,6094CAB1-A9AE-4B8D-9A6A-C2E0B73FAF16,,Core Reporting,1,given,,,1.0
0f4c06bd0ef7a0ef035affbec4a68abddf0be9c2a1e9b9ec7bf4214ff0e38a25,JMG_068,Delivery- SharePoint reorganisation,2022-03-14,2022-07-03,Internal Project,COMPLETE,JMG22,JMG22,EDB6A9A7-5102-45E7-9BE3-A7F958716C2F,,,1,given,,,
531b6a2980d11317a91354bc9f917ffcbeb5646e867f78d71b23fad8c642ed5f,PFA_001,Lee Equity - Pure Financial - D&D (TW/MC),2025-11-01,2025-11-28,Client Project,COMPLETE,JMG86,JMD89,0FEB5361-9F53-429A-A0D2-91283867577D,Consulting;Full Stack Engineering,Data Advisory,1,given,2025-12-05,,4.0
9cb6a4791c89cf1f98fac7884900a220acfe8b3403b5e93cde3ce4745663400e,CON_002,Apiary - Connect - Ongoing Exit Support,2024-05-06,2024-07-12,Client Project,COMPLETE,JMG22,JMD91,5D03EEE7-A5D1-445F-8F65-18278E71D104,Analytical Engineering,Core Reporting,1,given,,,2.0
e8632fd7bebe7bd56df64030332251f376273288bccd1165aa77d09f7899c2a4,HHA_001,Interim KPI refresh support,2023-02-06,2023-05-14,Client Project,COMPLETE,JMG29,JMG29,60FA9A62-362C-458C-81CD-EF6E6706DB2A,,,1,given,,,1.0
f618ecfcaf2d2e7f418a79f72189ae9400b25cf84808d3bb8ea162c741edac9f,NVS_001,LD Analytics Support,2021-05-09,2022-04-30,Client Project,COMPLETE,JMG15,JMG15,7A087D28-E9EA-492C-A448-430AC4737CC8,,,1,given,,,
a64809e983c3e090c7d5acb4539ac73928246ea31ee4570bc421730d709e938d,RIT_001,Insight Partners - Rithum - Core Reporting,2024-05-31,2024-07-19,Client Project,COMPLETE,JMG44,JMD5,5AD60E58-D7A2-4AF5-8DA0-251C77DF4432,Data Engineering,Core Reporting,1,given,,,3.0
8131d0c2fd014adb8ef2ccef91c999dfa9b08f536572ee948699a356a1efbd69,AIO_001,Horizon Adeptio - Design & Discovery,2025-12-01,2025-12-29,Client Project,COMPLETE,JMG146,JMD82,70F66EDD-857B-4FED-8357-B2F81ECE5959,BI and Reporting;Consulting,Core Reporting,1,given,,,4.0
8fa5a87bfbdf4fb023d50fba791576a9fe404901e681deb296bf29b4e235815b,JMG_126,QA / data-check training - implementation,2022-09-12,2022-12-02,Internal Project,COMPLETE,JMG22,JMD8,EDB6A9A7-5102-45E7-9BE3-A7F958716C2F,,,1,given,,,
a145ba5d7bd45ea468519060b652b87a64a3138c4c54cad626e66c883eb5cec1,OKL_001,Alpine Investors - Oakline - Design & Discovery,2025-10-06,2025-10-31,Client Project,COMPLETE,JMU003,JMD20,73E7A8BA-ED0B-4CE2-A78E-862ED00F6E1D,Data Engineering;BI and Reporting,Core Reporting,1,given,,,3.0
60fd9f6155a40ec68e9d0218fc9ecf33dec9d2979ab3dd92f3977ed4078e0132,GET_004,Sau Paulo,2019-06-17,2019-07-12,Client Project,COMPLETE,JML-005,JML-005,FE147121-9446-4FD9-B905-0EB291701893,,,1,given,,,
d68f38f76fc9d93d174ac087c4327ed06bde93d78fa434bbbfda4a2eef0eb992,SMG_003,Process_Automation,2023-02-21,2023-03-06,Client Project,COMPLETE,JMD20,JMD87,8CF471B9-079F-4497-AE69-8DFBC4CA75F4,,,1,given,,,3.0
4553a12ec5afb48f4755aef2d5d45cca822aff1537cfb019145d79858bf493bb,CLN_001,Clinigen Data Support,2021-04-12,2022-02-28,Client Project,COMPLETE,JMG24,JMG24,CBE4E752-7D89-485F-8768-BE5DBF9C1F6C,,,1,given,,,4.0
60bf61c47ebdacbaa6b9d82314df5f7280b69526d158687b0c8d4dffa5dd3038,NAS_001,Cost & revenue matching scoping,2023-03-15,2023-03-22,Client Project,COMPLETE,JMG56,JMG56,98F3AE2A-19F9-47C8-9893-18EEF20B94BB,,,1,given,,,1.0
6d6f58114809b41cad1634adf44e67a1a9788fd4f1b408ce56974b7d69a8d6c1,ARX_002,Pricing Management,2022-05-01,2022-07-01,Client Project,COMPLETE,JMG52,JMG52,7DEBFAB5-0A69-4B24-B9B7-81D9B4E45A53,,,1,given,,,2.0
ed278e4b0161500037a641615ec3509cbbb00a4d46f1de75aaafa6b7bd0b709b,JMG_225,Pitchbook Interface Web App - Internal Project,2024-08-12,2024-09-09,Client Project,COMPLETE,JMG313,JMD39,45AC9AD7-51C9-4C2D-AB89-ADEA174B2771,Software Development and LLMs,Data and Reporting,1,given,,,
499c5db6b18b7ec129227c2561039ff536422c0538284123598818a6184353f9,ASZ_006,AstraZeneca - data strategy support (JT / TH),2024-11-11,2024-12-22,Client Project,COMPLETE,JMG29,JMG79,24C94574-43FF-4682-A338-263B0FBF906B,Consulting,Data Advisory,1,given,,,1.0
f7e7baadbe803a302acb5d2798eb21c4f94fd9ab498605eebdf656a10b65cf4f,JMG_223,Product - SnowIgnite,2024-08-12,2026-12-31,Internal Project,COMPLETE,JMD84,JMD81,45AC9AD7-51C9-4C2D-AB89-ADEA174B2771,,,1,given,2026-02-28,,
2f4fe35a2043c8d5282c27731ff37d927236eada91ae88bd71e318ab29757c64,MCL_017,MyConsole - Web Application React Migration 2024,2024-05-13,2024-10-18,Client Project,COMPLETE,JMD41,JMD96,637B410A-A9BA-45E3-A0AC-45FE639485EA,Software Development and LLMs,Managed Services,1,given,,,4.0
d2267b34ec04ea75c0540fcd9967e72c594aeea0de8430fb1fa5a936f2699a6b,NMI_003,Levine Leightman Capital Partners - NMi - Phase Two - Supporting Exit (CD/JT/SS),2024-09-16,2024-12-27,Client Project,COMPLETE,JMG90,JMD5,C85903E6-6748-44B5-95CF-FCC5AD71A1AE,Analytical Engineering,Exit Support,1,given,,,4.0
b80b2ad5a8743ee97c3d7754fd921fce88c84f95d9f2442f3049e265f898968b,MCL_002,MyConsoleImpact Phase 2,2021-01-25,2021-02-19,Client Project,COMPLETE,JMD160,JML56,637B410A-A9BA-45E3-A0AC-45FE639485EA,,,1,given,,,4.0
e86d91f5119b9c6ca86ecd35f9bcb31c95abb4684baad813dab21655377f0674,OCO_003,Inflexion - Ocorian - Q1 2025 Sprint 1 (FS / LI / DM),2025-01-06,2025-04-06,Client Project,COMPLETE,JMG236,JMD31,F419A4DB-8641-406D-83DC-C985EC14B44D,BI and Reporting,Core Reporting,1,given,,,2.0
7421ba5a1ef02f7a226dc1920575b5147e42ffd7591c0055a97978c21c829cdf,LBP_006,Sovereign - LB Group - Managed Service Plus (MC/JAT/NS),2024-07-29,2024-12-22,Managed Services,COMPLETE,JMG218,JMD89,3F644ED5-45FC-4E5F-A105-630FE7B93F83,Data Engineering,Managed Services,1,given,,,2.0
4bb45e0d14aae6800eac790c534a7a9e93a0095422c2c3c1af8bed2d504fe82e,COM_004,TA - Cyncly - CRM Build Support (PG/GB/VK),2024-01-02,2024-01-29,Client Project,COMPLETE,JMG87,JMD173,1C21F75B-AF84-4D5F-9000-216A34D91334,,Core Reporting,1,given,,,3.0
41d2b24402686ecd09f7965d9e3c47ef12decf48678a0f018184e4075c4cbfee,AGL_002,Data Warehouse development,2023-01-16,2023-03-31,Client Project,COMPLETE,JMG69,JMD31,9CDD31D9-6DA8-41AF-AF91-B0F3B5B05AD3,,,1,given,,,1.0
35e595bf1ecd8ee69bbd584339ba13a564281e6916010b6591b1bf8de1c0e083,OHO_006,Vantage Education - Ongoing Exit Support,2025-09-22,2025-09-29,Client Project,PROPOSE,JMG310,JMD135,F8AC2C91-E710-4AD2-85C6-C8A1F6673844,,Exit Support,1,given,,,1.0
ed5318de21bd18b5bbeabc993b4c455e9357421977c8a0c802b3ff65383aba2e,WIT_018,ICG - With Intelligence - Product Data Secondee,2024-06-04,2024-07-30,Client Project,COMPLETE,JMG141,JMD152,BD5939CE-0970-4DB4-98B7-BF77E8588207,,Data and Reporting,1,given,,,2.0
e1e905caa2214779041b4f7ed27ef050d2c9a54248f4bfccb0daef24135023d1,JUM_003,Equivia - JUMiNGO - Data Engineering Support (JT/LG/AB/JR),2025-12-01,2025-12-22,Client Project,DEAL WON,JMG239,JMD31,870D2486-FD7A-46AB-9D9B-2672ECFCECB6,Data Engineering,Managed Service,1,given,,,1.0
9970002fa513f12115b261cee658d06d1892283c8f02f0a7e1350f8de8bf6f16,WDC_005,Master Data Support,2021-05-17,2022-07-31,Client Project,COMPLETE,JML-013,JML-013,BA9A80E3-DFA1-45D1-8440-5955274FEA1A,,,1,given,,,1.0
dceadfd4ec79902ca443341ad809ff09e82dc3f9f289461f5c7b031ee1ca1395,APL_001,Strategy Support,2020-02-09,2020-05-31,Client Project,COMPLETE,JMG29,JMG29,E3203540-1F79-4806-AB35-96BEF2628C35,,,1,given,,,
01f7702f6aef4101586801f9a16327dbe30dc57c5486e80d71b8186d5abf8ceb,EVX_006,TPG - Everfox - Product Analytics - D&D,2026-05-18,2026-06-08,Client Project,COMPLETE,JMG44,JMD135,1BDA2FFB-61C7-4F3F-A819-D79EE3818C31,BI and Reporting,Core Reporting,1,given,2026-07-21,,4.0
a4ebbb3004af52ca8cb8ebd5011549cc87be7464970b113a5e504360463a04d7,CMB_003,Cambi,2019-02-04,2019-12-31,Client Project,COMPLETE,JML56,,34F71759-ED1F-49D0-A637-2EA15C30A0FA,,,1,given,,,1.0
021a850420e7d46d5afdeee28661e0bcb3dac69851f6b429ad19d569adf91c50,FIR_026,Firetree Infra maintenance Q2 2025,2025-03-01,2025-05-30,Managed Services,COMPLETE,JMD28,JMD257,A13DC602-1FC1-4D39-B2AF-D0F1E4D8767C,TechOps and Automation,Value Creation,1,given,,,2.0
d9f3fd354f54007916b0f158fb12de9c43dd932c8c38ae1050fda44613ebac0a,CNC_027,Cinch - Mobile App Build Q2 2025 (NJ) (EXT),2025-06-02,2025-08-10,Managed Services,COMPLETE,JMD41,JMD157,E6ED099A-E034-473D-A237-92B0C8A6EADF,Full Stack Engineering,Managed Services,1,given,,,4.0
813622b4d62556e1d8e76df395508401cc54e3d8defb9af7e3fb6eab35ce6985,PEN_003,Pension Bee Virtual Team,2020-08-03,2020-09-30,Client Project,COMPLETE,JMD97,JMD97,1E971694-A819-4360-8CD2-44D47B1167F5,,,1,given,,,
38b3a239a7fb3285e26a3e55f578c34c628f72b4f4acdfc154fb0eb1f2acebe3,JMG_149,Further myConsole relationship,2022-09-12,2022-12-02,Internal Project,COMPLETE,JMG31,JMG31,EDB6A9A7-5102-45E7-9BE3-A7F958716C2F,,,1,given,,,
3a430a48303a9a8c322bdb574ffa3ce885b729bb298a6943c56161bedd7f0d6f,ENC_001,Blackstone - Encore - Skills Assessment (PG/HJE/SI),2026-03-18,2026-04-01,Client Project,COMPLETE,JMG100,JMG87,216E155C-75CA-44EA-A39A-C7E7A7AAAAC9,Consulting,Data Advisory,1,given,,,1.0
322d00cb50d331f80d4c6a44d509ed132b9b01b1a3075fe3cc881989678bcafd,AJP_001,Beacon Cove - AJP - Exit Cube,2026-05-04,2026-06-29,Client Project,PROPOSE,JMU016,JMD84,8C5C6F7B-821F-4174-A55C-9E939DDDEB02,Data Engineering,Core Reporting,1,given,,,3.0
32bf29cba72fa8f3c3e5b24972a449b4c9dbe5ae85039adc5eafcff9f90c6301,CNC_024,Guna Int - Cinch - Mobile App Build Q3 2024 (NJ) (EXT),2024-07-01,2024-09-30,Managed Services,COMPLETE,JMD7,JMD157,E6ED099A-E034-473D-A237-92B0C8A6EADF,Software Development and LLMs,Managed Services,1,given,,,4.0
5fa9167de7fe6d3d4334cda61b7bca0380242fdd4ee7a99e298a11bb7d7c6971,MVT_001,Medivet VC D&D,2026-04-20,2026-06-22,Client Project,COMPLETE,JMG107,JMD112,4321FA7D-6CB3-4E88-A67B-5F0B6BC705C2,Data Engineering;BI and Reporting;Consulting;Data Science & ML,Value Creation,1,given,2026-10-30,,2.0
aa9469d78d030da09a02c2efe83376c3bca55f9d114921442e392a95a1490f36,SOV_008,Sovos Pipeline Maintenance & Development (SOV_008),2022-11-01,2024-07-31,Managed Services,COMPLETE,JMD41,JMD135,F984AAE7-6BC9-4D69-8125-763CEE1196B5,,Managed Services,1,given,,,1.0
2a22d5094804e824b0e5efa71a1c947423678f3ac2aaedac2f3f9ce927ab6945,WIT_001,Exit Insights Support,2022-10-24,2022-11-11,Client Project,COMPLETE,JMG49,JMG49,BD5939CE-0970-4DB4-98B7-BF77E8588207,,,1,given,,,2.0
3e27a5bf8b7972543cfe9b7055c80b77a81c8bde51357ebc045328b8d55e5361,EFI_001,Permira - English First - Churn Analytics (Basic) (TP/MS),2023-12-08,2024-01-26,Client Project,COMPLETE,JMG207,JMD184,B53C6048-0218-4869-A172-336772D00653,,Value Creation,1,given,,,1.0
070032ec7e1efe100890891ba675f63f2e8652c0d774cc94e162e157cf586a4b,CRG_001,GS PE - Clear Group - Exit Support,2026-07-13,2026-08-31,Client Project,DEAL WON,JMG149,JMD379,5AB5DE37-CFC9-4DFE-8CB6-55CAE55E1528,Data Engineering;BI and Reporting,Exit Support,1,given,,,1.0
3cc0af688599c0efa11d82f15a887feee1a489ebc76554dd1c75233a238a8e90,ECS_003,Ecosurety DevOps support,2023-03-27,2023-04-07,Client Project,COMPLETE,JMG52,JMD16,24D10D6E-AEC1-4B92-8D43-1410BFBEC48A,,,1,given,,,1.0
7c93d58079cb7205d42d15cd6df730c3d46ef9641f4ebcf9863b6bd65dc10e02,LIT_009,Hg - Litera - ARR data cleaning (JT / NM / FH),2023-05-22,2023-08-25,Client Project,COMPLETE,JMG117,JMG117,EE649EF4-C803-4F9C-A7AA-110D5BBB256E,,Core Reporting,1,given,,,1.0
b44b873347b47ddcc87711941809494f02f90de73c884426f6a2e61e262a8e0b,JMG_048,People- Chennai L&D training tracker,2022-03-14,2022-05-13,Internal Project,COMPLETE,JMG15,JMG15,EDB6A9A7-5102-45E7-9BE3-A7F958716C2F,,,1,given,,,
83eef5c3f0af990d4c0d537e0972a16e2910c7c722f52e69815584a99eb2913c,MIQ_004,MiQ - Exit Support,2025-10-13,2025-11-30,Client Project,COMPLETE,JMD3,JMD77,3CD5EE7D-A9C3-404B-9C5A-DBB34D4DA865,Data Engineering,Exit Support,1,given,2025-12-12,,1.0
9cade6b77b4ab2e453331364a41221895061177b6188deee0f60fe000c83b690,JMG_090,People- Review of onboarding for experience hires,2022-05-02,2022-06-10,Internal Project,COMPLETE,JMG15,JMG15,EDB6A9A7-5102-45E7-9BE3-A7F958716C2F,,,1,given,,,
adccc973bc5512ce71852f5bd546e3ea8763da599c2969bf43e72f963011dc43,RGS_001,Titan Phase 1,2020-03-02,2020-04-30,Client Project,COMPLETE,JMD97,,6C7618D4-6109-4EA4-A227-1B8CEBE1D585,,,1,given,,,
dd877e3e6365b3e851f84ac7700902686fa6ced2060db8566395ddbdcb5cbb7b,SHG_006,Apiary - Shaw Gibbs - Value Creation Strategy,2025-09-22,2025-10-26,Client Project,DEAL LOST,JMG64,JMG64,B7987B36-84C0-42F5-BE32-E79567278582,Consulting;Data Science & ML,Value Creation,1,given,,,4.0
a291203b6dae51998f11934ec827cb26e66ac9814be083ac9c3be019e7c26370,FMT_002,Forecasting Dashboard Scoping,2023-10-11,2024-01-07,Client Project,COMPLETE,JMG64,JMD116,150AB409-24E2-4F6D-A223-F05935E58DA6,,Value Creation,1,given,,,2.0
ca7e744218152a4881bd3bb608a70a8e47f014e6eae26a0fc10fd91c3a656fad,BAU_026,Operations,2019-02-01,2025-01-06,BAU Activity,COMPLETE,JMG11,JMG11,EDB6A9A7-5102-45E7-9BE3-A7F958716C2F,,,1,given,,,
377d38de76779a482d59c7b2c274e90dd4d808295fca8fedb4360d85c38e5dd1,PSC_025,A&E Social Listening,2019-07-10,2019-08-08,Client Project,COMPLETE,JML-005,JML-005,88B6B8E6-EF36-4337-80D6-8986EB36FAC7,,,1,given,,,2.0
dc21b898bc72d8b74e56122732e4541ac7d05d008c3e124395199c4ca342a2e3,LBP_004,Sovereign - LB Group - Power BI Dashboarding (CF/YS/NS),2024-03-18,2024-03-21,Client Project,COMPLETE,JMG44,JMD89,3F644ED5-45FC-4E5F-A105-630FE7B93F83,,Core Reporting,1,given,,,2.0
653a542861223a48b22cb3d9594efa11921e82d8ce864d600ca9975cf0252a25,GIA_002,Inflexion - Giacom - Mobilisation Phase,2025-11-03,2025-12-22,Client Project,COMPLETE,JMG72,JMD31,839EDA27-332C-4F04-AB08-5C7BA3E72409,Data Engineering,Core Reporting,1,given,,,2.0
0e2e38beb0a9cc48c47f863f2ef379a56f1c0f83b5a6e955d69bb118f500edd9,PCL_002,Towerbrook - Premium Credit - BA support (JT / SI / JM),2025-03-31,2025-08-17,Client Project,COMPLETE,JMG29,JMG100,F5288513-21D2-421A-918B-A9ABA7BF4F69,Consulting,Core Reporting,1,given,,,1.0
d149f4297e8b6b5be0a74e577e828d773a9bfbb75bbf1478e43236313c959081,OIN_002,Nordic Capital - One Inc - Lawyer specialisation mapping,2025-01-28,2025-02-14,Client Project,COMPLETE,JMG217,JMD42,459BAB8D-C0E2-4A13-8204-A862EF1EE73C,BI and Reporting,Core Reporting,1,given,,,1.0
565769d6423878a58b097194b1db6c3bbcced56b4dff7da3e8535ee92cf51a3d,APS_001,Mayfair - Access Partnership - Data engineering secondment,2024-10-21,2024-12-01,Client Project,COMPLETE,JMG64,JMD8,D4EA097C-C099-484F-8367-5919411D8710,Data Engineering,Core Reporting,1,given,,,1.0
7c5c0c5dacdd5e490314121ba93056530d0f28252ae5f738c36c67ef02de4230,GET_008,Subcontractors,2019-02-01,2019-02-28,Client Project,COMPLETE,JML-005,JML-005,FE147121-9446-4FD9-B905-0EB291701893,,,1,given,,,
0f6c356ec875dd00a35930a16f05b43d54dbb133f11f0e8624cbed0f3132420d,SHK_004,Shackleton Advisers - Operational views,2025-05-19,2025-08-17,Client Project,COMPLETE,JMG122,JMD89,2388CF8B-3F81-4137-818A-54C9284CC92E,Data Engineering;BI and Reporting,Core Reporting,1,given,,,2.0
cee7b04263eb9784d97e65fe0b0aa86f748abf36a67059c7de050f001cba8d9b,CHV_011,Triton - Chevron TM - Geographical job analysis & Orion Sales reporting (ZF/JK),2025-06-13,2025-07-17,Client Project,COMPLETE,JMG77,JMG77,783F433D-70FA-417F-AA42-8D5833AED390,BI and Reporting,Core Reporting,1,given,,,4.0
c6688fa8c0ddd19c035d02eadba19d80ad4c32f1d16988c33b09a19dc4876547,JMG_029,CDM: Infrastructure,2020-01-01,2021-12-31,Internal Project,COMPLETE,JMD3,JMD3,EDB6A9A7-5102-45E7-9BE3-A7F958716C2F,,,1,given,,,
5fb6d6af2cf6aa5fbf4b6281a6cd26a62f2ed4e1bad2e68ab9a1d98cac991446,PMR_005,Permira - Zendesk - Pipeline analysis,2023-04-20,2023-05-12,Client Project,COMPLETE,JMG22,JMG31,5DE4495A-84E3-4D46-83C4-6CA90A048F32,,,1,given,,,3.0
af19196985b91a4e65a450aaab8bc96dbb4874ea7dfdb2bf053dfb7c366ca5af,ONE_010,Cinven - group.one - Management KPI Reporting (AW / NJ / FS / RB),2024-03-11,2024-05-10,Client Project,COMPLETE,JMG81,JMD141,AC87B31A-212B-44B6-BA73-6677A4222D6E,,,1,given,,,2.0
909865c72106bc271b1c58d0de845e780518f33ab80e0bd5781f40c6d724a01c,ARX_003,Phase II Price Management Enhancements,2022-10-16,2022-12-16,Client Project,COMPLETE,JMG49,JMG49,7DEBFAB5-0A69-4B24-B9B7-81D9B4E45A53,,,1,given,,,2.0
d4f463140564e4cd354b2241c3747ab8f33f97aadec136f91ac597be1fa7c368,KOH_004,KKR - Diligence - Project Summer,2024-05-23,2024-05-30,Client Project,COMPLETE,JMG161,JMG161,0B4392F7-5F30-4FF1-BF34-91D76DC5E93A,,Value Creation,1,given,,,1.0
fcedbd72f61011e38fa9525dbd4238ad1371b02373c075ea4bba7c656421f29e,LAG_003,NorthEdge - Latus - Acquisitions Support,2025-04-28,2025-04-30,Client Project,COMPLETE,JMG79,JMG79,C8013A4D-C2A8-4C1E-A0A9-C221D6D83DCC,BI and Reporting;Data Engineering,Core Reporting,1,given,,,2.0
73ab325d8591a45002cf64a091d52c5f74562928ea0ccccb012c0b06009e244b,JMG_201,JMAN Group - ESG Dashboard,2024-02-19,2024-03-08,Client Project,COMPLETE,JMG181,JMG181,45AC9AD7-51C9-4C2D-AB89-ADEA174B2771,,Other,1,given,,,
93b208b61a0cb51c484353426c20a926099092c0ec700b8b7a6adc6957630d2c,CRO_002,Revenue Reconciliation,2022-06-26,2022-07-14,Client Project,COMPLETE,JMG15,JMG15,F4BA24D1-2156-4207-AB4C-E4C8AC271BEE,,,1,given,,,1.0
4353a8a816b2a6d5668a7315975a6637238e8f2c7425ccdc386300048365038f,OCO_008,Ocorian - Realisation Model Production,2026-03-31,2026-06-30,Client Project,DEAL WON,JMG310,JMD148,F419A4DB-8641-406D-83DC-C985EC14B44D,Data Engineering;Data Science & ML,Value Creation,1,given,,,2.0
631100616a17f4e2efcf3ce75dcce34e017f137f0e60e4c7cd722e7473570aa9,CWT_003,cleanwater1 - Due Diligence,2025-09-15,2025-10-12,Client Project,COMPLETE,JMG159,JMG159,12F69E93-486D-4DB7-8018-FFBE3B7C8399,Data Engineering,Due Diligence,1,given,,,2.0
3ebc16f11cd6239edd4d27ecda621a34e70f8010ffaed39feca51fa41497c008,BKM_001,Bookmark Volunteer Form Development,2020-02-24,2020-03-27,Client Project,COMPLETE,JMD97,JMD97,E07682C0-7187-4EC7-A4B4-2590F0F0032D,,,1,given,,,
acd0f310b41ab49c754f7c475081708474b65b13fc04c174b9e927beb6bc766e,WHS_001,Promotions Analysis,2019-01-28,2019-05-31,Client Project,COMPLETE,JMG10,,AF58F8A4-53D7-4FAF-92A9-7CD5201E1AAA,,,1,given,,,
4bacc6db61d3d01d5bb6f8a44cd33add57b76dbefecae375df07fe0bc513fa97,SAB_002,CVC Credit - Sabio - Exit Cube Build Phase 1,2026-05-04,2026-08-31,Client Project,ACTIVE,JMG122,JMD130,6D93E8C8-EEA2-4C6B-BC0D-A07F680BD4B6,BI and Reporting;Data Engineering;Consulting,Exit Support,1,given,2026-10-02,,2.0
d253f915b4947b39cbffa51b8d599465cd93a37764289f9f26fca2ec2a481b86,CMR_002,Policy Genie Maintenance,2019-02-01,2019-02-28,Client Project,COMPLETE,JMD43,,4D4AA188-085B-4EB0-BDD5-0B1AA4D17061,,,1,given,,,
1c50dc30a9764877fd23a6991f392033071776b277c8392143eb712286672a37,GEN_003,Self-Serve Data Feed (Phase 2),2021-08-03,2021-09-23,Client Project,COMPLETE,JMG22,JMG22,3B2D70E5-92E8-43FF-A2D2-69E697FA210E,,,1,given,,,
3ae57010e9b6b041f2e138c15fa00ed4b5f391aebcdd85bfb144eaec68756ce4,FIR_022,FireTree: Data lake / Cloud Migration Maintenance,2024-09-02,2024-12-02,Managed Services,COMPLETE,JMD28,JMD28,A13DC602-1FC1-4D39-B2AF-D0F1E4D8767C,Data Engineering,Managed Services,1,given,,,2.0
37ba7e6ae334fa0be807d7cd61d370f5330afdcde69a8aa28dbd7a819d7532c6,PLC_008,plan.com - Vanguard Wholesale Reports,2025-06-30,2025-08-08,Client Project,COMPLETE,JMG150,JMD28,7E5DEA6D-06B5-433D-8F6D-5641EDD03CE1,Full Stack Engineering,Value Creation,1,given,,,1.0
39172fab7a06c62afb85e220c49892c4e055b72502858f1945fd568782b8e996,HPG_001,Thoma Bravo - Hypergene - ARR Report Design & Discover and Build (JT / TB / KW),2026-01-26,2026-03-23,Client Project,COMPLETE,JMG150,JMD42,43C7B5D7-3DAB-43B7-93DC-BA7F79A38ECF,BI and Reporting,Core Reporting,1,given,2026-04-14,,1.0
9fb0ce0a1b4c8298fd38081ac446cb2670cf2b14c9c21c6f682b948629ce2327,NKD_002,NKD Brick Refresh Aug 2020,2020-08-24,2020-09-18,Client Project,COMPLETE,JMG22,JMG22,DE613E89-5536-4F17-9E33-712354E830C6,,,1,given,,,1.0
e43fd1d1e79fb66594815c99aa6a03607a687a3a1b6fba1e209436a792c42a0e,GLS_018,Levine Leichtman - GLAS - Transaction Support,2025-11-03,2025-12-22,Client Project,COMPLETE,JMG156,JMD195,16BA707B-C0A5-43B3-8F7F-4D0E13213915,BI and Reporting,Exit Support,1,given,,,4.0
cc73feab62c144046a3512622437a072fdb84d0f8c847cb17b281c8d503d4333,OCO_002,Ocorian - Data Foundations Sprint,2024-10-28,2024-12-29,Client Project,COMPLETE,JMG236,JMD31,F419A4DB-8641-406D-83DC-C985EC14B44D,Data Engineering;BI and Reporting;Consulting;TechOps and Automation,Core Reporting,1,given,,,2.0
7f0d896067ae8835a4cbe2bac0837786924e295c52a4ec5d9d34ad60783f91aa,BDC_003,Baird Capital - DD support - Project Tower (FS/EF),2024-11-14,2024-11-23,Client Project,COMPLETE,JMG42,JMG107,DFFA3EF0-FCD2-49CA-A6AD-D632D1E7CF21,BI and Reporting,Due Diligence,1,given,,,2.0
0c9ce43afd1f259ac9a35990353e5c0e1aad52aa440768c0c4b272608708c66e,STT_001,Data Advisory Sprint,2023-01-19,2023-02-03,Client Project,COMPLETE,JMG115,JMG87,A7EFCD95-5542-420F-A161-2025F1955333,,,1,given,,,4.0
878f016deeb1a735373f2f2691df1a1bbc93ffca2d3185f884e4276c4488c6d6,PTA_005,TA - PTMA - Reporting Enhancements,2026-02-09,2026-03-02,Client Project,DEAL WON,JMG59,JMG59,E9ECAD7F-CDBD-4ED0-B8AC-DB6F1C5F6A4A,Data Engineering;BI and Reporting,Core Reporting,1,given,2026-03-09,,
130e63ecd1bd9b7f22d7fdf6d797137df7e64675445b8b7c8f1004ecf7af4a23,ANY_003,Knox Lane - Any Hour -  Phase 2 (CF/KD),2025-08-15,2025-10-03,Client Project,COMPLETE,JMG44,JMD258,AADCDC00-0103-4CF4-B085-45004AAC4CC9,BI and Reporting,Value Creation,1,given,,,3.0
0ebeec911cbfdbdc9b1fbfe66fa24be26122a6bc34e90cac577756140403c827,ACL_001,Njord - Ambassador - Portfolio Price Scraping (AW/MS),2023-05-29,2023-07-22,Client Project,COMPLETE,JMG52,JMD173,F9ABC517-BC80-44A8-BFDD-EE3092896EA2,,Managed Services,1,given,,,1.0
e71a28ae31f7fd99e6164f0b1c727ceb57675893a237b921a8a46f3adee20edd,FMT_004,Baird Capital - Freemarket - Data-Driven Lead Gen,2024-02-05,2024-03-01,Client Project,COMPLETE,JMG218,JMD116,150AB409-24E2-4F6D-A223-F05935E58DA6,,Value Creation,1,given,,,2.0
ceb040b8b2f00c91378e07b3c946a811f20d01e3c96462bbab7a135950ddb330,AZE_006,Exit Analytics & Support,2022-04-04,2022-07-29,Client Project,COMPLETE,JMG24,JMD41,6619B410-1D13-498C-8A15-5FBE0E8987D1,,,1,given,,,4.0
07e9004f9c023ab606301a45377bb6f130525883ca57c06754b2d6fb4892c400,SOV_001,ARR Data Cleaning - Phase 1,2020-02-23,2022-09-08,Client Project,COMPLETE,JMG24,JMG24,F984AAE7-6BC9-4D69-8125-763CEE1196B5,,Managed Services,1,given,,,1.0
32ac2bc6ee8b5f7e7f19b52567e00fb814992ed51cee54b9b202aff1b0df40e6,AVN_002,CIRMS Performance Evaluation,2019-07-04,2019-07-26,Client Project,COMPLETE,JMD11,,C280CF37-CEA3-45AA-96C8-193530E92282,,,1,given,,,
f62f5df24a85cfbafab15f11060a1f7bb7a84a36e3c064daca0bb93e3dd7ee9a,BRH_004,Hg Capital - Bright - Migrations report (TB/AB),2024-08-07,2024-08-28,Client Project,COMPLETE,JMG69,JMG69,19F9264F-BD3C-4720-A8B3-BBEF13E4AC63,,Data and Reporting,1,given,,,1.0
fa424efb7af79c3e12384823f1dc3178e80008d7f07fc7aed7a230323675b312,AIX_001,Alantra - Airbox - exit support (JT / GB / NG),2025-06-16,2025-07-04,Client Project,COMPLETE,JMG159,JMD157,3B9F4949-0C82-4DF9-8ED1-8D5383AF0D8C,BI and Reporting,Exit Support,1,given,,,1.0
87a4a9bd94e038f1dc5f0c4000efd485d3e13675566c7a876a17b8fa06334bb1,SES_001,Baird GIB - SES - Exit Support (TW/MC),2026-02-09,2026-04-10,Client Project,COMPLETE,EXT025,JMD12,3122D405-EE8E-4C96-941A-84A87F87A5E8,Data Engineering;BI and Reporting,Exit Support,1,given,2026-05-01,,4.0
cc5c1e8da144a9ebc1acc1613ee9d806b22e8a5a5dfe05f5c5cec6c914aaf89d,ENL_003,Elevation Labs - Tool Roll-Out,2026-06-15,2026-07-06,Client Project,DEAL WON,JMU003,JMD257,2D334B84-1809-448A-AFED-3C1407EEB354,Data Engineering;BI and Reporting,Core Reporting,1,given,2026-08-28,,3.0
128728cf9d181f648d18257bc7717ee3baf3d280cea47459db6b834bc93cf0c7,MCL_010,MyConsole ESG 2022,2022-02-07,2022-12-31,Client Project,COMPLETE,JMD8,JMD8,637B410A-A9BA-45E3-A0AC-45FE639485EA,,,1,given,,,4.0
aefb59c06b12f233209e75f8b0822598643b619b813386d57e4dc32cdd4a297b,JMG_040,JMAN Website,2022-01-03,2022-05-19,Internal Project,COMPLETE,JMD160,JMD160,EDB6A9A7-5102-45E7-9BE3-A7F958716C2F,,,1,given,,,
d974acdad7e9fd7c9a7398eb17d3003112ce3139c454ce3a8d229f48f0efa2e7,TNC_003,Triton - Trench Group - Phase 3 - Alteryx Migration,2025-05-26,2025-12-31,Client Project,COMPLETE,JMG24,JMD42,035038EA-77AA-4452-B6E3-3BD5BC424D3B,BI and Reporting;Data Engineering,Core Reporting,1,given,,,4.0
8e9479c2aea8464323cdd5bd7b96a86866ba3f5ddfbf18abae76bc4d9550d5d9,CNC_006,CnichHQ,2021-09-01,2021-09-30,Client Project,COMPLETE,JMD160,JML56,E6ED099A-E034-473D-A237-92B0C8A6EADF,,,1,given,,,4.0
693e8d0c78af74937ce27904fb330597b311682415cf302cd6e46f963670dc0c,FGP_001,External Work,2018-02-20,2018-12-07,Client Project,COMPLETE,JML-008,,EFB7DCB3-DB81-4223-B7B9-AC1A85EA4B14,,,1,given,,,
efbb02271697b09eedb2ac6400d7f7e5ed377957a187af38128dd73c988cc24b,PSC_014,Clinical and financial strategy Ph2,2021-10-04,2021-11-30,Client Project,COMPLETE,JMG15,JMG15,88B6B8E6-EF36-4337-80D6-8986EB36FAC7,,,1,given,,,2.0
f8bb01a65fe446442b9edda418da62278b7ca8035a18e6a1e88498c81c959fa5,FIR_002,FireTree EM,2021-01-04,2021-04-02,Client Project,COMPLETE,JMD97,,A13DC602-1FC1-4D39-B2AF-D0F1E4D8767C,,,1,given,,,2.0
1f9c82b99c76cf302923e8d30cdd7a6d866b0ffbed4d0e72d0a392a9c9a1d12a,INT_001,Undergraduate Excel and Power BI Training,2022-06-16,2022-07-01,Client Project,COMPLETE,JMG15,JMG15,E6E02486-0146-4731-992C-B9EE1B8F8BCF,,,1,given,,,
0b976a6338c35d4631cba00a28c1f5eca7a8952a5c5e4fbb71ce3cc48ad234e9,LBP_002,Sovereign - LB Group - Reporting Bridge (RB/CF/YOB/YS),2023-11-17,2023-11-23,Client Project,COMPLETE,JMG44,JMD42,3F644ED5-45FC-4E5F-A105-630FE7B93F83,,,1,given,,,2.0
8d789e2e08cf1507155e42dc9bf350c88addf36e63d24ca2ee64dc462d0a228b,GRL_002,Mayfair - Garolla - Analytics Secondee (JC/TP),2023-06-12,2023-06-16,Client Project,COMPLETE,JMG51,JMG51,BCD3BFE8-4764-4BE4-A05A-8C81DD74CAB8,,,1,given,,,1.0
dace24f31564d11d70339fdb8c55febf9dc9be82f1d56ca361c4a044990bd096,JMG_241,JIN 4.0,2025-01-13,2026-08-31,Client Project,ACTIVE,JMD257,JMD12,45AC9AD7-51C9-4C2D-AB89-ADEA174B2771,Full Stack Engineering,Value Creation,1,given,,,
d0bdfd57e91387e27140661dfdf4666a034e1a7d56b063adeade77ddaa6dd1d9,JAG_001,Jaggaer - Lost Revenue Analysis,2020-04-06,2020-05-15,Client Project,COMPLETE,JMG22,JMG22,AC01872E-7DDC-4613-9962-C52DCBECDDF6,,,1,given,,,3.0
55524fb0de11504136fd0adbf9ec2ac85754e17ece88a92cf5674cb7d7432d78,BAK_007,H&F - Baker Tilly - Workforce Reporting Suite Build,2026-06-22,2026-08-03,Client Project,PROPOSE,JMG100,JMD42,0F65D3C5-AAD3-497E-B3BA-5A6D8D64BCD1,BI and Reporting;Data Engineering,Core Reporting,1,given,2026-09-11,,1.0
19fdb2bb1ec94b21179e61aae2be680f88ca6b73f2680615297cfbaf5c9fe437,SHG_008,Apiary - Shaw Gibbs - Managed Service,2026-08-17,2026-11-23,Managed Services,SCOPING APPROVAL,JMD233,JMD233,B7987B36-84C0-42F5-BE32-E79567278582,BI and Reporting;Data Engineering,Managed Service,1,given,,,4.0
0d1dacdd1fe516c071e53dff75af4a6737137c9e483b62c6b1cae86d6712fe5d,MRK_001,Customer Dashboard & Loyalty Analysis,2021-09-06,2021-10-01,Client Project,COMPLETE,JML-034,JML-034,4F95F5A2-BF69-47A0-970D-2994381EC924,,,1,given,,,3.0
9428c441931002116ff60821768b07fbb67713853fad846e3a7a10ec18985065,SAL-002,Lead Generation,2022-01-01,2030-12-31,Sales Activity,PROPOSE,,,,,,1,given,,,
010d0f57a913c6fc310464cf9e951c53474904ff9017f749256d8425f5c06365,WPT_001,Wipit PE broker app build phase,2022-12-05,2023-02-10,Client Project,COMPLETE,JMD162,JMD5,EE58669B-ACBC-448F-A34D-650D2BA024C1,,,1,given,,,2.0
92b50e132ffa208fb83077c3dbb2074ba2aacf0530286fe72c9c8fc20f96c956,VTP_006,BC Partners - vetPartners - Urgent Engineering Capacity (PG/VK),2026-06-22,2026-08-03,Client Project,ACTIVE,JMG87,JMD223,28EF8687-3270-460B-A7AA-0D130E2D7892,Data Engineering,Core Reporting,1,given,2026-09-25,,1.0
82834b129117ba88fdd6940e4193d12eee458146307f6a5d3360d0402cca4536,PCL_001,Towerbrook - Premium Credit - PM support (JT / SI),2025-01-30,2025-12-12,Client Project,COMPLETE,JMG29,JMG100,F5288513-21D2-421A-918B-A9ABA7BF4F69,Consulting,Core Reporting,1,given,2026-03-31,,1.0
e2f4559d5377590c4069c745503ff585db5cc1c3b01b3d87957393fd899df774,COM_001,Bookings & Pipeline consolidation,2022-10-17,2023-02-24,Client Project,COMPLETE,JMG22,JMD3,1C21F75B-AF84-4D5F-9000-216A34D91334,,,1,given,,,3.0
6ec20492a0a546cfbab8f8b7921cb6f156f6d7a5f5c3406776489b7bec3c3ec3,SVT_010,Searchlight - Survitec - Data Engineering [EXT] (SI/FH/RR),2024-01-01,2024-12-31,Client Project,COMPLETE,JMD3,JMD132,06667D0C-DFA2-4925-A6B2-CEE326A4E4D7,,Core Reporting,1,given,,,3.0
f646ef8cfaf8ab5eba8097da2baedefea2a225e29b483ece81759740474914ef,ALM_006,Apax - Alcumus - Transcription Deployment (ALM_007),2025-09-28,2025-12-12,Client Project,COMPLETE,JMG117,JMD5,7F3D6169-7593-427C-AEB3-F0F6C253DA67,Gen AI,Value Creation,1,given,2025-12-12,,4.0
b742e108aa686d5051c6eee75c8b59a969c411d0ddd7cef9425cd963e0c810c3,ALM_003,Apax - Alcumus - Billings & Global Reporting - Phase 3 (ALM_003),2025-06-27,2025-11-30,Client Project,COMPLETE,JMG77,JMD112,7F3D6169-7593-427C-AEB3-F0F6C253DA67,BI and Reporting;Data Engineering,Core Reporting,1,given,2026-05-31,,4.0
4fc5a7a2f8ea9bea9ea0cec6ab71f790f7f1833e88f2bfda3ae8b25a9ac71da2,KDK_002,ARR Reporting,2022-11-14,2023-02-10,Client Project,COMPLETE,JMG56,JMD42,0305026B-7033-43C3-98C0-3B8C7C72FDB8,,,1,given,,,2.0
c80d5fec82dba48b8848601501dc9eb97064085c4a7494d94ffd39ae4d370271,STT_003,Data Cube Development,2023-03-06,2023-06-14,Client Project,COMPLETE,JMG87,JMD8,A7EFCD95-5542-420F-A161-2025F1955333,,,1,given,,,4.0
cbe019871e237f16e7225eca0566ac3b08c37ba09accf3db8f5af28be894cc51,JMG_051,People- Review of sponsorship opportunities,2022-03-14,2022-04-22,Internal Project,COMPLETE,JMG29,JMG29,EDB6A9A7-5102-45E7-9BE3-A7F958716C2F,,,1,given,,,
525aaaaa28fc5d88fb39871bc46b9deb667319a4056366951f112f7c784ee953,SGP_001,EMT Bid Support,2016-11-30,2019-05-31,Client Project,COMPLETE,JMG21,JMG21,E4B44870-37A3-481D-8E7D-EF12AA7BE46B,,,1,given,,,
8d1ff7a9edcb0b4e042868af57fb9da3bcb736da8080b5619773e81304b79082,NEG_001,Synova - NEG - Customer list consolidation (MS/YS/TB),2023-02-27,2023-06-09,Client Project,COMPLETE,JMG22,JMD37,CC0B7B33-C73A-417A-AAC9-219778FC86B8,,,1,given,,,2.0
5fbb28245ec0ad33a4f9e1abd4b1f9b926712dcd697dd43ab76f9f10084805df,HKA_001,PAI Partners - HKA - Network Modelling - Design and Pilot Phase,2026-01-19,2026-03-06,Client Project,COMPLETE,JMG107,JMD272,19551FD7-86AC-424E-89DB-D345043584BB,Data Science & ML,Value Creation,1,given,2026-03-27,,3.0
ca858ed66f9d4ff214977f034809d6bc57e1cd5bbb6f4117fac0905051afc69d,GEN_002,Self-serve Data Feed Support,2021-05-17,2021-06-11,Client Project,COMPLETE,JMG22,JMD20,3B2D70E5-92E8-43FF-A2D2-69E697FA210E,,,1,given,,,
923996070bb33778b046c7d43b008f6e2a46cc2bb1e603a1630f4b6f2ca20fe4,CNV_009,Project Torque,2021-07-01,2021-07-08,Client Project,COMPLETE,JMG22,JMG22,8135724D-49AF-474E-A51F-16D014729EE8,,,1,given,,,2.0
0e7738d4c25082546a702ec4b26da9ef12a6dd69ed12bb952a81309b6566f7d4,AGG_001,AG Grid - Exit Prep Customer Cube (YM/JC/BST),2025-04-15,2025-05-23,Client Project,COMPLETE,JMG220,JMD5,791B8459-E635-4911-A4CC-B52BC66461C4,Gen AI;BI and Reporting,Exit Support,1,given,,,2.0
05570c1d0d5df1064d832ccecf9627d994dbeb717c86d31a2169a78ea34e8115,CIP_005,Insight - CivicPlus - Commercial Insights DTaaS,2025-08-11,2025-11-30,Client Project,COMPLETE,JMG107,JMD37,951EF888-BA80-447A-8646-69007C340272,Gen AI;Data Science & ML;Data Engineering,Value Creation,1,given,2025-12-31,,3.0
91f51683610db967fc011cbc95d5fb20b56595b0239c5fda521be89184849c25,BRH_002,Hg - Bright - Monthly Snowball Refresh,2023-04-23,2025-12-31,Managed Services,ACTIVE,JMG144,JMD291,19F9264F-BD3C-4720-A8B3-BBEF13E4AC63,TechOps And MS,Managed Services,1,given,2026-08-29,,1.0
b1d14de13b1159557cba2ba1392b3a0e1b26accf50c3e06bc83cb59c65ed738e,HGC_019,Project Navy,2021-09-27,2021-10-01,Client Project,COMPLETE,JMG29,JMG29,EE649EF4-C803-4F9C-A7AA-110D5BBB256E,,,1,given,,,1.0
771d11392b48dfcc392eee546b2b6ef68978cd69f9f7b5ec1cb9e21c2007742d,PMP_001,Pearl Meyer & Partners - D&D and Build,2026-02-16,2026-04-24,Client Project,COMPLETE,JMG170,JMD84,A35CF79C-7223-4D39-9F65-3BE2C22DF08D,Data Engineering;BI and Reporting;Consulting,Core Reporting,1,given,2026-06-05,,3.0
3f60cc2a165152d084e9645e837cfb9db385c92e4ea7a8e4eab020230f40e4ef,TRG_002,Commercial & Strategy Support,2020-01-26,2020-04-30,Client Project,COMPLETE,JMG15,JMG15,329D4B6F-73A3-47C1-9458-913505CBCBD2,,,1,given,,,
9e1d079243c6efb6b693693cd1e8ccab59d631e6a8ae96b8f61a01b7f25f0d5c,JMG_059,Operations- JIN Redevelopment 1,2022-03-14,2022-05-13,Internal Project,COMPLETE,JMG76,JML-024,EDB6A9A7-5102-45E7-9BE3-A7F958716C2F,,,1,given,,,
4239f1378b7975b08dd08294223516280c93b5ed268824f86bef711ce04f6c51,JMG_031,Copy of Learning & Development(1),2020-07-14,2022-09-08,Internal Project,COMPLETE,JMD21,JMD21,EDB6A9A7-5102-45E7-9BE3-A7F958716C2F,,,1,given,,,
bfd4a581e58bf71edcb0e3c1d405da6cede837df6cdb7da384d6e8a835ea5e76,WDC_007,Supplier Dashboard,2021-07-05,2021-09-10,Client Project,COMPLETE,JML-034,JML-034,BA9A80E3-DFA1-45D1-8440-5955274FEA1A,,,1,given,,,1.0
6e4c04777111f6f2e1bdc609f0c4a5abd155a01512fbbd0446b8dcd779bad7c9,RMC_002,RMC Legal - Recdirec & Rackle website enhancements,2023-11-10,2023-11-17,Managed Services,COMPLETE,JMG31,JMD39,B53F23DB-A3CF-4645-A6A7-30A1BDB67517,,,1,given,,,2.0
edf3d1df78d69ed7d5600deccbad537e2f111b1c7bde1a9ac5d49828e44de1d2,DGT_002,Insight Partners Diligent - Customer Data Diagnostic,2026-05-11,2026-06-01,Client Project,DEAL WON,JMG170,JMD27,CF24F70C-1907-4C84-809B-60DF0823AA71,BI and Reporting,Core Reporting,1,given,2026-06-24,,3.0
1cc98fbd0f6f9ec0c9967c71ee46909b797a39112cb00266d2e6ffe5f70a177f,STT_007,Horizon - STRAT7 - Exit Cube FY25 Q1 Refresh (CP/PG),2024-11-11,2024-11-22,Client Project,COMPLETE,JMG129,JMG129,A7EFCD95-5542-420F-A161-2025F1955333,Data Engineering,Exit Support,1,given,,,4.0
57395fc481c37784a17be7a64b65589a9e1e7152eed0992f4806347a3f7b53f9,BRZ_003,Credit Control & DWP integration,2020-11-09,2021-01-31,Client Project,COMPLETE,JMG42,,B011A4FF-F946-4E1F-B542-F6A6E65887B1,,,1,given,,,2.0
bc56edd5d8d7006180058108f98835fc9d68c656614b79c2a1e6316c7ff6ae2f,PNH_003,Kartesia - PlanetHome - Phase 3.1 Data Infrastructure Modernisation - Fabric MVP and POC use case scoping,2024-11-03,2024-11-23,Client Project,COMPLETE,JMG217,JMD257,41547C3F-28A6-4E22-8EBD-A014D1DA28E5,Data Engineering;TechOps and Automation,Core Reporting,1,given,,,1.0
ac46cd0f67da255034478066dfea7ff2f538b0bfd117b4dbcb38f27e7c64c5d4,UPR_003,UpReach,2017-10-23,2020-06-30,Client Project,COMPLETE,JMD28,JMD28,34DF2ADE-5CD1-46CD-8387-6B2C0F3FEBA5,,,1,given,,,1.0
254fc8adf6435e37e2262fc1728de7922f9e4afcb2407a858fb9c7a8289f4158,DCS_001,Macquarie - Wavenet - Acquisition Revenue Cube Scoping & Build (JC/MS/VK),2024-05-28,2024-09-13,Client Project,COMPLETE,JMG51,JMD31,BF8DDFCD-C56C-410A-A9A1-5FC1583F2ECA,Data Engineering,Core Reporting,1,given,,,3.0
684c16b740d40a69c218b472cca197afaa69666a0a08e1140d7d7b7bb727958f,NEG_006,Synova - NEG - Customer Bucket Reporting,2023-07-17,2023-09-01,Client Project,COMPLETE,JMG22,JMG22,CC0B7B33-C73A-417A-AAC9-219778FC86B8,,,1,given,,,2.0
9c20d34fe0061910932b3036645c30bb4744d423fadf662e2bdc00bff58c4fc0,THO_009,Managed Service ,2022-12-05,2023-10-31,Client Project,COMPLETE,JMD41,JMD96,C396D527-0F25-41D6-87CC-015440EAD08C,,Managed Services,1,given,,,2.0
cce08b1bb58cd5983e00fa35d4f7f25034d2360b4894788e5a4f2cfb005fc12c,CMB_002,Cambi - Infrastructure Management Maintenance,2021-04-19,2023-01-31,Client Project,COMPLETE,JMD3,JMD3,34F71759-ED1F-49D0-A637-2EA15C30A0FA,,,1,given,,,1.0
0562449d1af826c84d728fdad1c407e94f8ce4e080a1e659f6abb0f9683768ed,PMC_003,Inflexion - PMC - Managed Service,2025-04-07,2026-08-31,Managed Services,COMPLETE,JMG236,JMD291,C09EA69C-E07C-4294-BAFB-E55DE4C3C93A,BI and Reporting,Managed Services,1,given,2026-08-31,,2.0
e2023e5011f95829ab63e9f8df73dbe3c95f721b1d6e2e44bd554309938c7fa8,BMF_005,Horizon - Boston MFO - Data Platform & Full Reporting Suites Build,2026-05-18,2026-09-14,Client Project,ACTIVE,JMG146,JMD12,536ACFE9-3147-48A9-A060-BD58E7F88981,BI and Reporting;Consulting,Core Reporting,1,given,,,4.0
fa94a88aca8b635657bb7ce0082da7661eb885b08ad9039bdc9e5c3efac7f3d1,GAT_001,Gattaca BI Tool Build,2020-01-16,2020-04-02,Client Project,COMPLETE,JML56,JML56,9154501B-D5C8-4872-B22D-0FF2562EC3E3,,,1,given,,,
878cf07ce75f4211baa2333ea64a7de7bfc2271f67f24ea11ef73eefa57bcfcb,JMG_192,Software engineering - Technology CoE,2024-01-01,2025-12-31,Internal Project,ACTIVE,JMD28,JMD28,45AC9AD7-51C9-4C2D-AB89-ADEA174B2771,,,1,given,2026-12-31,,
68bf1439627afdc50cbbec34eff3fb7c4be1224cc6ee6ff50ed5063e47fe1863,JMG_144,Project advance - commercial training,2022-09-12,2022-12-02,Internal Project,COMPLETE,JMG42,JMG42,EDB6A9A7-5102-45E7-9BE3-A7F958716C2F,,,1,given,,,
8329af84d04cabc500fc73c949cd4919e972b219998399907587c25f8993222e,RGS_008,RegScan Go-Live Support,2021-05-10,2021-07-02,Client Project,COMPLETE,JMD97,JMD97,6C7618D4-6109-4EA4-A227-1B8CEBE1D585,,,1,given,,,
bf0ff8847dec4b462656cf79788b2c0954eb532e36a2798e3b9a8becfc9af927,RFN_005,Apiary - Radiant Managed Service,2026-07-01,2026-09-23,Managed Services,PROPOSE,JMG306,JMD216,9418E029-9583-4779-870F-65653E8E1B9E,TechOps and Automation,Managed Service,1,given,,,
e0082862db0499554dd2a32a9d1c3794fcfb310e347cfb2daa1cc77cec234d2a,JMG_033,CDM: Delivery,2020-09-01,2022-12-31,Internal Project,COMPLETE,JMD1,JMD162,EDB6A9A7-5102-45E7-9BE3-A7F958716C2F,,,1,given,,,
858794177c29abbb8daf6fa6d856f1da59c45e76d2ed675bed95d53a2439c432,HGC_020,Project Chicago,2021-10-19,2021-10-25,Client Project,COMPLETE,JMG29,JMG29,EE649EF4-C803-4F9C-A7AA-110D5BBB256E,,,1,given,,,1.0
3babf2ba9c17cc8a24147647db5ec18fd51c92251022e96f700cd9eb5364e9db,TGG_001,Project Arrow (Market Expansion),2021-07-19,2021-08-02,Client Project,COMPLETE,JMG22,JMG22,A5D4E252-D8FE-4341-A8A9-5489EA11F7B1,,,1,given,,,1.0
42c7946506545ac709b15be6810f56d4252eab215b93eb6a67aa030d8c35a2fa,LGX_002,Thoma Bravo - Logex - Phase 3 - ARR build,2025-11-24,2025-12-22,Client Project,COMPLETE,JMG150,JMD89,0CD45E0A-54BD-492E-AB7C-BFBC57B4AE82,BI and Reporting;Data Engineering,Core Reporting,1,given,2026-01-23,,1.0
21b0077f664d2ca0a476c5c60db183de4eeef0124fc54190d6877c564d8c9696,REC_001,Phase 3 ,2023-01-02,2023-01-13,Client Project,COMPLETE,JMD39,JMD39,3E3016DF-B808-458A-A6F2-40C3D4DBC3A6,,,1,given,,,1.0
22ffb47986d567cf30f0e142a100075be6e52137390ab6dc54981be23f801920,KER_002,Phase 2: scoping and investor data cube,2022-10-17,2022-11-11,Client Project,COMPLETE,JMG31,JMD31,224B6145-F579-4D91-BC6C-89B334FDD164,,,1,given,,,2.0
29b00e22171200a944276516ef52ae4414fd0af4506c97135eb0fdc7f5ba1bdd,WDC_013,World Courier - Python Support,2019-09-02,2019-10-31,Client Project,COMPLETE,JMG10,JMG10,BA9A80E3-DFA1-45D1-8440-5955274FEA1A,,,1,given,,,1.0
4d1cf3d694e2bd2b8ab4b06ead371dca5db3506a8dffaa1e5984b457595f2b14,NTS_011,Netsmart - Forms Development,2023-07-01,2023-12-31,Client Project,COMPLETE,JMD8,JMD22,11E011AC-D864-49EA-85CD-38A219CB55C6,,Managed Services,1,given,,,3.0
9e1d072cb84d24a1ce9dfe91d0297bd5540e3ff18c6ba2beea035a80a67a69f3,CTV_004,CCP Exit,2026-07-13,2026-10-26,Client Project,SOW PENDING SIGNATURE,JMG307,JMD173,F4FFDA2E-B79C-4A62-9A4B-EA4EF6BE94A7,Data Engineering,Core Reporting,1,given,,,2.0
8f777ce4d00b63fb19ad1c5de577f336ddf152014034032b434ae282af90d748,NTS_015,TA - Netsmart - Forms Management Portal (LV/RR/HV),2024-01-02,2024-06-28,Client Project,COMPLETE,JMD8,JMD57,11E011AC-D864-49EA-85CD-38A219CB55C6,,Managed Services,1,given,,,3.0
4cae55dd851ca9c6c904025440d5f5f0dc56056f1a34d694387d711be1ed4e33,LTM_002,Little Moons - Data Refactor & Refresh,2026-01-26,2026-02-16,Client Project,COMPLETE,JMG124,JMD145,96196DAB-D3BD-4E15-9A8F-5E9B96EE4E89,BI and Reporting,Core Reporting,1,given,2026-03-20,,1.0
1ab4c600205d8575bfb86553a38c25d1506381b8c3d72e088975bc60254559f1,SYG_001,FA - Sygnature - Financial Forecasting Model (MH / EA),2023-10-30,2023-12-22,Client Project,COMPLETE,JMG64,JMG206,73E81278-FBE2-4C30-BEC8-1567A7A61304,,Value Creation,1,given,,,2.0
c33ee90e76a0fe708b0c64c95686681dcf0247c38f1e5d8dfa83660154ffff6d,STR_001,Baird Capital - STR (FS/MaS/CF)  - MI Reporting,2023-06-12,2023-07-28,Client Project,COMPLETE,JMG44,JMD20,13D12A91-709D-430B-A3E9-8C9DE0161526,,,1,given,,,2.0
ef1cf0356962013706564c1590c7d7df069aeb024a9f0adce561457fd7dea5c5,NRS_003,Graphite - NRS - Emergency Stock Management Tool (JCG/PG/SI),2024-04-08,2024-05-10,Client Project,COMPLETE,JMG122,JMD5,374F080F-3EFB-4648-9921-15C411BAB420,,Core Reporting,1,given,,,2.0
8a04505724731bc12460f18f53951abb6c61a3a4e0c97121242892c4a5009452,VRA_001,Livingbridge - Veramed - Data Strategy Project (CD/MC/EA),2023-10-30,2023-11-10,Client Project,COMPLETE,JMG79,JMD118,F6DE63C6-9DE4-4BB0-9988-BA057EE8B051,,Data Advisory,1,given,,,2.0
5a373413ad87bca2d5d673d5ae16dcbffcab01792c9a4c20cde7c1f1c6fcd302,JMG_058,People- Objectives and feedback training,2022-03-14,2022-04-22,Internal Project,COMPLETE,JMG15,JMG15,EDB6A9A7-5102-45E7-9BE3-A7F958716C2F,,,1,given,,,
953072ad81de8010c7ed69c95087c49a65c7062dceaca88a05b7e50213e35a6e,JMG_030,CDM: UI/UX,2020-01-01,2021-12-31,Internal Project,COMPLETE,JMD7,JMD7,EDB6A9A7-5102-45E7-9BE3-A7F958716C2F,,,1,given,,,
751945c5e5bb45fabc5ae96c59f6cc1cc7c66a61eb6222e3605f259f7728eb6b,CBP_001,CBPE - Deal Origination (MB/MS/YS),2024-03-04,2024-06-14,Client Project,COMPLETE,JMG133,JMD41,105E0942-0E80-4DDE-8904-E099C1A75CB5,Data Engineering,Value Creation,1,given,,,2.0
83076487d4f59b46ef010be9d16c837597b8629e2bad6a2636603a1433d7d311,PTV_004,Bridgepoint - PTV Group - Customer De-duplication (HT / AW),2025-05-13,2025-06-02,Client Project,COMPLETE,JMG81,JMD157,63924AEF-725E-46EA-A913-031437D297C5,Data Engineering,Core Reporting,1,given,,,4.0
9c9cf15a8dfde1c865057fbb6a5f6e53d9627090b9926a0f55eaae2cc3e2ef38,FBS_001,Data Review,2021-05-16,2021-07-30,Client Project,COMPLETE,JMG15,JMG15,0B61F9D3-9373-4088-8693-BC33EFDD81EB,,,1,given,,,
b7e88f176c5fc9883ad67e1f5a387d6957e2b2be0efed6760f41f91f3d73ca2c,RDG_007,Horizon - Ridge & Partners - DTaaS,2026-08-10,2026-10-05,Client Project,PROPOSE,JMG97,JMD180,C61666D9-4AB2-4623-95E1-E828C5352219,BI and Reporting;Data Engineering,Core Reporting,1,given,,,4.0
e0de8eb3160c5987b67bab31ef40e1ca1bdf85fb29762d4971b94890c12f90f8,CRU_004,CRU Wine - Managed Service,2024-04-08,2025-04-07,Managed Services,COMPLETE,EXT017,JMD258,FCD7AD0C-94BB-4E9C-B688-D785EC972386,Software Development and LLMs,Managed Services,1,given,,,4.0
02c1546abbd8a5b742ba34dced7eb4cd0fb4c05b33b23839645b01b4bd20c27e,ZEN_007,Permira - Zendesk - Agentic AI Product Adoption Acceleration,2026-04-13,2026-06-08,Client Project,PROPOSE,JMG187,JMG52,CA5C9C60-65A9-4344-AB08-1931F832DD1E,Data Science & ML,Value Creation,1,given,,,3.0
c35e725497836942af05cf613d841be9a2b8a3a0ef481205a0004197f854daf4,AUF_002,Baird - Aura Futures - PM Tool / Web Portal / DP Build (FS/VK/JCG),2024-02-19,2024-05-10,Client Project,COMPLETE,JMG100,JMD106,E89CED45-CB39-4485-AFB8-F802587197A3,Software Development and LLMs;Data Engineering,Value Creation,1,given,,,2.0
2e537e4bf2a65b4bf31ca9c4a5122c7a5dc50588ec06bce474555c4418b1bb36,ADE_001,GHO - Ardena - D&D,2026-08-03,2026-08-24,Client Project,SOW PENDING SIGNATURE,JMG344,JMD140,BBFE4FFA-5FD5-44A9-87DA-C05BD06BEC4C,Consulting;Data Engineering;BI and Reporting,Data Advisory,1,given,,,1.0
f0c8c06af557ad976f3d85c0f3f4b590a1d73406033b25b45fd294ea0e951e52,JMG_159,Azure develop Git migration,2023-01-01,2023-01-31,Internal Project,COMPLETE,JMD5,JMD5,3A4B9733-496E-4579-9FCB-892E2A96B228,,,1,given,,,
d113d241dfecb3d698f759350764d8276e2b2951793ce9a3a21e9537c57c5786,JAG_007,Recurring Revenue Dashboard Updates,2022-09-20,2022-10-28,Client Project,COMPLETE,JMG79,JMG79,AC01872E-7DDC-4613-9962-C52DCBECDDF6,,,1,given,,,3.0
be1ba9402de168acd718f95116e6b16cd323bf0b80f171dc719dc67f7ec31a87,WRP_001,RecDirec,2019-07-22,2020-02-23,Client Project,COMPLETE,JMD11,,7E74E57D-6C75-4DBA-8822-C621F6E94CB5,,,1,given,,,
ee4a104d385465740c5044b535250c342e68b4c0e6e477785e22d41d371f81dd,BAU_002,People,2022-08-01,2030-12-31,BAU Activity,ACTIVE,JMD042,JMD433,EDB6A9A7-5102-45E7-9BE3-A7F958716C2F,,,1,given,,,
780dcbae39726302d6307d863b8ede74f36acd2a1f966a8181893cdaace8b96f,SUT_003,Sovereign - Summit Group - AUA and Compliance Expansion,2026-01-05,2026-02-27,Client Project,COMPLETE,JMG157,JMG157,84863A4A-819E-402E-B766-57D56D0E1BED,BI and Reporting;Data Engineering,Exit Support,1,given,2026-03-15,,2.0
705e29311af74979ea6540d50c6e3042cdc1e895b9c7da807016da02df9464a2,TZG_005,Tenzing - Confidential DD #5 (JC),2025-01-13,2025-03-21,Client Project,COMPLETE,JMG220,JMG51,D6EE1F87-C7CC-4249-9DA8-C9EC5FF4BBB0,BI and Reporting,Due Diligence,1,given,,,2.0
49fc1a197b0656f748e52717e419ab07cce73ee2e193202434e761f006f4608d,MSG_011,Customer Data Work,2022-10-25,2023-02-07,Client Project,COMPLETE,JMD94,JMD94,2D143C29-D66C-4CD2-BB0D-1800CC18F116,,,1,given,,,1.0
544a013ad1bdb5fb86a84adbfd1046322ff2497c3b3958fab30c13f05bbdbbb1,RGS_004,2021 Q1 Support,2021-02-01,2021-04-02,Client Project,COMPLETE,JMD160,JML56,6C7618D4-6109-4EA4-A227-1B8CEBE1D585,,,1,given,,,
e6809f03d88a7a82ad83da4415bcc64483937f37fb7bda5954254284e8f25e24,EVX_003,TPG - Everfox - ARR Reporting Managed Service,2025-04-21,2025-06-06,Managed Services,COMPLETE,JMG44,JMD205,1BDA2FFB-61C7-4F3F-A819-D79EE3818C31,BI and Reporting,Managed Services,1,given,,,4.0
d48e52e69e8c6ec07f6fd91db752d25e2b89a0e40e14493fee1a0fc143dcd823,BRZ_004,Maroon Integration,2021-01-01,2021-02-28,Client Project,COMPLETE,JML-013,,B011A4FF-F946-4E1F-B542-F6A6E65887B1,,,1,given,,,2.0
977bac2c74ac33923757a1408a0078346adbcfb6b87799b97de606572cbcc0fc,VED_001,Baird GIB - Verdane - dashboard exit support (TP / JT / EF),2024-03-25,2024-04-05,Client Project,COMPLETE,JMG31,JMD42,121BA2F7-716D-4CFF-9858-ABF6E9FBAEFC,,Exit Support,1,given,,,4.0
b51ad624e510c214dcb43df787592856b42a5f6fa9437d92dc44cad8023e3df5,MCL_007,BI Dashboard - 2,2021-09-20,2021-10-08,Client Project,COMPLETE,JMD160,JML56,637B410A-A9BA-45E3-A0AC-45FE639485EA,,,1,given,,,4.0
5462e3676950b66d069ed8a2f67c6f5ae6e93dcd52e0bd952cca3cc7d5b3c971,BGR_002,Sovereign - Bioscript - Reporting build Phase 1,2025-05-05,2025-07-18,Client Project,COMPLETE,JMG51,JMD41,8D25DB9D-4BDA-4E96-9C6C-79E913444673,Data Engineering,Core Reporting,1,given,,,2.0
22fcd15818e9fd08e69921a23eb690921617f8a95c9c5942d6ffbba81f0c1617,JMG_176,JMAN Proposals,2023-10-02,2024-09-27,Client Project,COMPLETE,JMG181,JMG181,45AC9AD7-51C9-4C2D-AB89-ADEA174B2771,,,1,given,,,
421a816946a3e58a9f19f7ca0ff9a9686cb593418d54e4b2dcbca71e85348754,JMG_001,J-Labs Datalytics,2019-01-01,2019-02-28,Internal Project,COMPLETE,JMG10,JMG10,EDB6A9A7-5102-45E7-9BE3-A7F958716C2F,,,1,given,,,
657270d95c68f62bd53a538cbefc7d97658459d84f6b39bb72c179247a497e60,BAU_027,Marketing & Branding,2020-01-01,2020-12-31,BAU Activity,COMPLETE,JMD21,,EDB6A9A7-5102-45E7-9BE3-A7F958716C2F,,,1,given,,,
e5e00eb182b87eb34d99775c37b578f5fd90e181d844e600585b85244446da5b,RAN_003,Ranger services - updates to database ,2025-06-03,2025-06-16,Client Project,COMPLETE,JMG42,JMD94,1497F777-76CF-4CA5-B12C-C16BDC32B20D,Data Engineering,Core Reporting,1,given,,,2.0
cf94a50350ec338a8f0e186e8c7f62ae759419abcd180d74c2a433a346b04ba6,FLN_001,Kartesia - Fortlane - Data System Assessment,2025-04-22,2025-04-28,Client Project,COMPLETE,JMG217,JMG207,16AC54FF-9770-429C-8A3C-E3F2B4E0C093,Data Engineering,Core Reporting,1,given,,,1.0
b90fa6f19b4824fd047a0cf5b4e2849d3b4b52d9bbd7a369e0ae3133d61abf85,SNH_003,TPG - Smith + Howard - Tactical Finance Reporting Support,2026-08-17,2026-09-28,Client Project,SOW PENDING SIGNATURE,JMG64,JMD376,44C907BA-FD75-4BD4-8E2B-DE9D92C6CEC8,BI and Reporting,Core Reporting,1,given,,,
5ad15b5fae82588841c7cf909493496f380257e28cced767dda3230ff1548b5a,LLB_001,Zoho CRM,2021-11-09,2021-12-13,Client Project,COMPLETE,JMD160,JML56,1E98D5F0-FFC5-48E1-986B-F5082FDF0471,,,1,given,,,
d16beb3980305465cce61a594e7be9675bd3fa9d26e43de5b898e5245efdfce5,NKD_003,NKD - Data Science Bodyshopping,2019-09-16,2020-04-30,Client Project,COMPLETE,JMG22,JMG22,DE613E89-5536-4F17-9E33-712354E830C6,,,1,given,,,1.0
a87801e23dc72f35cb10cdc8cb378a95c489a86a2b78dff5244a35cbc1d06343,OCO_005,Ocorian Secondment Phase,2025-08-25,2025-12-21,Client Project,COMPLETE,JMG236,JMG236,F419A4DB-8641-406D-83DC-C985EC14B44D,BI and Reporting,Core Reporting,1,given,,,2.0
64586ebcf2735476b0cc4f0a249a5349c142ea17fb5b6687b644363195c36934,JMG_111,People An automated UK training tracker,2022-07-04,2022-08-12,Internal Project,COMPLETE,JMG15,JMG15,EDB6A9A7-5102-45E7-9BE3-A7F958716C2F,,,1,given,,,
60a78950f2cfdd6c205df3152bc83cfc857bc7e724694a8c66e62afd53977d65,HGC_045,Hg Capital - Due Diligence,2023-05-10,2023-05-19,Client Project,COMPLETE,JMG53,JMG53,EE649EF4-C803-4F9C-A7AA-110D5BBB256E,,,1,given,,,1.0
46a4ace6a7bf81081fdaf8b4ae41ba50cdb55367e9f93158b4319b445ba26831,FGS_004,Estancia - Flagstone - Purview Implementation Phase 2 (NG/AP),2025-03-10,2025-04-11,Client Project,COMPLETE,JMD3,JMD84,4EB019A8-44FA-46AE-8158-0B6233F0D292,Data Engineering,Data Advisory,1,given,,,1.0
a94b871d1cd892382e59435044ffb533ee2aac414ff3d4062220309311ed9d1c,JMG_157,IG Portal Maintenance ,2022-11-01,2022-12-30,Internal Project,COMPLETE,JMD41,JMD6,EDB6A9A7-5102-45E7-9BE3-A7F958716C2F,,,1,given,,,
9e4b7ce8c73f303e17a013dfaa4d13b6eda4ce6f36ec263975874af011b4b9fe,ENL_004,Elevation Labs - Procurement Reporting ,2026-08-03,2026-09-07,Client Project,SCOPING APPROVAL,JMU003,JMD172,2D334B84-1809-448A-AFED-3C1407EEB354,BI and Reporting,Core Reporting,1,given,,,3.0
27f7bf3df6a3be1b1c71a774b6422a481f9e144867abd54205d9a019670efaa8,KOH_001,Project Scale,2021-07-15,2021-08-31,Client Project,COMPLETE,JMG31,JMG31,0B4392F7-5F30-4FF1-BF34-91D76DC5E93A,,,1,given,,,1.0
cf50354c7f5727cc838e50e2a95ed8e88c74ee04bdd10ee749114c82a9280d96,NXN_003,Pricoa - Nixon - Forge Extension June25,2025-06-02,2025-08-17,Client Project,COMPLETE,JMG51,JMD94,AF91FB14-CB0C-4238-9EBA-4AA4814BD089,Data Engineering;BI and Reporting;Consulting,Core Reporting,1,given,,,2.0
19a24a6be86fa45d3510eec43384578b0c371b1be5469f883c545c7128f29b95,SLC_001,Customer Mapping,2021-04-06,2021-04-08,Client Project,COMPLETE,JMG22,JMG22,FD167415-3377-4EC5-A564-654340D84674,,,1,given,,,3.0
2cfadbc5d54b2987c33a0b416c117bbeb38ab695338f77205bd0e48854bfbc72,TNC_008,Triton - Trench - Platform Migration Support,2026-08-03,2026-11-09,Client Project,DEAL WON,JMG69,JMD126,035038EA-77AA-4452-B6E3-3BD5BC424D3B,Data Engineering,Core Reporting,1,given,,,4.0
72621b2ff6b698ebed54f2f5736fbabafafbfd963da9f47825873809153b6cce,WIT_011,ICG - With Intelligence - Pipeline Reporting Phase 1 (TW/EF),2023-09-25,2023-10-27,Client Project,COMPLETE,JMG49,JMD27,BD5939CE-0970-4DB4-98B7-BF77E8588207,,Core Reporting,1,given,,,2.0
f60edb34cd4e5e853a4ad40a6f83a8dd144d4085dcf735251f7561231c48b4c3,DAM_002,Triton/Kartesia - Damovo - Project Nexus Further Transaction Support (PG/MC),2024-07-01,2024-08-09,Client Project,COMPLETE,JMG87,JMD82,960945DA-EA32-4A2B-BCFB-39307A77667F,Data Engineering,Exit Support,1,given,,,1.0
757ac3eff81e41d81c062a6673e12dc469b59d685ac8ba3166f8cbbc545f7505,JMG_118,"Sales- Project Pulse- Playbook Refresh, JIN & HubSpot updates",2022-07-04,2022-08-12,Internal Project,COMPLETE,JMG42,JMD3,EDB6A9A7-5102-45E7-9BE3-A7F958716C2F,,,1,given,,,
339594a111fd68ec4879f644792feee45ee8710d7da0efcb8d06f4664cd5f893,AXC_001,HIG Capital - AxisCLC - Reporting & Data Platform Design & Discovery,2026-06-03,2026-06-24,Client Project,DEAL WON,JMG222,JMD77,B9A1338C-2D14-47ED-A357-C1741B136F05,BI and Reporting,Exit Support,1,given,2026-07-03,,3.0
8704571a3a61895efe54fcf88fca9704714de2d32d2f6d8f82ca63e4b10d78de,JMG_137,Zoho Data,2022-09-12,2022-12-02,Internal Project,COMPLETE,JMG76,JMD42,EDB6A9A7-5102-45E7-9BE3-A7F958716C2F,,,1,given,,,
be5cb575f75e51ca016df791f040a3130c2f3cef922d019050d8106f84f51ebd,PTZ_002,Snowball phase 2,2022-10-17,2022-12-02,Client Project,COMPLETE,JMG29,JMG29,6DAE2A80-0E2E-40D9-A19E-0C34F59EDF1D,,,1,given,,,4.0
13b1df19efa4765479ab0d4eaef3c470d960af258179b982984d17327ef0c491,DAL_003,Dalcour Maclaren - Phase 2 roadmap,2025-04-10,2025-08-22,Client Project,COMPLETE,JMG301,JMD8,9205BDF6-A56F-4E0E-ACCE-55D752B7061F,Data Engineering;Consulting,Core Reporting,1,given,,,2.0
9b2fd6eb3c39aef490b852def1fabb78a06fd2759a85637568f13ede5162978d,NEG_005,Synova - NEG - Reporting Support (MS),2023-06-19,2023-06-30,Client Project,COMPLETE,JMG22,JMG22,CC0B7B33-C73A-417A-AAC9-219778FC86B8,,,1,given,,,2.0
27340b32ab436e3c3d25202e850d12473781176c43bc804d8f71e7223ff78d73,CHV_010,Triton - Chevron TM - Reporting Updates (ZF),2025-04-01,2025-04-21,Managed Services,COMPLETE,JMG77,JMD41,783F433D-70FA-417F-AA42-8D5833AED390,BI and Reporting,Core Reporting,1,given,,,4.0
2f1a186d71875234080766e4c04f7f37c7d73ff662283ab3fc20f365099de8ba,HBU_002,HIG - Hibu - Managed Service,2024-12-06,2025-02-28,Managed Services,COMPLETE,JMG59,JMD5,50BF2268-960D-4ACB-8973-BFCCF9BEAC4A,Data Engineering;BI and Reporting,Managed Services,1,given,,,3.0
42f385c9ba071545b1bd1dd8209651b992348394b07750fe977c9991a8e4b165,IRI_006,Customer MDM,2021-09-01,2021-09-30,Client Project,COMPLETE,JMG24,JMG24,C8496A79-EC52-4B84-875C-972B867B5CA6,,,1,given,,,1.0
bc8be29d1d835f9e03e459955c93eb41a414bf4b10dda2edc8f0399ab6746740,FIR_006,FireTree EM 2022 Q1,2022-01-03,2022-03-31,Client Project,COMPLETE,JMD160,JMD28,A13DC602-1FC1-4D39-B2AF-D0F1E4D8767C,,,1,given,,,2.0
7fa813ccd318fae4bcc22d1eb709254d629858ad55a03d2c6b514229b99336fd,JMG_094,Sustainability- Set up myConsole platform for JMAN,2022-05-02,2022-06-10,Internal Project,COMPLETE,JMG29,JMG29,EDB6A9A7-5102-45E7-9BE3-A7F958716C2F,,,1,given,,,
c180708c6ee96cfb058692ea5a81df2d8d5d070df6137b05e2fde51d24a391a4,LIT_001,TM Usage Data Pipeline,2020-09-27,2020-11-30,Client Project,COMPLETE,JML-024,JML-024,473AE726-CA6B-4869-B88B-B131A95074F8,,,1,given,,,1.0
5487635faf260de90195bd5a821f38bbd2fdec56aeaa7dcd0e4ee640d8fbdb4c,PMG_003,LLCP - Prime Global - Tactical reporting DTaaS,2025-11-03,2025-12-12,Client Project,COMPLETE,JMG141,JMG321,39DD5FA7-614D-438A-9F3E-FCA02F113EE5,BI and Reporting,Core Reporting,1,given,,,4.0
58032ad0e41727ccb17a31f84993da8398d08bd637adf15b2ab26ae704e58c21,SLC_009,Searchlight - DD Support (NM),2023-07-17,2023-08-04,Client Project,COMPLETE,JMG53,JMG53,FD167415-3377-4EC5-A564-654340D84674,,,1,given,,,3.0
44acf46e03507a9d10b137b2c9f52b1a5c58e35a74005dbb62eaadab963b0913,NTS_003,Forms Development,2021-01-04,2021-12-31,Client Project,COMPLETE,JMD160,JML56,11E011AC-D864-49EA-85CD-38A219CB55C6,,,1,given,,,3.0
d286b67ec8b1b938bdcbac10a0ad8bc59ecadd71cf06b487e00a8ced18bf71db,CDL_002,Competitor & News Feed Scraping,2021-09-26,2021-10-22,Client Project,COMPLETE,JMG44,JMD20,F8EE73C6-7C9F-4107-BB61-0C5FED513A31,,,1,given,,,
1f9ac7eabdd148df4205ce057f81f46e01eb6806894fb52fa0917a273cec9022,DNS_015,IK Partners - Dains - System Migration (TSP-Actitime),2026-04-27,2026-05-11,Client Project,COMPLETE,EXT025,JMD195,5553337B-330A-4E7B-AAB2-97AF6889EF91,Data Engineering;BI and Reporting,Core Reporting,1,given,,,4.0
1be075bdefee57bfc69ab914281788ad7d824420c1030a46d09f420bb530025b,PSC_012,PSC 012,2021-09-12,2021-12-31,Client Project,COMPLETE,JMG15,JMG15,88B6B8E6-EF36-4337-80D6-8986EB36FAC7,,,1,given,,,2.0
382b610dbe2fc1770dacd9b56406f973513d7d87c7c9808f7b3b6c174a909cfb,MCL_011,MyConsole,2019-02-01,2019-11-30,Client Project,COMPLETE,JMD11,JMD11,637B410A-A9BA-45E3-A0AC-45FE639485EA,,,1,given,,,4.0
634f4a8f6d47709db9427e1ec3d58fde3f0c6d501597b6680b06c6e106ce5144,URB_004,Guna Intl - Urban SDK - Extension (AD/YS/AG),2023-04-03,2023-06-30,Client Project,COMPLETE,JMD5,JMD16,537AE83E-2265-47B9-80F8-98900B13B716,,,1,given,,,2.0
0a27749aebe93c326dd91e57700a286cce822fa85dfc06cc72ed826fa278e26f,JMG_002,J-Labs Time Series Forecasting,2019-01-01,2019-12-31,Internal Project,COMPLETE,JML-015,JML-015,EDB6A9A7-5102-45E7-9BE3-A7F958716C2F,,,1,given,,,
b7aefb5fe9f2265fe5d6d13207e5a2545bf3c80b30b1789273813f8089aadb84,TNM_003,Horizon - Turnmill - Dealmakers Integration,2026-01-12,2026-02-09,Client Project,COMPLETE,JMG97,JMD135,268F8F25-FFFF-4AA8-B7CF-F6A9D40FEAAA,Data Engineering;BI and Reporting,Core Reporting,1,given,,,4.0
07705c0434c43c19fdee3f8d57422dbde5f46a02c2d490e1d9e3313b80df8266,THO_007,Project Apollo,2021-06-14,2022-12-31,Client Project,COMPLETE,JMD98,JMD82,C396D527-0F25-41D6-87CC-015440EAD08C,,,1,given,,,2.0
0d942bd937ca98a068d85d180644f06c8678873ab50f70aa842dcdf2ef8a355a,KOH_007,KKR - Unknown - CRM/Sales Funnel Analytics,2025-04-01,2025-04-28,Client Project,COMPLETE,JMG161,JMG77,0B4392F7-5F30-4FF1-BF34-91D76DC5E93A,,Value Creation,1,given,,,1.0
d4d7eb707d3cdf58421defdaa6b301fd02fd4c250d80230de47a598bd7b855ee,CTP_001,Foodpoint Pro Bono work,2019-12-01,2020-02-29,Client Project,COMPLETE,JMG31,JMG31,4EEEC8D9-B7A6-46F0-B8D1-90365B0A6C16,,,1,given,,,
449095a45ec5a09307ed9b71cea0327ceed46d9a706d9724393f71e309cf8f95,PHG_002,Bridgepoint - Prescient - Phase 2 Build (Client Reporting),2026-05-04,2026-08-10,Client Project,ACTIVE,JMG146,JMD82,09CDB208-AA20-4E6C-A05A-9F233CBF6B2C,Data Engineering;BI and Reporting,Core Reporting,1,given,2026-08-28,,4.0
4239ec55b5d51cb490e02ea6f77e92f3d7ef4e92cc0d0a950f6c45f5367ef044,JMG_135,More effective monitoring of marketing performance,2022-09-12,2022-12-30,Internal Project,COMPLETE,JMG15,JMD149,EDB6A9A7-5102-45E7-9BE3-A7F958716C2F,,,1,given,,,
d1e60e25a06a8e58b2c3b30ee0490d1a0e1b4060690d98e4847d6f3f85ad2f74,NVG_001,Kelso & Company - Novvia Group - Product MDM,2026-04-06,2026-05-15,Client Project,COMPLETE,JMG77,JMD57,CB4A8465-02D0-4614-97F5-8CFAF5715106,Consulting,Value Creation,1,given,2026-06-02,,4.0
7f06538dc4844f1b213cea85f6abb70ed68024828eeef5fa0f41228f71ef4867,ASR_002,Oakley Capital - Assured - Contract database,2025-04-28,2025-05-25,Client Project,CLOSED,JMG69,JMD42,8F38CF10-650F-4420-89C2-00AEC961BE58,BI and Reporting,Core Reporting,1,given,,,1.0
a5252b7e1341aa38f624a6b31db643b46202dfddd3e60d5fd0df3a1c64fee021,PCL_003,Towerbrook - Premium Credit - Engineering support (JT / SI / JM),2025-03-31,2025-12-12,Client Project,COMPLETE,JMG100,JMD190,F5288513-21D2-421A-918B-A9ABA7BF4F69,Data Engineering,Core Reporting,1,given,2026-06-30,,1.0
c4b9e903639543f15be9e840efbf7c76eb6cdedfd0c32f1a3b2d721285ced1bf,TZG_008,Tenzing - Project Lumina,2026-01-12,2026-01-20,Client Project,COMPLETE,JMG117,JMG107,D6EE1F87-C7CC-4249-9DA8-C9EC5FF4BBB0,BI and Reporting,Due Diligence,1,given,,,2.0
e54403c55a41e5c56d789cedc682b8f4752bf8abc2edf96b1678cdf8cfffaa30,UPR_005,UpReach SMN,2021-01-01,2023-12-29,Client Project,COMPLETE,JMD7,JMD7,34DF2ADE-5CD1-46CD-8387-6B2C0F3FEBA5,,,1,given,,,1.0
3a04cd7ee3d8896a2dc05dcfcfa57f47cb7c69eaf1719f6b16d8427b81bf9785,EQS_001,Nordic Capital - Equashield - Data Cleaning Support,2025-06-04,2025-06-20,Client Project,COMPLETE,JMG217,JMD42,F598A100-CFE8-40F8-8234-056FD5051172,Data Science & ML,Value Creation,1,given,,,1.0
98e7fece4140ca2092bbc3f8cbd6b93540531bff2e96d40bf3bcf0a9e7f564af,MTC_002,MetaCompliance - Rolling Weekly Engineering Support,2025-06-02,2025-07-27,Client Project,CLOSED,JMG124,JMD149,76573E93-FCB4-41CE-8301-A1DAE9458506,Data Engineering,Core Reporting,1,given,,,2.0
76b7b407b3bcaeb22c037d77c7699041013c8348a349a6b1a52f6760a4a79304,AUF_004,Baird Capital - Aura - Prospect Identification & Scoring PoC,2024-12-10,2025-01-20,Client Project,COMPLETE,JMG218,JMD112,E89CED45-CB39-4485-AFB8-F802587197A3,Consulting;Gen AI,Value Creation,1,given,,,2.0
9fc069407deff4b96f003675aafa34a942675830be8e10cfc8f8b169a8a44e19,NAI_004,NAI Productionise Dashboards,2026-04-13,2026-05-18,Client Project,COMPLETE,JMG170,JMD258,C95FC561-B3EE-4DCC-901E-ED9CD4389D6C,Data Engineering,Core Reporting,1,given,,,3.0
d3e7872abefbd66c579c377ea179854579a6084a1b7e231157b14f541ac65821,CAS_008,Hg Capital - Caseware - Extension II,2026-06-01,2026-11-30,Client Project,DEAL WON,JMG212,JMD226,E72F7D91-5FA6-49BC-B840-F213738107A8,BI and Reporting,Managed Service,1,given,,,1.0
8e5c4772c5c80e453c8c783ffdf89d16c381432010f1ec889eba74f36aa9f502,HNT_002,FPA_DB_MIGRATION,2022-10-25,2022-12-05,Client Project,COMPLETE,JMD162,JMD28,F1DFBD01-0C3D-4903-A40C-9285ACD09773,,,1,given,,,2.0
a3be914dc3b79e711846e3824241411df2fe1acb407f11917b96dd9775f86814,HGC_016,Project Mountain,2021-08-22,2021-09-03,Client Project,COMPLETE,JMG24,JMG24,EE649EF4-C803-4F9C-A7AA-110D5BBB256E,,,1,given,,,1.0
ac2f46755a6be7400a3e647c738c4174c95c441af21939b8806f150fb3ccad04,CLN_016,MDM Support - Product Owner Role,2023-01-03,2023-06-30,Client Project,COMPLETE,JMG24,JMG24,CBE4E752-7D89-485F-8768-BE5DBF9C1F6C,,,1,given,,,4.0
1a65d5fd2109b3e9b572ebb4244dc20246d000f15fed817a2edcedf251f3b140,IMG_006,Concurrent Dashboard Build,2022-03-11,2022-03-18,Client Project,COMPLETE,JMG15,JMG15,C7BF9AF1-90A7-4606-A6D8-E63E4365D5B7,,,1,given,,,
3781a2d33a8501951a675925a7df57cca326cd767a3d05dd8ee8753f93c95338,UPR_007,UPR_007 JSReact Migration,2023-06-26,2023-10-27,Client Project,COMPLETE,JMD7,JMD39,34DF2ADE-5CD1-46CD-8387-6B2C0F3FEBA5,,Managed Services,1,given,,,1.0
abfe5fabb12c3843fd9ae2f771a01612c9f33ba3e7adc6099c9ac6487a4e937e,FIR_020,Firetree - Data lake - DW,2024-07-01,2024-08-23,Client Project,COMPLETE,JMD8,JMD27,A13DC602-1FC1-4D39-B2AF-D0F1E4D8767C,Data Engineering,Core Reporting,1,given,,,2.0
63a3959dd99d753a57179a72726cef30210671ade24ec901561d124d117e960b,NTS_016,TA - Netsmart - Forms Management Portal (LV/RR/HV),2024-07-01,2024-12-30,Client Project,COMPLETE,JMD12,JMD57,11E011AC-D864-49EA-85CD-38A219CB55C6,,Managed Services,1,given,,,3.0
39acf413e3d4ec60e7f80a1266af6db6506ff538702c4dd899125334c2030ab9,SNH_002,Broad Sky Partner - Smith + Howard - Build Phase,2025-09-08,2025-12-19,Client Project,COMPLETE,JMG114,JMD235,44C907BA-FD75-4BD4-8E2B-DE9D92C6CEC8,Data Engineering,Core Reporting,1,given,2026-05-22,,3.0
c9342b97aae3f61693032743136c9b6608eeec2cf5f1b57e589fd7bc67845826,SVA_003,Synova - Internal - Sourcing Tool Enhancements Phase 1 (MS/NJ),2023-04-10,2023-06-02,Client Project,COMPLETE,JMD41,JMD149,C41A61F0-82A6-4B65-B983-541748FD2482,,,1,given,,,2.0
6bed8d716443079528ff070b6e380ab6ec3f35215a5a77d783428c3e31a19656,PTZ_004,AKKR - Partnerize - ARR Dashboard Enhancements,2023-05-09,2023-05-23,Client Project,COMPLETE,JMG59,JMG59,6DAE2A80-0E2E-40D9-A19E-0C34F59EDF1D,,Core Reporting,1,given,,,4.0
d61da565a39458f12ebb81aab7e4a4986ea43f486a315c3b5d4bdb036ca8e885,SAL-003,Opportunity,2022-01-01,2030-12-31,Sales Activity,PROPOSE,,,,,,1,given,,,
694c1d227b9ea1dee7ca642054e068f9725c5b03a66483fd413e8cc0a1afb637,IRI_012,Hg - IRIS - exit support (JT),2023-10-19,2023-12-31,Client Project,COMPLETE,JMG69,JMG69,C8496A79-EC52-4B84-875C-972B867B5CA6,,Exit Support,1,given,,,1.0
9c154deff806e966e2dccf801a602abafc5a9452b9f33eba11fcab2e665b3a85,JMG_112,People- Application of Slide EQ and CCS in Chennai,2022-07-04,2022-08-12,Internal Project,COMPLETE,JMG15,JMG15,EDB6A9A7-5102-45E7-9BE3-A7F958716C2F,,,1,given,,,
2d8e364f990d1e6f5752bab8a72c4e990e1420a52f49c42fa7aebfc3608009b1,TGG_002,The Gym Group - PT Strategy,2024-06-17,2024-07-29,Client Project,COMPLETE,JMG175,JMG175,A5D4E252-D8FE-4341-A8A9-5489EA11F7B1,,Value Creation,1,given,,,1.0
3bed78d1d1fffdb84204ace3224ce946c399ad90b8e9dcad1eedf5b1a2482acf,JMG_275,"JQA, Governance & Playbook",2026-06-12,2026-09-30,Internal Project,ACTIVE,JMD471,JMD31,73FABDED-C184-4BEE-8D2F-E357F5145446,,,1,given,,,
e507e7aa797985f17796db067e177177d9851eba9c697124c7821d68ea96619e,PSG_001,Secondment,2022-07-04,2023-01-01,Client Project,COMPLETE,JMG56,JMG56,0D3F30CF-BC48-41BB-A106-96D6B5968ED2,,,1,given,,,1.0
c7768d1649d49e1645f9eb59b590a4bf27e632502481f60f439b2ada782b7b07,ALM_005,Apax - Alcumus - Churn Modelling Phase 3 (ALM_005),2025-07-14,2025-10-03,Client Project,COMPLETE,JMG117,JMD112,7F3D6169-7593-427C-AEB3-F0F6C253DA67,Data Science & ML,Value Creation,1,given,,,4.0
9ef03b7d7448382c7deff05b16bd50b15b6b667f2896ce6134c72bf0a50e5438,TBL_002,ARR Snowball Project,2022-03-14,2022-04-14,Client Project,COMPLETE,JML-024,JML-024,7380B4D8-1B2D-4F08-A018-B0896FD20ED4,,,1,given,,,1.0
82843df719e77b38e03227b23e3275d115b249e2ee5d74da0a5862178b9d196c,RLD_005,FA - RLDatix ARR Bridge Reporting Version (CF/MaS/FS),2023-05-01,2023-06-02,Client Project,COMPLETE,JMG44,JMD181,6FA65EF2-FAFC-432E-ADF3-4E4090AE887D,,,1,given,,,1.0
8c66980260ef942b44e748e9d2131ecb38ccc8bc1bc83c100a24357c594ffbdd,JMG_027,ML Traiging algorithms R&D,2020-02-24,2022-09-08,Internal Project,COMPLETE,JMD11,JMD11,EDB6A9A7-5102-45E7-9BE3-A7F958716C2F,,,1,given,,,
772a68dc9cc4bf1721de085cd4b790090436a5a3027a4de15de54b44ba76951a,GEM_001,GEMS scraping,2020-04-05,2020-04-30,Client Project,COMPLETE,JMG29,,52AE2FD5-BEF0-4E46-88F2-11A318A589E5,,,1,given,,,2.0
4e841813d7d48aac803c45776bd7f2ba26b6473a7cb0a1026686866767022b69,HGC_005,Project Solo,2021-01-25,2021-01-28,Client Project,COMPLETE,JMG24,JMG24,EE649EF4-C803-4F9C-A7AA-110D5BBB256E,,,1,given,,,1.0
21483029a0c915652574c930665fec03ff9b84c90b20e2959bc2510f8225403e,CNS_002,Triton - Colonis - Gen AI Research Tool - 12-month Roadmap - Phase 1 (AW / ZF),2025-01-20,2025-03-16,Client Project,COMPLETE,JMG77,JMD5,A896F071-15E9-41EC-96FF-DF87FA70D19A,Gen AI,Value Creation,1,given,,,4.0
225d3217ffbfa8144721d2647efc6e644a0bed1555254f39c3ea4518c833ba1e,HGC_058,Hg Capital - Project Jupiter Data Scraping,2023-09-25,2023-09-27,Client Project,COMPLETE,JMD41,JMD112,EE649EF4-C803-4F9C-A7AA-110D5BBB256E,,Due Diligence,1,given,,,1.0
c21d8ae5f5aebe450e6728a98ccbb4c6c2c82982cb87d3aa2eb45ea114497f80,MIM_002,Mimecast - Expansion AI hypercare,2025-01-27,2025-03-28,Client Project,COMPLETE,JMG133,JMG133,4CFF45AA-31C7-49E7-8251-ED10B0AC7363,Data Science & ML,Value Creation,1,given,,,3.0
38f9f4dd0a612a8f8a5827474c00d7469153dae168f35df31cef6a9630e64df5,SLC_004,Project Dodge,2022-01-04,2022-01-31,Client Project,COMPLETE,JMG29,JMG29,FD167415-3377-4EC5-A564-654340D84674,,,1,given,,,3.0
ac72c829d276d3e37502a52ccf263e402fcfe315895a41bb0477a97671fcd4fc,JMG_248,Product - Operation Tool ,2025-03-01,2026-12-31,Internal Project,ACTIVE,JMD152,JMD376,45AC9AD7-51C9-4C2D-AB89-ADEA174B2771,,,1,given,2026-12-31,,
da2643174e7d29512777cde0af19bb5ec5d964c4820a61b662a20252be2ab570,PUR_004,Leonard Green / KKR - PureGym - Managed Service,2025-11-10,2026-08-31,Managed Services,COMPLETE,JMG87,JMD205,0C31D638-B9FF-494C-AFEE-65BA751B11E8,Data Engineering,Managed Services,1,given,2026-08-31,,4.0
5255da24d2997cc04fc6cbd6b9ecd38bac40881f51832dc638ead944e43b6bf4,TZG_007,Tenzing - DD #6 Follow On,2025-04-08,2025-04-14,Client Project,COMPLETE,JMG51,JMG51,D6EE1F87-C7CC-4249-9DA8-C9EC5FF4BBB0,BI and Reporting,Due Diligence,1,given,,,2.0
e6e467c3a65f63a2444cfc999c2be845d761581ca1ed417a9d001dc3e3d4b7f0,TNC_002,Triton - Trench - Phase 2 Build (HT/TB/YS/PG),2025-03-24,2025-07-25,Client Project,CLOSED,JMG313,JMD42,035038EA-77AA-4452-B6E3-3BD5BC424D3B,Consulting;Data Engineering;BI and Reporting,Core Reporting,1,given,,,4.0
96ae9ae6d052e2d3b1ea700e0dacf46e7ed5f39152e384fa51fe3c7f84cee77c,JZI_002,InvestIndustrial - Jacuzzi - Build Phase,2026-08-12,2026-11-18,Client Project,SOW PENDING SIGNATURE,JMU003,JMD172,13DEBD4D-290C-45D0-87C2-23E9B39A78C2,Data Engineering;BI and Reporting;Full Stack Engineering,Core Reporting,1,given,,,4.0
4e27042093b5bbfddb38d718e4e06b65098d3a4586ef60999b20fabc4bf5abcd,ASZ_001,Data Strategy & Value Team Support,2021-09-13,2022-01-31,Client Project,COMPLETE,JML-038,JML-038,24C94574-43FF-4682-A338-263B0FBF906B,,,1,given,,,1.0
20ac4b05c4fe1c0055c7704c407f2d941f47d24950ef31e3b3b83718981e689b,TLS_002,HIG - Telestream - Build Phase 1,2026-07-13,2026-10-26,Client Project,SCOPING APPROVAL,JMG170,JMD116,10CF3856-0E93-435E-8D69-ADD2DE0FDEF8,Consulting;BI and Reporting;Data Engineering,Core Reporting,1,given,,,3.0
60881cf1e881ff8ed2bec93694efc75ab9fcb66af763528391da77473ad7419b,CIP_004,Insight - CivicPlus - Customer Cube - Phase 2 - Parent Roll-up,2025-06-03,2025-07-25,Client Project,COMPLETE,JMG49,JMD37,951EF888-BA80-447A-8646-69007C340272,Full Stack Engineering;Data Engineering;BI and Reporting,Core Reporting,1,given,,,3.0
c00d2727fddc7c58c125be90b02f86fbf52f4446584f4a401799762383998d26,MCL_006,ESG New Instance,2021-08-03,2021-08-11,Client Project,COMPLETE,JMD160,JML56,637B410A-A9BA-45E3-A0AC-45FE639485EA,,,1,given,,,4.0
ceb40fdc3a02ed5c717ab019328ba769b726ae81c48b1e849cc7f0a69201d144,TSI_004,Clearlake - TSI - DTAAS and transaction support (Apr - May),2025-04-15,2025-12-31,Client Project,COMPLETE,JMG52,JMD118,E3DBD5C7-ECC1-4D17-9FF2-FE3CD31F5F06,Data Engineering,Core Reporting,1,given,2026-05-31,,3.0
e1a17138482b93a5aa3de58b753c4e0ba3528ceba09fbf5c6e3dc73dbdf81d74,GNC_001,GenesisCare - Revenue Lifecycle Management - Phase 1 - Diagnostics & Discovery (MC/RC/SI/CF),2024-07-16,2024-07-30,Client Project,COMPLETE,JMG44,JMD20,19B3A78B-E315-4ED0-86A8-EADC4632EC11,,Core Reporting,1,given,,,4.0
5d101c14b976079a6456d375143df1924187b1bb5a0df0d857012fa87091c52f,AFF_001,Oakley Capital - Affinitas Education - Enrolment level reporting - Design Phase,2026-02-02,2026-02-16,Client Project,COMPLETE,JMG225,JMD81,6ADB5FC2-E271-4607-96AA-AF1768A6B21A,Data Engineering;BI and Reporting,Core Reporting,1,given,2026-04-25,,1.0
18073ee1de1003643b4d1330f0f7d5e90b1a94f3a108b11fccc6f0a72fe24462,EMR_003,Performance based fee report & PMO,2022-03-07,2022-04-29,Client Project,COMPLETE,JML90,JML90,779D3B47-C222-440E-A074-69EECF7EC480,,,1,given,,,
25848baf62464b7a3f942f303aff5941beaafd710e53024313abcbe811ef5a2c,HKA_003,PAI Partners - HKA - Network Model Managed Service,2026-06-29,2027-01-11,Managed Services,SCOPING APPROVAL,JMG209,JMD216,19551FD7-86AC-424E-89DB-D345043584BB,Full Stack Engineering;Data Engineering;Data Science & ML;Consulting,Managed Service,1,given,,,
25f943a53d0ed1e02b869b8d1087be88f887a8666045a2ce3121784cd27ad647,HGC_034,Reserved DD Support,2022-04-01,2022-04-01,Client Project,COMPLETE,JML56,JML56,EE649EF4-C803-4F9C-A7AA-110D5BBB256E,,,1,given,,,1.0
b47438f08c17872b3ccf6d73bcdabf9abed2654dd76ac55c83830e1d6eb6975b,FRG_003,Frasers Group - DTaaS - [EXT] - Next Phase (RB/SI/CD),2024-11-11,2025-02-09,Client Project,COMPLETE,JMD3,JMD81,D94A0075-BF8F-4217-AA78-69F5ACD0FB03,Data Engineering,Core Reporting,1,given,,,1.0
f9feafaf6c870bd5de2b8c976a622d0f90c5c78495c2b6a8cd3b99b1281f797f,JMG_022,CDM: Web Solutions,2020-01-01,2020-12-31,Internal Project,COMPLETE,JMD28,JMD28,EDB6A9A7-5102-45E7-9BE3-A7F958716C2F,,,1,given,,,
38af74772f6995d1c3cd5eac5f2d0bdf7b56b8cccb987511cc265b73d0ef26e6,AMR_001,Soundcore  - American Restoration Inc - Exit Preparation & Diligence (RC/TW),2023-11-27,2023-12-09,Client Project,COMPLETE,JMG52,JMD20,B5B0C7D9-95BB-4C90-B869-E0AA700918F9,,Exit Support,1,given,,,3.0
ccc37867f88f7025568d9993f00f586c919dc81bed19d9c680f34ef64f86f958,JMG_150,Sustainability-focused event in London and Chennai,2022-09-12,2022-12-02,Internal Project,COMPLETE,JMG31,JMG31,EDB6A9A7-5102-45E7-9BE3-A7F958716C2F,,,1,given,,,
d0d59aa86d3b9d733f1f4860d7aeaa5b17933b2ca1316dc5f18385daa8bbbe30,MIM_001,Permira - Mimecast - Expansion,2024-09-18,2025-01-31,Client Project,COMPLETE,JMG53,JMD81,4CFF45AA-31C7-49E7-8251-ED10B0AC7363,Data Science,Value Creation,1,given,,,3.0
5f2cfa3a108f6ec3115608cd93ea9ecabe62e007d47d9116ee77bca209b38689,TBL_001,Customer Segmentation,2020-10-21,2020-11-25,Client Project,COMPLETE,JMG24,JMG24,7380B4D8-1B2D-4F08-A018-B0896FD20ED4,,,1,given,,,1.0
76ab49c44d9fdac1b16f4c556b65926070a5b43103f4d8a04852ff71c1890408,TRG_005,Analytical Support (Delivery),2019-03-05,2019-04-05,Client Project,COMPLETE,JML-015,JML-015,329D4B6F-73A3-47C1-9458-913505CBCBD2,,,1,given,,,
a4086d71436ac9ad2cc7b8a4dc5165651aa9dbcf6d13f476adc0d0cde1cd3d76,JMG_101,Delivery- Squad methodology,2022-07-04,2022-08-12,Internal Project,COMPLETE,JMG22,JMG22,EDB6A9A7-5102-45E7-9BE3-A7F958716C2F,,,1,given,,,
8644c05da051ec3f7942cc0a58e30a02738f2cc9009e1aee52963b683646e375,DUT_001,Growth Curve - Post-DD Assessment (RC / FH / AW / AB),2024-07-27,2024-08-31,Client Project,COMPLETE,JMG81,JMD5,734D863D-B3AA-4CAE-8955-47A762C7E0DD,,Due Diligence,1,given,,,3.0
8a417396bb453b9506059a881d9e3f49b2252d38206809d2ab0ae59b60e83c6f,HGC_006,Project Downing,2021-02-17,2021-02-26,Client Project,COMPLETE,JMG29,JMG29,EE649EF4-C803-4F9C-A7AA-110D5BBB256E,,,1,given,,,1.0
01fa167d21458f077ce002c46a4cb749cb16bf83dc3b7af2a7efef3020a8b206,SUT_005,Sovereign - Summit Group - Exit Support,2026-03-02,2026-03-16,Client Project,COMPLETE,JMG157,JMD227,84863A4A-819E-402E-B766-57D56D0E1BED,BI and Reporting,Exit Support,1,given,2026-07-31,,2.0
49bd16ef1780260912bc8a26668960a8d1457129a16f3781198d8245720f99a3,PFC_003,Proficy - Combined Reporting Build,2026-05-27,2026-06-24,Client Project,ACTIVE,JMG128,JMD195,7FB009B2-3925-49CE-91CB-1F18FA20663D,BI and Reporting,Core Reporting,1,given,2026-08-28,,4.0
96b8074c0a6dadb7f5be452691fc6569bbffc46b37b12ee2384ae6b00ca62c98,JMG_011,JIN Project Management,2019-02-01,2019-02-28,Internal Project,COMPLETE,JMD11,JMD11,EDB6A9A7-5102-45E7-9BE3-A7F958716C2F,,,1,given,,,
90c8f56f7454f7fa6aa5c135eff0947082b1bf3663a4c4d33c727847c6adf2cf,JMG_166,BP Coordination,2023-01-16,2023-12-31,Internal Project,COMPLETE,JMG29,JMD162,3A4B9733-496E-4579-9FCB-892E2A96B228,,,1,given,,,
24f52c25d9cc63a4bcb6e5bb9e78cab91a69ef0163510fd0910914da8acc1fd3,JMG_130,Looker demo,2022-09-12,2022-12-02,Internal Project,COMPLETE,JMG22,JMD41,EDB6A9A7-5102-45E7-9BE3-A7F958716C2F,,,1,given,,,
0b1448ec036433a2f85dba73ef54e73adbcff18d1c200a6f96365b367ff4c81f,RAN_001,Hyperion - Ranger Services -  Financial Reporting Sprint,2024-12-14,2025-02-01,Client Project,COMPLETE,JMG85,JMD94,1497F777-76CF-4CA5-B12C-C16BDC32B20D,Data Engineering,Core Reporting,1,given,,,2.0
3b5d60416f34a023575c2780e1d11e311fc70338674d65137e962417e776c0f4,CLN_017,Clinigen - Business-Wide Managed Service (CD / JC / DD),2023-02-02,2025-08-30,Managed Services,COMPLETE,JMD118,JMD221,CBE4E752-7D89-485F-8768-BE5DBF9C1F6C,,Managed Services,1,given,,,4.0
d5672de3bb4cb4785d2227813da17173def998e36b16f28e17ba26af1a0aa2f8,RBX_001,Rubix - Secondment (Nov - Dec '24),2024-11-20,2025-02-28,Client Project,COMPLETE,JMG161,JMG188,94D25F41-E4BA-4036-B9FA-873C57462541,Consulting,Value Creation,1,given,,,2.0
3b8eac013754c06ffd678b5d5e7393fd0482a7af88c465721bf4f806b70fa877,FIR_018,Firetree EM – Infrastructure Maintenance – Phase 3,2024-06-03,2024-09-02,Client Project,COMPLETE,JMD28,JMD28,A13DC602-1FC1-4D39-B2AF-D0F1E4D8767C,Software Development and LLMs,Managed Services,1,given,,,2.0
308fc27d5d06e43c33f2832f58a1cccbc7745ba46523abc22e9fe20168baad4e,KDK_001,Diagnostic,2022-11-07,2022-11-18,Client Project,COMPLETE,JMG56,JMD42,0305026B-7033-43C3-98C0-3B8C7C72FDB8,,,1,given,,,2.0
7581906cb2aa4bead11e919c2cdf65985fa98b8809a41fe9c5a40a40d6391065,PTA_004,FPF - PTA - Managed Service Ext,2025-04-29,2026-08-31,Managed Services,COMPLETE,JMG59,JMD189,E9ECAD7F-CDBD-4ED0-B8AC-DB6F1C5F6A4A,BI and Reporting,Managed Services,1,given,2026-05-31,,4.0
36e072975c07462097e2379483870847d080f38db5626f1a8df7edac1ff564b1,SLR_005,SLR Consulting - OCM & M&A,2026-06-15,2026-07-06,Client Project,SOW PENDING SIGNATURE,JMG73,JMD118,610EEECA-22AC-4D30-BA02-AB3055CD2762,BI and Reporting;Data Engineering;Consulting,Core Reporting,1,given,,,2.0
19abea900d1a1dd9051f0ba5b313f616e91204a3a976a9299edecc50f59b9d82,MSG_024,Perwyn - Miss Group - CLV/CAC (NM/SP/CP),2025-03-17,2025-05-16,Client Project,COMPLETE,JMG29,JMD94,2D143C29-D66C-4CD2-BB0D-1800CC18F116,BI and Reporting,Value Creation,1,given,,,1.0
9f636ec77bfa23a9f675b57375d7b379c92f2599aaa56e76ea4b074a9c0b13ff,WDC_016,World Courier - Cencora - TMS Billing Issue Investigation (MB/PG),2024-01-24,2024-02-27,Client Project,COMPLETE,JMG210,JMD173,BA9A80E3-DFA1-45D1-8440-5955274FEA1A,,Other,1,given,,,1.0
e160be9f66de77950d98e37e1dca61f759fb27d7a434ff796f3a2114d08a1614,FBS_002,Data Strategy Development,2022-01-10,2022-03-08,Client Project,COMPLETE,JMG87,JMG87,0B61F9D3-9373-4088-8693-BC33EFDD81EB,,,1,given,,,
c3ce9829b5ef2fe58f7d3db38637db372670780d5c4001bb3202d03af629a697,FMT_007,Baird Capital - Freemarket - Pricing Review Phase 1 & 2,2025-07-21,2025-10-03,Client Project,COMPLETE,JMG302,JMG302,150AB409-24E2-4F6D-A223-F05935E58DA6,Data Engineering;Consulting,Value Creation,1,given,,,2.0
a48e5ad880c04d68ba6ff9dfed6ca66cec92471c5a6dd068c7ae8ac43e198d78,ICG_001,ICG - Project Tarzan - DD Investigation (FS/TWAG),2024-10-27,2024-11-02,Client Project,COMPLETE,JMG114,JMG114,13B50FD6-EDA5-49CC-A891-ABB5FCFA04C4,BI and Reporting,Due Diligence,1,given,,,2.0
c8ba68c31d282a6ce847a294a5d552849d8335b6fc3d8efcc0a45f6935f83b57,CNC_022,Guna Int - Cinch - Mobile App Build Q1 2024 (NJ) (EXT),2024-01-02,2024-03-29,Client Project,COMPLETE,JMD41,JMD96,E6ED099A-E034-473D-A237-92B0C8A6EADF,Software Development and LLMs,Managed Services,1,given,,,4.0
026c96e0c5b6d4c7369e01fdb53f3f957788af63db69ef33db56d1be09a8fa39,ECS_001,Technical Architecture Review,2023-02-20,2023-03-10,Client Project,COMPLETE,JMG52,JMD42,24D10D6E-AEC1-4B92-8D43-1410BFBEC48A,,,1,given,,,1.0
94b8081e19fa595435b4d2764321c85fe7fc4aa999800cae24fbb2ff02b2866c,CNC_010,Cinch,2022-03-01,2022-03-31,Client Project,COMPLETE,JMD160,JMD42,E6ED099A-E034-473D-A237-92B0C8A6EADF,,,1,given,,,4.0
77a665edffd85c20625987391d701551854467465f967acfb6357c76948c921c,IRI_010,Snowball Build & Refresh,2022-08-08,2022-09-08,Client Project,COMPLETE,JMG87,JMG87,C8496A79-EC52-4B84-875C-972B867B5CA6,,,1,given,,,1.0
d5bb34321f07be34e91509578042410a6a623e2bb8ce2fc2fb12071a185c36d4,VNS_001,Livingbridge - Venatus - Data Discovery,2025-03-31,2025-04-23,Client Project,COMPLETE,JMG159,JMD42,13DF1926-7B74-4663-B6CE-ED58C3C875A9,BI and Reporting;Consulting,Data Advisory,1,given,,,2.0
4ee47fe9196464a26b70048e11600592ccfbc14ccdcc9e3c96ed215a8797c288,MCL_008,MyConsole Survey Tool Enhancements,2021-10-11,2021-10-22,Client Project,COMPLETE,JMD160,JML56,637B410A-A9BA-45E3-A0AC-45FE639485EA,,,1,given,,,4.0
e15cdadd7e1fc7506bf94f975da801e3cf0dd88b67fdb791025ada846f8d1a93,MPX_002,Vitruvian - Meriplex - Churn Mitigation,2025-07-14,2026-07-10,Client Project,COMPLETE,JMG107,JMD372,E6C56524-E84B-4208-8CB1-96A5C7E32F67,Consulting;Data Science & ML,Managed Services,1,given,,,3.0
c31e8771a31c3cab702aa9708b984ce96837d0ed9706565bab2d2f3aa1036350,EVL_002,Permira - Evelyn Partners - Phase 2,2025-02-17,2025-03-16,Client Project,COMPLETE,JMG207,JMG207,E4F450EE-F3E0-4CDA-84C8-1C46E238B348,Data Science & ML,Value Creation,1,given,,,1.0
c2e7872599b22f21713ec38710469de24c805445423481f1104c61c064a09764,AZE_004,Operational Insights,2021-02-10,2021-03-31,Client Project,COMPLETE,JMG24,JMG24,6619B410-1D13-498C-8A15-5FBE0E8987D1,,,1,given,,,4.0
9fc896ed5a044869910e1092ac3cec5d3daeffff83bcc7aa144e8f65e58ce9db,FRG_001,Frasers Group - Studio Retail - DTaaS (CD/RB/SI),2023-09-03,2024-04-30,Client Project,COMPLETE,JMD3,JMD81,D94A0075-BF8F-4217-AA78-69F5ACD0FB03,,Core Reporting,1,given,,,1.0
b97674f72dd3b27605abf7c603ef4604b57850455611e715b2628e2893613782,RGS_006,VirtualTeam L&W 2021,2021-01-04,2021-01-29,Client Project,COMPLETE,JMD97,,6C7618D4-6109-4EA4-A227-1B8CEBE1D585,,,1,given,,,
cf039187c71d4b535c0eb2b2cfa775a9baca80e8e608f41c39308cb4699c19d1,JMG_202,JMAN Group - JIN - Budget Calculator Web Application 2024,2024-04-22,2024-07-31,Client Project,COMPLETE,JMD7,JMD157,45AC9AD7-51C9-4C2D-AB89-ADEA174B2771,Software Development and LLMs,Other,1,given,,,
fec42134873dedbd1ae1ba694dbc0ec845d9c323bec4754fb267bc0d26db2d6c,PLC_009,plan.com - Development Support Extension Sep-Oct 25 (JT / SG / KW),2025-09-01,2025-10-31,Client Project,COMPLETE,JMG150,JMD28,7E5DEA6D-06B5-433D-8F6D-5641EDD03CE1,Full Stack Engineering;TechOps and Automation,Core Reporting,1,given,,,1.0
68723309f530b1ceff7d5f4afd74f5f1bd071aae5c9f87ddb7914b287e0a4b76,JMG_264,Product - Exit Application,2025-09-22,2026-12-31,Internal Project,ACTIVE,JMG42,JMD96,45AC9AD7-51C9-4C2D-AB89-ADEA174B2771,,,1,given,,,
5094bc947d1fbe394e3c6147c594940b813c7c52c7935179bdd62f21544a7248,JMG_093,Delivery- Tool automation,2022-05-02,2022-06-10,Internal Project,COMPLETE,JMG22,JMG22,EDB6A9A7-5102-45E7-9BE3-A7F958716C2F,,,1,given,,,
2f851922f7e8e1bd46e5af5ba748552a9f2ca46f54f9e28419d7213ebb2534af,CNC_014,Cinch,2022-07-01,2022-07-31,Client Project,COMPLETE,JMD162,JMD41,E6ED099A-E034-473D-A237-92B0C8A6EADF,,,1,given,,,4.0
51aca627c128a39e7212d76bf5abafc19cc417d6caf0005580233f129089dbf8,JMG_042,Marketing- Drive on social media backlog,2022-03-14,2022-06-10,Internal Project,COMPLETE,JMG15,JMG15,EDB6A9A7-5102-45E7-9BE3-A7F958716C2F,,,1,given,,,
69e3748406ad6904434530939e9c691512680c5e13f0839e0a32c7bf03936a8f,PTZ_009,AKKR - Partnerize - Product AI,2025-07-21,2025-09-14,Client Project,COMPLETE,JMG81,JMD5,6DAE2A80-0E2E-40D9-A19E-0C34F59EDF1D,Gen AI,Value Creation,1,given,,,4.0
26bb753c3a94041d55f5d92d241273bf17e45799ab69dfc250e50085891bd4c1,HGC_026,Project Kings,2021-12-13,2021-12-16,Client Project,COMPLETE,JMG31,JMG31,EE649EF4-C803-4F9C-A7AA-110D5BBB256E,,,1,given,,,1.0
b3011ac8c28039ab00c40f6efd4b5c217e566d9be73c706f735d9de2abffd08d,GFW_002,Genflow Dashboard (FS),2022-04-25,2022-05-24,Client Project,COMPLETE,JMD162,JMD5,C668E14D-B09A-4AFE-A6E2-079AF7187ED9,,,1,given,,,
47bb675805f041ce4e98a44bc52fd925bb3ca851e8883bdc0750a1cd4b703419,FFN_001,August - Family First Nurseries - Exit Support,2026-02-23,2026-03-22,Client Project,COMPLETE,JMG302,JMD93,3C894E32-6419-4DB4-BAB4-23C7B05CCBCB,BI and Reporting;Consulting,Exit Support,1,given,,,1.0
d50da0a88d66c25faee04b2e6ad8ee2f20ed5584c6e0df22771be4d8c471c06d,JMG_008,JIN - IG Support,2019-01-18,2019-05-31,Internal Project,COMPLETE,JMD11,JMD11,EDB6A9A7-5102-45E7-9BE3-A7F958716C2F,,,1,given,,,
7df1710d33ce8fcb5de9003cc51a72e1d7bc9bf2d66ccf3d5c3ef8dee2a3e2da,WHA_002,TPG - WHK - Data Strategy Implementation Phase 1,2025-08-24,2026-01-03,Client Project,COMPLETE,JMG59,JMD217,240EC723-FF20-4267-86C3-3F74B8E898DC,Data Engineering;BI and Reporting;Consulting;Data Science & ML,Core Reporting,1,given,2026-02-06,,4.0
5fbaeb75b6e712e166a290790745f06273b14d6c31c9b7db4f0f3f27147248d8,JMG_193,Data engineering - Technology CoE,2024-01-01,2026-12-31,Internal Project,ACTIVE,JMD383,JMD383,45AC9AD7-51C9-4C2D-AB89-ADEA174B2771,,,1,given,2026-12-31,,
574135a25d9f2c97dd43fb3924bc9215dca5c3d0ebe0e6d919031b17766b455f,JMG_018,Club 60,2019-06-10,2021-12-31,Internal Project,COMPLETE,JMG10,JMG10,EDB6A9A7-5102-45E7-9BE3-A7F958716C2F,,,1,given,,,
facfbdc03096530a8e7750874c0e3b303be8f09e90b7be17ed6b432e0126e62d,PLC_005,Plan.com - Credit Control Application - Legacy to Modernisation,2025-01-05,2025-02-07,Client Project,COMPLETE,JMG150,JMD28,7E5DEA6D-06B5-433D-8F6D-5641EDD03CE1,Full Stack Engineering,Value Creation,1,given,,,1.0
1179f819e1fb67f5db01aed9367a3d19c8533c204b4d82e5ca1c31733f683082,PUR_001,Leonard Green / KKR - PureGym - Assessment,2024-09-30,2024-11-10,Client Project,COMPLETE,JMG51,JMD8,0C31D638-B9FF-494C-AFEE-65BA751B11E8,Data Engineering,Data Advisory,1,given,,,4.0
fb8e05e9fdaab43483039ebbb5b153f7c7d38f81465028ca6266c91525e6b9f8,TVC_003,ICG - Travel Chapter - Tech Review D&D (YS / JP / PG),2026-04-06,2026-05-18,Client Project,COMPLETE,JMG380,JMD81,FD5BC133-1171-4205-A6E3-7DEF79E613FF,Data Engineering,Data Advisory,1,given,2026-06-13,,1.0
cc1d8646645d3c9bcf3da3072e5aa38783c2ecde99b52d5cdfef294a8b4ffa0d,PNH_002,Kartesia - PlanetHome - Management KPI Reporting Phase2,2024-07-26,2024-10-04,Client Project,COMPLETE,JMG217,JMD257,41547C3F-28A6-4E22-8EBD-A014D1DA28E5,Data Engineering;Analytical Engineering,Core Reporting,1,given,,,1.0
219df4c2a07310e168595f453d2cf7ba3754b5c5f7a589e74d9d6bf4c39c894a,LSE_003,Org Analytics,2022-08-08,2022-09-02,Client Project,COMPLETE,JML-013,JML-013,31522699-7FAB-45EC-A1E9-0FFD76C2243F,,,1,given,,,2.0
31a1e9e9f58399137fbaf0409c65b38fe28ecf3624e26db2cfd124c1fb9e628f,HHH_002,Livingbridge - Helping Hands - Live-In Churn Prediction (RB/MC/CD),2023-12-04,2023-12-15,Client Project,COMPLETE,JMG79,JMD149,A01DFC68-2FB6-4464-A2B9-1A7748A29E01,,Value Creation,1,given,,,2.0
c8d1e776a69217f8591ca5a0ea871d7cf1f4d5bf0e36d32042b95af1d9b009f4,SVA_004,Synova - Gen AI Company Categorisation,2023-07-31,2023-08-18,Client Project,COMPLETE,JMD41,JMD41,C41A61F0-82A6-4B65-B983-541748FD2482,,,1,given,,,2.0
580ab656c14be160783cf6f280878e1fd8d84d26e0314b842dfdb56224823afc,TPW_005,Building Blocks  - Revamp (KO/SG),2023-03-27,2023-07-07,Client Project,COMPLETE,JMD28,JMD28,A8F9E870-AF46-4251-AA4B-3828ECD5224C,,,1,given,,,1.0
bcd5e9ea25265e09c3e9e797d73d3df47637ca5a91d591f79fe564bc80636cd9,CAS_007,Hg Capital - Caseware - Managed Service,2025-05-26,2026-05-31,Managed Services,COMPLETE,JMG217,JMD226,E72F7D91-5FA6-49BC-B840-F213738107A8,BI and Reporting,Managed Services,1,given,2026-07-03,,1.0
5c78faf34de2f67649b4979fc0bed33569db95d3f6233a18a2ad391a43987106,CON_001,Apiary - Connect - Exit Preparation (MS/TW/VK),2024-01-10,2024-04-19,Client Project,COMPLETE,JMG220,JMD91,5D03EEE7-A5D1-445F-8F65-18278E71D104,,Core Reporting,1,given,,,2.0
75442200dae95a9f7a766eeb5025639eb8f1e564388fbee1b0689cbf4bcd768b,UTS_001,3 M,2019-09-23,2019-10-27,Client Project,COMPLETE,JMD74,,0F7452C0-86BA-4E9E-A4F3-A5DACCC94D89,,,1,given,,,
6cb62600824fa445b21aaddbce5023dae859a6bc1fb334f64a4bb8f4b6ad03c7,NMI_002,Levine Leichtman - NMi - Managed Service Support (SS / MR),2024-06-20,2024-07-18,Managed Services,COMPLETE,JMG90,JMD144,C85903E6-6748-44B5-95CF-FCC5AD71A1AE,Analytical Engineering,Managed Services,1,given,,,4.0
344b144fa014c9d73c9fd2216878ecc7bc36136de1c457cd0cd906f048aad656,PLC_007,plan.com - Systems & Process Monitoring & Enhancement (JT / SG / KW / JB),2025-03-24,2025-08-31,Client Project,COMPLETE,JMG29,JMD257,7E5DEA6D-06B5-433D-8F6D-5641EDD03CE1,TechOps and Automation,Value Creation,1,given,,,1.0
614d620f4add053d0432af53ca4d8d9267691bd494c30e56ed6d80307e0493ff,MFN_002,Searchlight - Mainstream Fiber Networks - Challenge Process Defense,2024-04-01,2024-04-19,Client Project,COMPLETE,JMG72,JMD8,ABB3C6C7-B635-4BF3-A39E-844073FC404F,Cloud Services and MLOps,Other,1,given,,,3.0
5798e7aedc48bb19b5d08b67c239f84708174f5a89e6809fc560ca1ec67c02ae,IEF_001,Survey Dashboard Proof of Concept,2022-02-01,2022-02-08,Client Project,COMPLETE,JMG91,JMG91,C75F52D0-B9E7-4764-A1FD-F49B4F909E4B,,,1,given,,,
0f2eaaf4c9fde1b82f27499b755323099113380d630c6df6f553fbe21451770a,PXE_001,Baird GIB - Venus - Cube Creation (TW/VK),2025-08-20,2025-09-05,Client Project,COMPLETE,JMG49,JMD20,DF034721-8A11-4052-8AB8-4CCF77464A91,BI and Reporting,Exit Support,1,given,,,4.0
b3f43256af4cf20474c81927db63e0846e3967a890e1966612e3a5438c5952e3,JMG_079,Marketing- More effective monitoring of marketing performance,2022-05-02,2022-06-10,Internal Project,COMPLETE,JMG15,JMD98,EDB6A9A7-5102-45E7-9BE3-A7F958716C2F,,,1,given,,,
599fa287bfd17e9666cd64c0869f06c098680694c2c2bb57e368c8b5a8a6d5f3,HGC_032,Project Vibranium,2022-03-10,2022-03-18,Client Project,COMPLETE,JMG53,JML-024,EE649EF4-C803-4F9C-A7AA-110D5BBB256E,,,1,given,,,1.0
4a63ede9bb73a23248b272c634c6cdf4c73bc1011aed4e6f256864b9428d8a69,TRW_001,Data consolidation,2023-03-06,2023-03-24,Client Project,COMPLETE,JMG79,JMD77,124F9DB4-4CDE-446B-8536-22CAEAB89FAD,,,1,given,,,2.0
e9ad7570f1c387d68c16ce92cd6de2392ac2349d0a18022c004d7e548d93592c,GET_001,GTN_Getronics Restructure Reporting & OD,2019-02-01,2019-02-28,Client Project,COMPLETE,JML-005,JML-005,FE147121-9446-4FD9-B905-0EB291701893,,,1,given,,,
d6272eb79a1fa3a36a0ca5b63038f8891808405de8c21a47c8588f9d38bf2769,SIS_005,Nordic Capital - Surgical Information Systems - Cockpit Maintenance,2025-03-03,2025-04-25,Client Project,COMPLETE,JMG217,JMD42,F6FB1F9C-8FCE-45BC-A908-E4C6DE7D160B,BI and Reporting,Core Reporting,1,given,,,1.0
7c4addb234e0f77c9e0290f3c74bfc2cd84099458d19cb50ad4c62fb9e113513,CAC_002,Constellation Academy - Cube & Dashboard Refresh,2025-05-06,2025-06-02,Client Project,COMPLETE,JMG188,JMD12,EEE40AF3-2E01-48A4-8C08-585FDF245EA3,Data Engineering;BI and Reporting,Exit Support,1,given,,,1.0
9864e9514f74704d0a363997796d9917f72e9f058a62a1c9e680e923060a8bcd,JMG_004,J-Labs SenTwily,2019-01-01,2019-12-31,Internal Project,COMPLETE,JMD3,JMD3,EDB6A9A7-5102-45E7-9BE3-A7F958716C2F,,,1,given,,,
fb29dd2d9b785a0ae90796469d9877b8e05565acf142aadb0652356f7dc1f297,IMA_003,Phase 2 KPI Reporting,2021-12-01,2021-12-31,Client Project,COMPLETE,JML-013,JML-013,6094CAB1-A9AE-4B8D-9A6A-C2E0B73FAF16,,,1,given,,,1.0
e872576892d35cbb9f52f816adaafe3b744a5dec97414e2635cec8ea0a294352,JMG_218,Product - InfraEra,2024-08-01,2025-12-31,Internal Project,COMPLETE,JMD156,JMD275,45AC9AD7-51C9-4C2D-AB89-ADEA174B2771,,,1,given,,,
98ef0a54cf4c9bd725f43fe56d151e3c82a95a080a25e48cd40bbb7bc23d74c5,RLD_006,FA - RLDatix - ARR Bridge Maintenance (MS/CF),2023-06-01,2024-03-21,Client Project,COMPLETE,JMD162,JMD136,6FA65EF2-FAFC-432E-ADF3-4E4090AE887D,,Managed Services,1,given,,,1.0
f24da8714f1ab2549a036ec7da0c6338ecfbbdd0ed1e6b67a757d3e1278a9096,JMG_142,Proactive mental health model,2022-09-12,2022-12-02,Internal Project,COMPLETE,JMG15,JMG137,EDB6A9A7-5102-45E7-9BE3-A7F958716C2F,,,1,given,,,
2afdf4ee069fb56e3e3caeb264ebd0145cd9463aa68388731622c067988524b6,VNS_002,Livingbirdge - Venatus - Data Platform Build,2025-06-02,2025-09-05,Client Project,CLOSED,JMG159,JMD42,13DF1926-7B74-4663-B6CE-ED58C3C875A9,BI and Reporting;Data Engineering,Core Reporting,1,given,,,2.0
94e6e1b40c44403fb0f3e68fb62eca061377d2a7e8f06c49dbb3e44f1904e7ef,PLN_002,Advent - Planet - Tactical Data Squad Extension 5 (SS / MR / NG),2024-04-02,2024-07-31,Client Project,COMPLETE,JMG90,JMD84,1694ED55-9658-40E4-8ED3-6D94DA4A7558,Analytical Engineering;QA;Data Governance,Core Reporting,1,given,,,2.0
cae373d1adee6c159e2b430d039bf6f5ac2982f8f2fe7684f55eac513293afe2,IMG_002,IG001_IG Development,2019-02-01,2019-02-28,Client Project,COMPLETE,JML-005,JML-005,C7BF9AF1-90A7-4606-A6D8-E63E4365D5B7,,,1,given,,,
052f50d3aabf59d46b6274ba65a630927b8dd2f274a6f3af1d245c32069547c7,PMR_013,Permira - Treasurer DD,2024-05-23,2024-06-14,Client Project,COMPLETE,JMG22,JMD173,5DE4495A-84E3-4D46-83C4-6CA90A048F32,,Other,1,given,,,3.0
590dbcf5e72e640eaa7a4bee0eb2bbdd1bbaed7174ae0f2dec18bce7b93e4fe6,ECS_005,Ecosurety - Compliance Platform Data Store [MB/YS],2023-08-14,2023-09-16,Client Project,COMPLETE,JMD42,JMD42,24D10D6E-AEC1-4B92-8D43-1410BFBEC48A,,Core Reporting,1,given,,,1.0
d26f0d52d1f3597184e39fc282b5fb08fe5a8ab1aa29c036ec6e0e2962d0e0de,VPS_002,Houlihan Lokey - Project Far - Exit Cube Phase 2 (TC/CF/EA/OMC),2024-06-10,2024-06-28,Client Project,COMPLETE,JMG79,JMD41,4DDC6D71-D260-4489-9659-30FB4A52DBAA,Analytical Engineering,Exit Support,1,given,,,2.0
ce1e1f5535bac0e3bef9b8e01e56f4512b8444dece8bc3a79cb67085b6aae411,PMR_006,Permira - Synamedia - Gen AI Survey Analysis,2023-07-31,2023-08-03,Client Project,COMPLETE,JMG59,JMG59,5DE4495A-84E3-4D46-83C4-6CA90A048F32,,Due Diligence,1,given,,,3.0
b7a4d6cbb4c761e4945afe5736927a0455640aa976bef2dc3052b5fff15da71d,BHA_001,Levine Leichtman - BigHand - Exit prep phase 1 (JT / JCG / YS),2024-08-27,2024-09-17,Client Project,COMPLETE,JMG313,JMD152,FF08C614-4E63-4636-AA0E-74850B9AEF8A,,Exit Support,1,given,,,4.0
a1bab074bd5b35150dcf46d066d2ef132c1dc0f7f3e651d47a540f06c53b9b59,CLN_035,Triton - Clinigen - MDM Additional Tester,2023-11-08,2023-12-15,Client Project,COMPLETE,JMD16,JMD16,CBE4E752-7D89-485F-8768-BE5DBF9C1F6C,,Core Reporting,1,given,,,4.0
44b900c6cb91946f8df135355d5c469dcf19bb5996d2446b7b1db4c1ed6df24c,LBR_002,ICG - Law Business Research - Data Diagnostic (FS/EA),2025-09-08,2025-10-17,Client Project,COMPLETE,JMG79,JMD376,74F92EC5-5DDC-4E7D-B31A-0F0902B4A62F,Consulting,Data Advisory,1,given,,,2.0
17bde219a89f150c45dd5cd254d1f751208c938f00ddbfbf986a427028e3e381,BAU_028,Learning & Development ,2019-02-01,2028-12-31,BAU Activity,ACTIVE,JMD433,JMD433,EDB6A9A7-5102-45E7-9BE3-A7F958716C2F,,,1,given,,,
410740675bd108575a68e87edd2e162bdb57b4c900877b4771e675af73527dba,JMG_145,Project pulse - sales MI tool & adoption of playbook,2022-09-12,2022-12-23,Internal Project,COMPLETE,JMG24,JMD118,EDB6A9A7-5102-45E7-9BE3-A7F958716C2F,,,1,given,,,
e9e148034adecbde9179733d634def7afc4b33294d8da1e4576c72a495ed62d8,BSN_001,Oakley Cap - Bright Stars - Exit Support,2025-05-12,2025-07-20,Client Project,COMPLETE,JMG98,JMD149,0BE83240-6C85-4495-B3B4-1907CCE459DC,Consulting;BI and Reporting;Data Engineering,Exit Support,1,given,,,1.0
9a136bc23bbdeb050c57c5f07ebff8762694c5a18600c142c3ce830ed802148e,FIR_010,Guna Int - FireTree -Maintenance Extension 2023 Q2 ,2023-04-10,2023-06-30,Client Project,COMPLETE,JMD28,JMD96,A13DC602-1FC1-4D39-B2AF-D0F1E4D8767C,,,1,given,,,2.0
16e051246d7b66785dc9541d1f6fef19db11cddc34efd66167dc4b52e7214725,IWW_003,BBC Talent Analytics,2022-04-17,2022-05-31,Client Project,COMPLETE,JMG52,JMG52,B1FA27FE-0082-4C23-AAB9-FF0D8639D869,,,1,given,,,
53e8a366319a9800fcadc1256a2c400be484e960df922fadd1f236245387c458,STT_006,Horizon - Strat7 - Exit Datacube Update and Exit Support,2024-04-15,2024-09-01,Client Project,COMPLETE,JMG129,JMG210,A7EFCD95-5542-420F-A161-2025F1955333,,Exit Support,1,given,,,4.0
6e1bdb6273da004cb269fad8f9ca11a8581daf676f08c556104f9d879545be91,RCL_001,Rights Colab - ESG NLP PoC Implementation,2024-12-17,2025-02-14,Client Project,COMPLETE,JMD94,JMD372,31DE104F-FDFB-442B-B7E2-99688F8DFAA5,Data Science & ML,Value Creation,1,given,,,1.0
05cf72930d1698c21cffa2b67c503472620cfc1bcc285d7cdc87698684ff1366,MSG_003,Customer Data Warehouse Build,2021-11-15,2022-03-14,Client Project,COMPLETE,JMG44,JMD20,2D143C29-D66C-4CD2-BB0D-1800CC18F116,,,1,given,,,1.0
40c6af338bd1f32a31087013e03052182af7540de3b74fef04da7586e1c231f9,CLN_029,Triton - Clinigen - MDM Implementation - Extension,2023-06-01,2023-09-15,Client Project,COMPLETE,JMG105,JMG105,CBE4E752-7D89-485F-8768-BE5DBF9C1F6C,,,1,given,,,4.0
3dd4de8bca1a89db0d82e66f20b1443c52a87dcb4be79ce68a6103af6e72477f,PEC_010,Platinum - Peli BioThermal - Salesforce and SAP Account Process,2026-07-27,2026-08-31,Client Project,SOW PENDING SIGNATURE,JMG321,JMD383,2AD82EA3-8E7E-47BE-B693-EA64752F9440,Consulting,Data Advisory,1,given,,,2.0
4aaf5f96e3e15a86be066ad1efa7c35f212525187852d8e060456718021cc4d9,ALM_011,Apax - Alcumus - Transcripts & Churn Phase 5,2026-01-12,2026-03-09,Client Project,COMPLETE,JMG117,JMD112,7F3D6169-7593-427C-AEB3-F0F6C253DA67,NOT_MAPPED,Value Creation,1,given,,,2.0
d62bd120846864878b58b7944654fb0b450464138e2799e4ea44f459e0f7aa20,JGL_170,Baird - JMAN Group - Proposition Pillar (RB / SS / MJ),2024-02-12,2024-12-27,Client Project,COMPLETE,JMG64,JMD256,EDB6A9A7-5102-45E7-9BE3-A7F958716C2F,Data Engineering;Analytical Engineering,Data and Reporting,1,given,,,
353eac1f65c05551dbeeb125b1ec97cb4ae11387f0b07fa6519afaf634b88f8e,SOG_002,CVC - Sogelink - GTM reporting,2025-01-27,2025-03-28,Client Project,COMPLETE,JMG220,JMD77,75549145-4D03-4167-AB55-141DB79CEB19,BI and Reporting;Consulting,Core Reporting,1,given,,,2.0
231579105bd0c96a0ad4cac3a8e5ad6edd584e07142981326222e6ead7e99d53,JMG_183,JMAN-Leakage Report Build,2023-12-18,2024-02-29,Client Project,COMPLETE,JMG142,JMD3,45AC9AD7-51C9-4C2D-AB89-ADEA174B2771,,Other,1,given,,,
3624d7b45ce473a47bf6c4b9f769d5c3f762915ee5fad395b473f55cfab19f7d,ACU_001,Permira - Acuity - BI Reporting (MC/MS/TP),2023-10-30,2023-12-01,Client Project,COMPLETE,JMG59,JMD141,49797433-5344-45D7-8831-983A56B88995,,,1,given,,,1.0
4f1e8b5b295b5bef76e8bbd61ce7f99bcb84f65e5388c09d23f6eba2dd0d46b2,TXS_001,Bowmark - Tax Systems - Cloud Migration Cost Analysis (CD/PG),2023-04-24,2023-05-19,Client Project,COMPLETE,JMG31,JMG31,9EB463C2-CB71-43E4-8AF7-B11708B6F203,,,1,given,,,1.0
b5b5c5f4b6b623f82afef6900a1006e1e1573a3fabc0822638f6d39f6d615108,OVE_005,Bain Capital - OverIT - restart of ERP reporting project,2023-05-15,2023-06-09,Client Project,COMPLETE,JMD20,JMD20,65B2BCEF-3902-47B3-A936-9A7F03852410,,,1,given,,,1.0
8b95eae8b104c1fe6884f29452127baf47220d611f600b023192a6a38044b197,JMG_046,Sales- Supporting the PE partnerships push,2022-03-14,2022-04-22,Internal Project,COMPLETE,JMG42,JMG42,EDB6A9A7-5102-45E7-9BE3-A7F958716C2F,,,1,given,,,
37937d329a61d751918df2a259a217828f627d7e0d8b790a3d02170e6fdd62a7,MSQ_005,23MSQ - Platform Phase 2,2026-08-24,2026-09-28,Client Project,DEAL WON,JMG122,JMD12,3E738CE2-9FB1-42B0-929E-C1B9ED0BE76A,Full Stack Engineering,Value Creation,1,given,,,2.0
19f2c71393b5904e4d918de75f437645db7e71734caa111857f1b6240b0c4a72,SYK_001,Vitruvian - Sykes - Churn Prediction (MS/FH/AW),2023-06-28,2023-11-05,Client Project,COMPLETE,JMG31,JMG81,2BDFDB84-3255-4F3B-A5A5-8E741CB618D4,,Value Creation,1,given,,,1.0
1cc22c9c8d6703ad84735a81eb3d878890445b5431251ae5ac0797b3c76d3995,PUR_002,Leonard Green / KKR - PureGym - Membership Reporting & Platform MVP (Phase 1),2025-03-10,2025-11-28,Client Project,COMPLETE,JMG87,JMD3,0C31D638-B9FF-494C-AFEE-65BA751B11E8,Data Engineering,Core Reporting,1,given,2026-06-19,,1.0
d003f0efc8da03325f59dcf892bb762f0d6f1c6126468c7076c44ff0df8e0f3a,BMF_002,Horizon - Boston MFO - Initial CRB Build (CD/PG/RR),2023-12-11,2024-01-16,Client Project,COMPLETE,JMG44,JMD8,536ACFE9-3147-48A9-A060-BD58E7F88981,,Core Reporting,1,given,,,4.0
8a4d67b20aa6877eab03b311e7ce03872d597bd527606d2f950c43ac03701ee3,ESP_002,Espria - Managed Service,2025-06-16,2026-03-31,Managed Services,COMPLETE,JMG159,JMD189,EA81D7E6-B8EC-4B11-B577-7994C685248B,BI and Reporting,Managed Services,1,given,,,2.0
faf938c50c3c87ec96b234753e81418bfcd729b7c15f6380aa9330a597712e81,WHA_007,TPG - WHK - Data Engineering Secondment,2026-04-13,2026-09-28,Managed Services,ACTIVE,JMG128,JMD205,240EC723-FF20-4267-86C3-3F74B8E898DC,Data Engineering,Managed Service,1,given,,,4.0
d9db2703200e292bdf5dbee527b1cc4c88e581e591ff81d6dcbccd127f40b96e,HEC_001,Novum - Hecht Contactlinsen - Consolidated Financial Reporting,2025-02-17,2025-03-17,Client Project,COMPLETE,JMG217,JMG217,42102E3D-F9A5-4A59-B22A-B33095D7DB9F,BI and Reporting,Core Reporting,1,given,,,1.0
7bee80a441172b6e0cdb405b3b8fc35061dd5fe9760d6c2bf4e71d1377861a7f,PTZ_013,AKKR - Partnerize - Finance Data Cube Additional Resource (COC / AW ),2025-11-10,2025-12-01,Client Project,COMPLETE,JMG134,JMU020,6DAE2A80-0E2E-40D9-A19E-0C34F59EDF1D,BI and Reporting,Core Reporting,1,given,,,4.0
da6206fa5553bc5254d7e742701899e465c79d5b3d6a79e453b94bb5496e967f,TRG_004,TRG Restaurant Rating,2019-02-13,2019-04-05,Client Project,COMPLETE,JMD3,JMD3,329D4B6F-73A3-47C1-9458-913505CBCBD2,,,1,given,,,
29d06a2b6e71d6f728976f0e0454c1abd05fe66bf5f85e5f65472fe118933ac1,CHV_012,Triton - Chevron TM - Contract Costing 2026,2026-06-15,2026-08-24,Client Project,DEAL WON,JMG77,JMD265,783F433D-70FA-417F-AA42-8D5833AED390,BI and Reporting,Core Reporting,1,given,,,5.0
81e5f90018c83355ede30c5da3d6a7981a21e812b6f6fa515b51a0f066e4c7b0,BRH_003,Hg Capital - Bright - ARR revamp (EXT) (TB),2024-02-26,2024-03-29,Client Project,COMPLETE,JMG69,JMD41,19F9264F-BD3C-4720-A8B3-BBEF13E4AC63,,Snowball Reporting,1,given,,,1.0
7f659ce2a7b3a93f135edb63f73b43b2382c243308a32e63753f4f7d18bbf450,ECS_004,Ecosurety Maintenance Support - MS (MB/YS),2023-06-04,2025-02-28,Managed Services,COMPLETE,JMD41,JMD258,24D10D6E-AEC1-4B92-8D43-1410BFBEC48A,,Managed Services,1,given,,,1.0
b7dc8748f04280c0518aeec768e42e391d487fe1bc304bbb275f883b5f745019,BAU_006,Leave,2022-09-05,2030-12-31,BAU Activity,ACTIVE,JMG171,JMG171,EDB6A9A7-5102-45E7-9BE3-A7F958716C2F,,,1,given,,,
75ac5a2fe8b15da7bc638e8ecfb13ca45903e810953e61364c4396dc91400859,JMG_227,Pricing CoE - Demo Build - Pricing Index,2024-09-11,2024-10-04,Internal Project,COMPLETE,JMG217,JMG188,45AC9AD7-51C9-4C2D-AB89-ADEA174B2771,,,1,given,,,
049078caec22d345d786bc0c41d65a7b45746a17385a50e012baa863c12ce8ce,JMG_269,DE COE Management,2026-04-20,2026-07-30,Internal Project,COMPLETE,JMD383,JMD383,73FABDED-C184-4BEE-8D2F-E357F5145446,,,1,given,,,
2918fcd9abfb380c3083a3ae9c835e28e860b718bc8925cb08ef07ae80c75864,UPR_011,upReach - Website Support (ZF/AP/PG),2024-10-21,2025-05-25,Client Project,COMPLETE,JMG77,JMD56,34DF2ADE-5CD1-46CD-8387-6B2C0F3FEBA5,Data Science & ML,Core Reporting,1,given,,,1.0
2876feb39c5c3fb0bd76b90d4fe6e3f4d5b980dea12a43dd148d679e3a3276f3,JMG_162,Our Proposition,2023-01-16,2023-12-31,Internal Project,COMPLETE,JMG31,JMD162,3A4B9733-496E-4579-9FCB-892E2A96B228,,,1,given,,,
eb25b8cb6b4f1af0abc18278be46d93dc8d76370d51f67bcaac87161a4c7a5b1,VRF_003,Apax - Veriforce - Highwire Wind Down Period,2026-07-22,2026-09-02,Client Project,DEAL WON,JMG335,JMD112,3DEF32B2-B27F-4D9E-A013-7F35FB1F0D1F,BI and Reporting;Data Engineering,Core Reporting,1,given,2026-09-11,,2.0
6f90902436acbcce782cbbb716aadceaa861c6f951f1684962519fab48292086,RDL_001,Freshstream - Radley - Reporting & Data Advisory,2025-04-07,2025-05-04,Client Project,DEAL LOST,JMG212,JMG188,AA3843B2-1F5A-4FD5-A53B-B728D421475C,BI and Reporting,Data Advisory,1,given,,,
b0b5ea5b3d87049ab3b4634bd0053f13d9ad19f83a41a9bd2380083ec7c4bfa1,GLS_021,Levine Leichtman - GLAS - Platform Review & Improvements,2026-06-01,2026-08-03,Client Project,DEAL WON,JMG64,JMD140,16BA707B-C0A5-43B3-8F7F-4D0E13213915,Data Engineering,Core Reporting,1,given,2026-08-21,,4.0
eb9ce6986f4cf56f8d0c27554ab6b4183e901d46a52321c02af25b9315cf7a77,GLS_019,Levine Leichtman - GLAS - Finance Tool,2026-03-16,2026-05-11,Client Project,DEAL LOST,JMD158,JMG156,16BA707B-C0A5-43B3-8F7F-4D0E13213915,BI and Reporting,Core Reporting,1,given,,,4.0
559407a2f8d55826e1313679c9bbcc2a789134c86981b0e40083515346c4b859,ONT_001,Demand Forecasting,2021-08-02,2021-10-19,Client Project,COMPLETE,JMG22,JMG22,D7FE84F2-515B-4601-BBF0-127E7FBB0EDA,,,1,given,,,2.0
4beda87be1a58483783ec3c75d9a376e8f7053c4b625f911d1e3e6cd291f45f2,IGN_002,Volunteer lifecycle dashboard,2022-12-05,2022-12-23,Client Project,COMPLETE,JMG72,JMG72,2627D3C4-43D0-4A0F-80ED-37472149D96A,,,1,given,,,1.0
f99c410d57d20e319f5fecaa4646e6275d8b9c88fa220edbad65c856aa1f7452,WOW_001,Universal Partners - Workwell - Exit Support Introduction (TW/FH/EF/MR/AkB),2024-07-28,2024-11-14,Client Project,COMPLETE,JMG79,JMD179,D9D90AD9-C28D-4A34-B57B-5F3906C1D02A,,Exit Support,1,given,,,2.0
6d426233b64270601605f0076051225046441d5d8fc94ecea102813f99c35f7d,PSC_027,2020 Jersey Education Spending Review,2019-11-04,2020-01-31,Client Project,COMPLETE,JMG23,JMG23,88B6B8E6-EF36-4337-80D6-8986EB36FAC7,,,1,given,,,2.0
8388df0ac0885e22034b26b8610864d8d5df13ce6be4b9e526818b08cd3a7c50,VPS_001,PAI - Project Far - LLM Customer Verticals (DN/CF/TC),2024-05-01,2024-05-15,Client Project,COMPLETE,JMG44,JMD5,4DDC6D71-D260-4489-9659-30FB4A52DBAA,Software Development and LLMs,Exit Support,1,given,,,2.0
c146a61f5af98bcd8f99e8a60dd551178e5572e2e3c3ce8c1170e7ef652e084e,JMG_023,CDM: Mobile Solutions,2020-01-01,2020-12-31,Internal Project,COMPLETE,JMD5,JMD5,EDB6A9A7-5102-45E7-9BE3-A7F958716C2F,,,1,given,,,
096ebb34e544e9e48742b633bfa301b3cd49b860d0efef60729f03e7f1688fe0,BKM_002,Bookmark PBI,2020-04-20,2020-05-22,Client Project,COMPLETE,JMD97,JMD97,E07682C0-7187-4EC7-A4B4-2590F0F0032D,,,1,given,,,
eb64d98b90a5916a4e4d96e5dbde9932781e67992d95d793e674644373da081a,WHA_004,TPG - WHK - Managed Service,2026-02-02,2026-08-31,Managed Services,COMPLETE,JMG128,JMD291,240EC723-FF20-4267-86C3-3F74B8E898DC,Data Engineering;BI and Reporting;Gen AI,Managed Service,1,given,,,4.0
3d4c741cc0159f426f8bfbb95a1fdf7eb2af009e75b8b21238e9e85e558ccf10,OMI_001,"Platinum Equity - Owens Minor - Data, Tech & AI Assessment",2026-06-22,2026-08-10,Client Project,DEAL WON,JMG77,JMD12,A1775881-DE82-427D-A09C-7138DDC95F31,Consulting,Data Advisory,1,given,,,4.0
63d3f6ab2d950a4c44587a6a697bab1e4a4d7d0e0f93191581b7d6aeb24fda72,HGC_002,Project Athena,2019-11-13,2019-12-22,Client Project,COMPLETE,JML-005,JML-005,EE649EF4-C803-4F9C-A7AA-110D5BBB256E,,,1,given,,,1.0
bdfa12ed1929579faa46807ea8bfd57ad3178a8984eb4bc032faaa5e0d811f60,HGC_050,Hedging Business DD Support,2023-06-05,2023-06-08,Client Project,COMPLETE,JMG44,JMG44,EE649EF4-C803-4F9C-A7AA-110D5BBB256E,,,1,given,,,1.0
d7f7a7d7e0d68c280fcb801efe69aa48faa82e13028b1799aea4ce58a1cd28ca,COA_001,Project Gemini,2019-06-24,2019-07-31,Client Project,COMPLETE,JMG42,,075330AD-B91E-4D3F-8684-24F38121E51A,,,1,given,,,
33ca23b6f48fdabde188a3bfd27e180cb54d69aad1783700cd8e357795121426,WIT_015,ICG - With Intelligence - Additional Secondee  (EF/TW),2024-03-25,2024-08-30,Client Project,COMPLETE,JMG107,JMG141,BD5939CE-0970-4DB4-98B7-BF77E8588207,,Exit Support,1,given,,,2.0
d3d33a355a87dc17dc2def809d5cbad928d6755559fc8fd0d5236f8161b98493,SEG_008,BI Tool Procurement Process,2019-10-28,2019-11-29,Client Project,COMPLETE,JMG10,JMG10,2A8783B2-5AE0-4378-B753-DA2CAA7DCE88,,,1,given,,,
3d3b5dc0b0e3f4e497562d8dcf0fef508860cbdf68d4e86ff38f1ded386fd378,HGC_062,Hg - GTreasury - Foundational Reporting Support (JT/NM/NJ),2023-11-13,2023-12-22,Client Project,COMPLETE,JMG66,JMG66,EE649EF4-C803-4F9C-A7AA-110D5BBB256E,,Core Reporting,1,given,,,1.0
5c401571b9fb2ec4edd2f2d7e08423bc3b190f58da6176f46950fa46694d0e29,WIT_017,ICG - With Intelligence - Data Mapping and CRM Migration  Phase 1 (JT/EF/OMC),2024-04-29,2024-05-27,Client Project,COMPLETE,JMG218,JMD116,BD5939CE-0970-4DB4-98B7-BF77E8588207,,Exit Support,1,given,,,2.0
77d35ee78d92c0073547727045fac544b77a04cf31179dedef664a8986764720,PEC_007,Platinum Equity - Peli BioThermal - TCO Model Build,2026-06-29,2026-08-03,Client Project,ACTIVE,JMG122,JMG122,2AD82EA3-8E7E-47BE-B693-EA64752F9440,Consulting,Core Reporting,1,given,2026-08-21,,5.0
9b147750a70a358e31f4914f996325ebe28368d556b705f64c0f7add61477cdb,SGP_003,EMT gateline reporting,2019-02-21,2019-02-25,Client Project,COMPLETE,JMG29,JMG29,E4B44870-37A3-481D-8E7D-EF12AA7BE46B,,,1,given,,,
277f090ed1fd405a0e57b84d56fb79a9c5b9f4f123ad9d5eb9f3017653ad395b,SLC_002,Customer Mapping,2021-04-26,2021-05-21,Client Project,COMPLETE,JMG22,JMD3,FD167415-3377-4EC5-A564-654340D84674,,,1,given,,,3.0
5fd965a08f1406f17a7486c2dc1933a0cc15ebf5a4baf162e161cd091d51031b,HGS_001,August - Higgs -  Data Strategy (JT/PG/DM/YS),2026-06-15,2026-07-27,Client Project,DEAL WON,JMG380,JMD218,4C018C31-535B-4D8F-ACF2-68B18D291597,Consulting;BI and Reporting;Data Engineering,Data Advisory,1,given,2026-08-02,,1.0
340cb19d65a331b2b7bdf8bbc406edcfc9d31f8960fcc5af91ebf3dd9cd73733,EMR_001,PM Support,2020-11-30,2021-02-28,Client Project,COMPLETE,JMG29,JMG29,779D3B47-C222-440E-A074-69EECF7EC480,,,1,given,,,
85058bdf4f8e07cb8faaa2811daddaa57af1d53b6a11bcf627a98405efeb264e,NLC_001,Equistone - Nylacast - Exit Support (JT/EF),2023-12-14,2024-01-26,Client Project,COMPLETE,JMG207,JMD151,350F88DF-329B-48F5-BB55-D23F1A7802DD,,Exit Support,1,given,,,1.0
1f5049bcf6ad9ec947863be414e15b109bea2cb8ff5f1ff43b9ef2ead66d4afe,IIR_003,ECI Partners - Insurance Insider - BrightSpot ingestion,2026-04-06,2026-04-27,Managed Services,DEAL WON,JMG391,JMD212,DFA585B8-A0D4-4641-BA49-67FDE87AE947,Data Engineering,Managed Service,1,given,2026-05-31,,1.0
889b08ae52ce1c3be7d3e587de26adc9b65e18654131912e1f4f4351a81850ed,TZG_001,Tenzing - DD Support,2024-06-03,2024-06-05,Client Project,COMPLETE,JMG161,JMG161,D6EE1F87-C7CC-4249-9DA8-C9EC5FF4BBB0,,Due Diligence,1,given,,,2.0
43052778670702525e761535a4b48bb7cd217ba27891cd66f15e5436ec3ad5bc,SHG_002,Apiary - Shaw Gibbs - Customer and Operations Cube and Tool Build,2025-02-17,2025-05-25,Client Project,COMPLETE,JMG64,JMG85,B7987B36-84C0-42F5-BE32-E79567278582,BI and Reporting;Data Engineering,Exit Support,1,given,,,4.0
efa9d1090d9a4914f7d334a9ac0844614eeed4a6e4e162b25d420744335994ca,CTG_004,CBPE - Centralis - KYC migration & reporting (ND / FS),2024-03-25,2024-05-03,Client Project,COMPLETE,JMG117,JMD94,2F4EDD73-07BF-402F-8944-2316A7D9A444,Analytical Engineering,Core Reporting,1,given,,,2.0
b0d5bd72bf6ecaf6880122d4b87a7e2392f6edca7d1fc110ed9e1f692dfe7aaa,URB_001,QA Automation POC,2022-09-19,2022-09-23,Client Project,COMPLETE,JMD3,JMD16,537AE83E-2265-47B9-80F8-98900B13B716,,,1,given,,,2.0
3f3a8e045f4325b78fa5d7e6de8d954fb9672c64586e81da42b079e48758ab2d,FGS_005,Estancia - Flagstone - Data Engineering [EXT] (AP/SI/JT),2025-07-01,2025-09-26,Client Project,COMPLETE,JMD181,JMD265,4EB019A8-44FA-46AE-8158-0B6233F0D292,Data Engineering,Core Reporting,1,given,,,1.0
ffa84a64425ed9db4e039ec5385c8e1adff90955be573e69961122fa0616e8d7,ENH_001,CGE Partners - Enhesa - SCV Data Platform (CD & SI),2023-07-03,2024-02-23,Client Project,COMPLETE,JMG122,JMD8,536610FF-8102-4F7D-B7AC-17C12A856FFE,,,1,given,,,1.0
ba80618b530a15e2c10d0dcc01dd91ff157a6db83a24bf567aeada73b3c73255,JMG_100,Delivery- QA/data training check,2022-07-04,2022-08-12,Internal Project,COMPLETE,JMG22,JMD8,EDB6A9A7-5102-45E7-9BE3-A7F958716C2F,,,1,given,,,
3458a4e49f39105436ce1fe2d23ecc63b69fa90aa5d0b1cdccfa66dd5b3c92a7,GLS_013,Levine Leichtman - GLAS - Engineering Extension,2025-04-01,2025-07-31,Client Project,CLOSED,JMG64,JMG64,16BA707B-C0A5-43B3-8F7F-4D0E13213915,BI and Reporting,Exit Support,1,given,,,4.0
47a0f8f928ae7e17ce7400b15959f8870dce8a6b5124f9ede5bef42e5f8f7e5f,DGT_005,Insight Partners - Diligent - Board Overlap Pipeline Build,2026-06-18,2026-07-10,Client Project,COMPLETE,JMG329,JMD57,CF24F70C-1907-4C84-809B-60DF0823AA71,Data Engineering,Value Creation,1,given,2026-07-17,,3.0
5bc280094d31c78b40c8ca77959abc3b233de2ad1c2768e9a24a92cb0548cde5,JMG_270,JMAN-Product Databricks Starter Kit,2026-05-11,2026-12-31,Internal Project,ACTIVE,JMD118,JMD265,45AC9AD7-51C9-4C2D-AB89-ADEA174B2771,,,1,given,,,
e9df8a856f078166c9a31d7edae9c829dcc7acad20e11e75f3044c00e4ed0c47,VAE_001,Vantage Education - Exit Prep (Capital Raise),2025-04-07,2025-06-06,Client Project,COMPLETE,JMG51,JMD370,690C53B3-03CB-474C-9F63-41BD3CD791CE,Data Engineering;BI and Reporting;Consulting,Exit Support,1,given,,,1.0
6bf17c15f593cccb3b7e965eb6dba14e6be7d455d15f20c3820f7e13a9a5ccd6,JMG_131,R&D hopper,2022-09-12,2022-12-02,Internal Project,COMPLETE,JMG22,JMG22,EDB6A9A7-5102-45E7-9BE3-A7F958716C2F,,,1,given,,,
157af79f1a6b297851add2be38a63b882dc8d50d8f6a4e3dc741fa2997dcf3e6,CPR_001,Data Review,2022-04-24,2022-06-09,Client Project,COMPLETE,JMG15,JMG15,CE4033EF-50A4-4C1A-978F-5E32623F65B6,,,1,given,,,1.0
16131d0b21ad0673fe344b7a315668a329b00e26b438522e96265c4357fb7191,DSN_005,Frontenac - DSN - Tactical Data Team,2026-03-23,2026-06-01,Client Project,DEAL WON,JMG159,JMD136,80BAADB4-F045-41A2-A04D-B1131019757B,Data Engineering;BI and Reporting;Consulting,Core Reporting,1,given,2026-08-28,,3.0
8442192ac08a8079362ade03bd4721b8c1065dbfe19e9c260237c8d35c36fabf,SVT_005,Data-Team-As-A-Service,2022-11-01,2023-04-30,Client Project,COMPLETE,JMG24,JMG24,06667D0C-DFA2-4925-A6B2-CEE326A4E4D7,,,1,given,,,3.0
ad9e0a73f3d68eca6b675b41e715bb6cc4f82abf7c82cf28c6f84d0b0ebd8753,NEG_004,Synova - NEG - TSB Integration,2023-06-26,2023-07-28,Client Project,COMPLETE,JMG22,JMD5,CC0B7B33-C73A-417A-AAC9-219778FC86B8,,,1,given,,,2.0
3c8d4da73d9be904999c371d0ff61e4002b571d4010abcae109607790fdf2072,SVT_020,Searchlight - Survitec - DTaaS [EXT] (RR/SI),2025-01-02,2025-03-31,Client Project,COMPLETE,JMD3,JMD132,06667D0C-DFA2-4925-A6B2-CEE326A4E4D7,Data Engineering,Core Reporting,1,given,,,3.0
49865d4d461736bc83523bc0426eaec6ee40bd0234d7609a450b3bbeafbd995b,TZG_006,Tenzing - DD #6 Edge,2025-02-19,2025-03-04,Client Project,COMPLETE,JMG161,JMG51,D6EE1F87-C7CC-4249-9DA8-C9EC5FF4BBB0,BI and Reporting;Data Engineering,Due Diligence,1,given,,,2.0
ca0e9fc1f757a41792e4d6ddf57e6ef00e46e536332032d079139310f9eaeb22,JMG_113,People- Building out an interviewer guide,2022-07-04,2022-08-12,Internal Project,COMPLETE,JMG29,JMG29,EDB6A9A7-5102-45E7-9BE3-A7F958716C2F,,,1,given,,,
b6372927d03a4d36439f150b42d352f70e672e2ad71dbd78b6ec9b6c428df130,JMG_074,Intune Management,2022-03-29,2022-05-31,Internal Project,COMPLETE,JMD3,JMD3,EDB6A9A7-5102-45E7-9BE3-A7F958716C2F,,,1,given,,,
51b21b847362cf03e1c1614d9d40493c804ebc793279e9a45829a6a3c8d0d6e7,IWW_002,BBC Critical Talent Analysis,2022-04-18,2022-06-12,Client Project,COMPLETE,JMG52,JMG52,B1FA27FE-0082-4C23-AAB9-FF0D8639D869,,,1,given,,,
f9acb6152e36aa81434d61f39a47ce7e28aea7c7fa65418679a0198bbe09022f,CTG_003,CBPE - Centralis - MS Transition + Jan-June MS Refresh (AB / FS / YS),2024-01-08,2026-08-31,Managed Services,ACTIVE,JMG117,JMD205,2F4EDD73-07BF-402F-8944-2316A7D9A444,TechOps and Automation,Managed Services,1,given,,,2.0
99b42752c65be29325e59acbf5decb663d525209c097ed4d88cbb515f22f9646,ONE_004,CPA dashboard enhancements,2021-04-06,2021-05-04,Client Project,COMPLETE,JMG31,JMD41,AC87B31A-212B-44B6-BA73-6677A4222D6E,,,1,given,,,2.0
e2f76fa324516f98fd635029a9810c11177d7d9335756285d6d6ea0505f00f70,SIM_001,Simply Conveyancing - Data Warehouse Assessment,2026-02-23,2026-03-02,Client Project,DEAL WON,JMG117,JMD77,9ECC6EEF-78C6-4054-9709-8908A841F56A,Consulting;Data Engineering,Data Advisory,1,given,,,2.0
761998059f2da3f0a47327ad915f8ece6406ae1d7e6f56bd836948b43a29db31,MAE_003,Infrastructure Maintenance,2021-05-24,2021-06-11,Client Project,COMPLETE,JMG29,JMD98,3378DF6E-B138-4292-97A5-E291C9EFD291,,,1,given,,,
69222d15443eda21708d17151e7a5acb0baf76e129f4d20829c9a1eb504e3cbc,MNS_001,Marks & Spencer,2019-06-03,2019-07-19,Client Project,COMPLETE,JMG42,JMG42,CD49F6BA-6761-4E44-BF6D-5629371D380B,,,1,given,,,
f00d4ab4c58348fe2da9ebb53c3f5720ad32e06dd069c63f19cdd133e5373b15,CNC_019,Cinch Mobile App build extension Q2 2023,2023-04-03,2023-06-30,Client Project,COMPLETE,JMD41,JMD41,E6ED099A-E034-473D-A237-92B0C8A6EADF,,,1,given,,,4.0
460dd7e3fd6a4511bae3656c75ddeed64226132f8cb8d3fe716ee07d37a13f45,WDC_011,Discount Transformation,2022-04-25,2022-06-10,Client Project,COMPLETE,JMG52,JMG52,BA9A80E3-DFA1-45D1-8440-5955274FEA1A,,,1,given,,,1.0
6d856dc53e04393a8a66443c848dd5e61c22ce2eb2834a30e743365725afff38,BAK_001,H&F - Baker Tilly - core reporting support (JT / JK),2025-10-06,2025-11-14,Client Project,COMPLETE,JMG98,JMD435,0F65D3C5-AAD3-497E-B3BA-5A6D8D64BCD1,BI and Reporting;Consulting;Data Engineering,Core Reporting,1,given,2026-02-28,,1.0
7832a1c7c45273b91eba385861a87145e39547046c96eff15da70cdd42963e5e,CNC_004,Cinch,2021-07-05,2021-07-30,Client Project,COMPLETE,JMD160,JML56,E6ED099A-E034-473D-A237-92B0C8A6EADF,,,1,given,,,4.0
590ad30ac56902ba1d5634e15be0f270f62cae8a151aba7ee716f5d020d93747,STR_005,Baird Capital - STR - Managed Service,2025-01-01,2026-08-31,Managed Services,COMPLETE,JMG159,JMD226,13D12A91-709D-430B-A3E9-8C9DE0161526,Data Engineering,Managed Services,1,given,2026-08-31,,2.0
5b7fcae69cd780c57830c0a5f4c044499a667c74a2a7d5f103b9b261a4ebfbfe,CIL_002,Survey Response Analysis,2019-07-11,2019-07-19,Client Project,COMPLETE,JMG15,JMG15,DC0041C6-3306-4A3E-8C3E-635700D5BA40,,,1,given,,,
1e6c23d61ba6b4778bac7b2955ff0d3b7fe5a3fb37f6d949d5cfc6ad306e7a68,MCL_016,MyConsole - Web Application Maintenance 2024,2024-03-31,2026-08-31,Managed Services,COMPLETE,JMD41,JMD216,637B410A-A9BA-45E3-A0AC-45FE639485EA,Software Development and LLMs,Managed Services,1,given,2026-08-31,,5.0
c047b50e3f2911c6e3ca6fd157322f1a944e5a843b04f8a9cbfa8557a99661f7,PSC_034,The PSC - Government evaluation scraping and analysis (MS/RR/XC),2023-08-21,2023-09-01,Client Project,COMPLETE,JMG22,JMD142,88B6B8E6-EF36-4337-80D6-8986EB36FAC7,,,1,given,,,2.0
9cad16a9a9223448204c9d6eba9847dbb812e185d021d45b4a8732946c39fc85,MSG_015,Miss Group - Customer Data Work Extension,2023-02-08,2023-07-28,Client Project,COMPLETE,JMD94,JMD94,2D143C29-D66C-4CD2-BB0D-1800CC18F116,,,1,given,,,1.0
e26694ba1bc469e2b7237110e82b834eb2e23c3a717127c9dca4f66124958fc1,ELI_001,EDD Generator,2020-08-10,2021-02-19,Client Project,COMPLETE,JMD160,JML56,57A051DE-EC2F-4700-B775-B0BED2B0F0C6,,,1,given,,,
10877b717b19b42fd12dc6e7ef8119f82d2e075be7fbf6ea789dc4c3e459d7f8,AZE_001,Cross-Sales Acceleration Tool,2020-07-13,2020-08-07,Client Project,COMPLETE,JMG24,JMG24,6619B410-1D13-498C-8A15-5FBE0E8987D1,,,1,given,,,4.0
f8697abf4980859969c35d7b4f3396b94abd41393c1eea64ec9be2c25a6322c1,MSG_014,CLV Dashboard,2022-11-28,2022-12-09,Client Project,COMPLETE,JMG53,JMG53,2D143C29-D66C-4CD2-BB0D-1800CC18F116,,,1,given,,,1.0
d37cd4f1cd00dd4077c15c0bcf28e8aba4969a4098c04e24603d4c715f3f095f,DNS_011,IK Partners - Dains Accountants - Managed Service,2025-11-24,2026-02-16,Managed Services,ACTIVE,JMG97,JMD226,5553337B-330A-4E7B-AAB2-97AF6889EF91,Data Engineering,Managed Service,1,given,2026-08-31,,5.0
8193d9ffb8269d006b9b2812224561bb085d6ad4699784597aadd593de8b8d3a,DNS_013,IK Partners - Dains - Phase 6 - TBAT Acquisition Integration,2026-02-16,2026-04-20,Client Project,DEAL WON,JMG97,JMD195,5553337B-330A-4E7B-AAB2-97AF6889EF91,Data Engineering;BI and Reporting,Core Reporting,1,given,,,4.0
7335e033f2ecaa3f5946e8812b40479e5706ead57c62b6ad6743c5bef6b832d1,HGC_015,Project Shamrock,2021-08-06,2021-08-20,Client Project,COMPLETE,JMG29,JMG29,EE649EF4-C803-4F9C-A7AA-110D5BBB256E,,,1,given,,,1.0
923cad1364ce3ffafdc25527ab907394a72f41418738ad403231849555e9813f,JMG_257,Product - Fabric Kit,2025-06-09,2025-12-31,Internal Project,COMPLETE,JMD84,JMD118,45AC9AD7-51C9-4C2D-AB89-ADEA174B2771,,,1,given,,,
699caeb2ed610719b159488f58183cc99325c774e9123016a36335558cc48fef,MIQ_002,MI App,2022-04-01,2022-06-03,Client Project,COMPLETE,JMD3,JMD77,3CD5EE7D-A9C3-404B-9C5A-DBB34D4DA865,,,1,given,,,1.0
7eaea6cd32cbb526fce51e4deb82135cffd6fc862874b07492c739fd553228a3,MSG_010,MissGroup - Maintenance Extension (NM/SP),2022-10-20,2024-01-21,Client Project,COMPLETE,JMD94,JMD100,2D143C29-D66C-4CD2-BB0D-1800CC18F116,,Core Reporting,1,given,,,1.0
0f3a98320b74affcab6c33b8c48cd014712801af05c9512e5f388d8413782d86,PFA_002,Lee Equity - Pure Financial - Core Reporting Build - Phase 1,2025-12-08,2026-03-02,Client Project,COMPLETE,JMG86,JMD89,0FEB5361-9F53-429A-A0D2-91283867577D,Full Stack Engineering;Consulting;BI and Reporting;Data Engineering,Core Reporting,1,given,2026-04-10,,4.0
5f56eea6cf46a399fa025dea0317700effdc58ca3629f41623b9ddd2388afafa,TNC_006,Trench - HSP Factory Support,2026-02-23,2026-03-20,Client Project,COMPLETE,JMG313,JMD42,035038EA-77AA-4452-B6E3-3BD5BC424D3B,Data Engineering,Core Reporting,1,given,,,4.0
d8100d6d8417c0ca307ba430c47972c7cf1512451d349776b78fbf56379e6297,MTH_003,OTPP - Mitratech - ARR Bridge Build - Phase 1,2026-03-24,2026-05-22,Client Project,COMPLETE,JMG73,JMD141,C52D2B20-2EF0-4D4B-A786-FD5FEC282EE8,BI and Reporting,Core Reporting,1,given,,,3.0
ae53cf591715f403d4e2f1bae0349a5156d8ba16568b2184028bd5018a1e97f7,JMG_107,Operations- Data Warehouse,2022-07-04,2022-12-30,Internal Project,COMPLETE,JMG76,JMG76,EDB6A9A7-5102-45E7-9BE3-A7F958716C2F,,,1,given,,,
f210c2da534d5557562b2caeb08c671bf4c3ab0429a9b254d89f66ddf89e5944,JMG_235,JBasics,2024-11-18,2024-11-22,Internal Project,COMPLETE,EXT001,EXT001,45AC9AD7-51C9-4C2D-AB89-ADEA174B2771,,,1,given,,,
44b58c3bccd33c65ba27183c1cfa4f7eec9cb2fcb217207021e491eb1c2cdb4c,WEC_001,Searchlight - Wecom - Pinal County Data Refresh,2024-01-08,2024-01-12,Client Project,COMPLETE,JMG52,JMG188,FF0E9EF6-2086-468F-BF7E-FBAF27BE652D,,Core Reporting,1,given,,,3.0
8b2cf5e0e43ea66dda08607e10a9996258efa6bda7de8215756785b88df8e31f,CLN_021,Order Status Laminated View,2023-02-13,2023-02-28,Client Project,COMPLETE,JMG51,JMG51,CBE4E752-7D89-485F-8768-BE5DBF9C1F6C,,,1,given,,,4.0
a8a5833c3fd50a6d9fc86bc9613d5efe5b6bcc87f1e3c57256265a9d7e8dfc55,BEN_001,Tableau Support - Sales & Marketing Dashboard,2022-02-21,2022-03-11,Client Project,COMPLETE,JMG29,JMG29,DD139D77-56CC-4354-97EF-777781A00633,,,1,given,,,
b85f3a9ffbfd6b08f4ebd6e9139168b0e7221989b2cdad633c6cc05e3c147d16,OVE_003,Additional CRM reports,2023-01-03,2023-01-31,Client Project,COMPLETE,JMG52,JMD20,65B2BCEF-3902-47B3-A936-9A7F03852410,,,1,given,,,1.0
ae3b3814479f25ec00f2e327cbb73ba4d0b57d2107cef7ebd9ef3f350e1815eb,IRI_009,Team Tiger Snowball Support,2022-04-11,2022-05-13,Client Project,COMPLETE,JMG90,JMG24,C8496A79-EC52-4B84-875C-972B867B5CA6,,,1,given,,,1.0
c89cbfa4f81796fa2314caece8dd77e2c2dec1847f788d07918b9eb3645ef907,BRE_002,Levine Leichtman - Blue Ridge ESOP Associates - Customer Tool Build,2026-03-02,2026-05-04,Client Project,DEAL WON,JMG64,JMG64,FC19C739-3740-45C1-AEAD-A271D9A59B77,BI and Reporting;Data Engineering,Data Advisory,1,given,2026-09-04,,4.0
fd660767b925524376cceea14bc43e145922f06976c89b6067af72682b3a4b2c,HGC_012,Project Magic Media,2021-04-28,2021-05-13,Client Project,COMPLETE,JMG29,JMG29,EE649EF4-C803-4F9C-A7AA-110D5BBB256E,,,1,given,,,1.0
57cec098751af79756826457544862048656f822a45cd1198451a6382851d105,KCG_002,Sun Capital - K3 Capital - Data Platform Build - Wave 1a,2025-02-03,2025-09-30,Client Project,COMPLETE,JMG218,JMD81,AEE80FE3-75A3-45B7-8A6C-C7672808E4D7,Data Engineering,Core Reporting,1,given,,,2.0
760ed5b7a608a4e9d716e2e9db5162d5a455c02ed91c785daf2d5c98fdc233a2,LBP_005,Sovereign - LB Group - Data Platform Managed Service (CD/CF/NS),2024-03-16,2025-05-07,Managed Services,COMPLETE,JMG44,JMD89,3F644ED5-45FC-4E5F-A105-630FE7B93F83,,Managed Services,1,given,,,2.0
3828214cdff48daca3386f87c1e1e1ebaceb15ae33773bae8eaa916ea6e49acf,JMG_151,Fundraising event across London and Chennai,2022-09-12,2022-12-02,Internal Project,COMPLETE,JMG31,JMG31,EDB6A9A7-5102-45E7-9BE3-A7F958716C2F,,,1,given,,,
d46ee8d40f5e1a036163b2d46626a95134727332dbb0f37cd2758b5a7807fab4,CHA_001,Confectionary Data Extraction,2022-01-27,2022-02-11,Client Project,COMPLETE,JMG29,JMD41,E564B679-5259-4BF0-A986-2F14A8B3A1D9,,,1,given,,,
faea0edceed2786bf0a4eb80022da6a61cf689d191c8a8f363058bad04343cef,SGP_004,EMT demobi support,2019-04-29,2019-09-30,Client Project,COMPLETE,JMG42,JMG42,E4B44870-37A3-481D-8E7D-EF12AA7BE46B,,,1,given,,,
f270522cff7deb78765af55fb7d1f3a795ec0536c73bf8cb0b9f74c806cdd969,JMG_254,Product - Zenmetrics,2024-06-01,2025-12-31,Internal Project,COMPLETE,JMD152,JMD132,45AC9AD7-51C9-4C2D-AB89-ADEA174B2771,,,1,given,,,
19e10ac0b747e7851497749fba43bd1b26bebf4a35ef32cf37d6bd8f9ee41e3b,BAU_012,Finance & Accounts,2022-09-04,2030-09-30,BAU Activity,ACTIVE,JMG305,JMG305,EDB6A9A7-5102-45E7-9BE3-A7F958716C2F,,,1,given,,,
c6aef6eb2bb5aa34b3f510ec5ba63d2849ec94d09c5af676a6e9b335dba0b591,SOV_009,Sovos - snowball and churn maintenance support (JT / CD),2022-05-02,2023-12-31,Client Project,COMPLETE,JMD41,JMD149,F984AAE7-6BC9-4D69-8125-763CEE1196B5,,Managed Services,1,given,,,1.0
afee1603f75f744c8353d84d67b3a1eed164bfddb313e74fbe1bb12288a7bd9c,MAE_001,Maesa Finance Data Review,2021-04-28,2021-05-21,Client Project,COMPLETE,JMG29,JMG29,3378DF6E-B138-4292-97A5-E291C9EFD291,,,1,given,,,
38e3b7f1d374d71b2abafa78bd824f4d3443bf95ab670e4b093bf32bb944bec0,PLC_004,plan.com - Additional Software & Documentation Support - KW / JT / SG,2024-09-09,2024-10-18,Client Project,COMPLETE,JMG150,JMD28,7E5DEA6D-06B5-433D-8F6D-5641EDD03CE1,Software Development and LLMs,Value Creation,1,given,,,1.0
9e6d349808e816a75c9cc16c89ba1e7e2a5578df6f52cc525a950a2defded253,FIR_005,FireTree EM,2021-10-04,2021-12-31,Client Project,COMPLETE,JMD160,JML56,A13DC602-1FC1-4D39-B2AF-D0F1E4D8767C,,,1,given,,,2.0
6f42efabd37d19de6b1e5ce613f9b3bae76f3c359467ace07dd37574556a2f64,JMG_127,Deliver Python & ML training,2022-09-12,2022-12-02,Internal Project,COMPLETE,JMG22,JMG22,EDB6A9A7-5102-45E7-9BE3-A7F958716C2F,,,1,given,,,
c397a3d1163a042fb2ef45856f995b8f57e1e368440c9b9e9832891c7b4ef78a,RFN_003,Apiary - Radiant - AUM/A & Revenue Bridges,2025-09-22,2025-11-28,Client Project,COMPLETE,JMG79,JMD39,9418E029-9583-4779-870F-65653E8E1B9E,BI and Reporting,Core Reporting,1,given,2025-12-19,,2.0
e8b3ad557d8f863d78faa7a928f3a8ccb72f8aeade4bc8fb1a0cb6c197f37840,CNP_001,Canopy Partner Services - Data Warehouse Design & Discovery ,2026-02-02,2026-02-20,Client Project,COMPLETE,JMG159,JMD89,F13B0E12-50CE-42B9-8EF0-17F188D5C20C,Data Engineering,Core Reporting,1,given,,,3.0
3d3032e1f8402d0673ecb896b53c400c001c49f0d58f94f70808fccd7c76b3b7,SMG_001,Warehouse Solution,2022-11-14,2023-02-24,Client Project,COMPLETE,JMG22,JMD87,8CF471B9-079F-4497-AE69-8DFBC4CA75F4,,,1,given,,,3.0
983b5b5acdda93339dba74ffc48ac0ed5721a59ec401de88077f854070157c6d,VNQ_002,Capital D - VONQ - Exit Build (Phase 2) (CM),2026-08-03,2026-09-14,Client Project,SOW PENDING SIGNATURE,JMG391,JMD77,437A2A3E-F1F6-493A-A265-8135BE5E8125,BI and Reporting,Exit Support,1,given,,,1.0
736743b480f9ae8848f1f181b7c9a834a5342a36a88a36ff9775c8b167fe753b,ANY_006,Any Hour - Paycomm Ingestion,2026-05-11,2026-06-01,Client Project,DEAL WON,JMG44,JMU12,AADCDC00-0103-4CF4-B085-45004AAC4CC9,Data Engineering,Managed Service,1,given,,,
edc2c06c80e8ff837449e6223ffd37eb8054f561c33679c81f312eeefcd1f3f3,LIT_005,Litera Acquisitions Snowball Integration,2021-08-05,2021-08-23,Client Project,COMPLETE,JML-024,JMG56,473AE726-CA6B-4869-B88B-B131A95074F8,,,1,given,,,1.0
02498eeeddd02dfaf2c3af2af736bb40f1bb6cc3f1f6bd42c886fc79cbbfcf46,JMG_158,Entity Resolution (IP),2022-12-26,2023-01-20,Internal Project,COMPLETE,JMD3,JMD84,3A4B9733-496E-4579-9FCB-892E2A96B228,,,1,given,,,
22cb9fa864fdaac62a7fb018921cd0322416d463e4de92e512ac08baafc1d8d3,MCL_003,MyConsole Backend Upgrade,2021-02-22,2021-04-16,Client Project,COMPLETE,JMD160,JML56,637B410A-A9BA-45E3-A0AC-45FE639485EA,,,1,given,,,4.0
94392dece9b9b591a59789f4855c711378fea726f1915fff93e3402c41b13496,BAK_004,H&F - Baker Tilly - Phase 3 Tactical Reporting Support (JT / PG / AB),2026-03-02,2026-06-01,Client Project,COMPLETE,JMG158,JMD135,0F65D3C5-AAD3-497E-B3BA-5A6D8D64BCD1,BI and Reporting,Core Reporting,1,given,2026-06-19,,1.0
4899ae574f740e3767f156e5c1bd7af31a0e4b9d9b507401aea2ad1470b78be1,JMG_213,InfraEra Project,2024-08-01,2026-12-31,Internal Project,ACTIVE,JMD257,JMD382,45AC9AD7-51C9-4C2D-AB89-ADEA174B2771,TechOps And MS,TechOps And MS,1,given,,,
92e50a75df6e35e0ef8738a751e869a904850a4a8903f7e1b700a3a9fc1b26d7,SOG_004,CVC - Sogelink - GTM Embedding,2025-05-12,2025-07-25,Client Project,COMPLETE,JMG122,JMG122,75549145-4D03-4167-AB55-141DB79CEB19,BI and Reporting;Data Engineering,Managed Services,1,given,,,2.0
8d4848ee74ad0e5733e5c6da35699092c5e0f3d74a37f0316cb19364e07fcd64,ANY_004,Knox Lane - Any Hour - Managed Service,2025-10-20,2026-08-31,Managed Services,COMPLETE,JMU12,JMD221,AADCDC00-0103-4CF4-B085-45004AAC4CC9,Data Engineering;Consulting,Managed Services,1,given,2026-08-31,,3.0
b08692e4da0d84bfb7c4a2f19cecaa25a12878ce42a908e369598e213d4907cb,JMG_179,JMAN GROUP - JDW PHASE 4 (RR/SI),2024-01-02,2025-07-05,Client Project,COMPLETE,JMD257,JMD233,45AC9AD7-51C9-4C2D-AB89-ADEA174B2771,Data Engineering,TechOps And MS,1,given,2026-07-31,,
5f3cdec48ba61eb0fc72ab8ae08d71449a2928612b93ade3794f89952fa3a8bb,SLC_008,Searchlight -  Amplex DD Support,2023-05-19,2023-06-16,Client Project,COMPLETE,JMG22,JMG22,FD167415-3377-4EC5-A564-654340D84674,,,1,given,,,3.0
ea699a02278159fc6d94f236ebfcf317119729cd6bbb81f9a7fd2cb4e0e69f64,MTH_004,OTPP - Mitratech - ARR Bridge Build - Phase 2,2026-05-25,2026-07-13,Client Project,COMPLETE,JMG73,JMD141,C52D2B20-2EF0-4D4B-A786-FD5FEC282EE8,BI and Reporting;Consulting,Core Reporting,1,given,2026-08-21,,3.0
c498da32c3ab84cf39d415a62cb25eb7b120c26c42d4708ae02df5910ef4c6f5,RAN_002,Ranger services - 3 days support,2025-02-24,2025-03-03,Client Project,COMPLETE,JMG220,JMD94,1497F777-76CF-4CA5-B12C-C16BDC32B20D,BI and Reporting,Core Reporting,1,given,,,2.0
4b1a02f8536f4efbae2fea026ab5c3fe5de38a2fc503c963f23cc49d98bd042f,AXM_002,Permira - Axiom - Contact Extraction and Dashboard,2025-07-07,2025-10-24,Client Project,COMPLETE,JMG218,JMD16,02F0A8C6-8D8F-46BC-B73A-8890E2F1FAB7,TechOps and Automation,Value Creation,1,given,,,3.0
a01bcd029a4336050001725cdef6fb51084d2eda3e9d2cd2451075e1acc57c3c,GDR_001,Alpine Investors - Guardian Restoration - Data Enrichment support,2025-12-11,2026-01-15,Client Project,COMPLETE,JMG73,JMD20,ECDB7C2B-CD0F-44BC-943F-2947C51C7C64,Data Engineering;Consulting,Data Advisory,1,given,2026-02-27,,3.0
6ecee118685e7ce3124bd62c50b4e5bed18e854a808c34d4268c960e884e42d2,WRS_001,Lightyear Capital - Wren Sterling - Design and Discovery,2026-05-18,2026-06-15,Client Project,COMPLETE,JMG122,JMG122,474BBB33-05EB-4B79-9DDB-8B17B406E45C,Data Engineering;Consulting;BI and Reporting,Core Reporting,1,given,,,2.0
b6a5d1f464d5f9c5666307970d574f0803ece6e3911df30ca6b2e7ea5b7d76c3,JMG_263,DE COE - Utilization report,2025-08-18,2025-10-31,Internal Project,COMPLETE,JMD383,JMD118,45AC9AD7-51C9-4C2D-AB89-ADEA174B2771,,,1,given,,,
13e191790d29dca695f835029296e974937d1102176f0aff5b820f6b81baf177,ONE_007,Cinven - Group One - Churn analytics (NM/AP),2023-11-15,2024-04-26,Client Project,COMPLETE,JMG81,JMD135,AC87B31A-212B-44B6-BA73-6677A4222D6E,,,1,given,,,2.0
ee5a42d2c76a5cf8ed517737a630086d9bb4bc95726449f3fcd09ae649393f23,OEM_003,180medical - Sales Portal,2023-12-04,2024-05-17,Client Project,COMPLETE,JMD42,JMD12,DB7EF813-0AA5-4F6F-940D-47E6C5CDD230,,Managed Services,1,given,,,2.0
77fa33c3ec8797f9888d4934edb9725639318dc988bbf5ee62d5a2f9f09611c2,BIE_001,Baird GIB - Project Halo - Data Cleansing & Enrichment - MS Support,2025-07-16,2025-07-29,Client Project,CLOSED,JMG310,JMG124,4F880B41-9BE4-4F19-888B-747FBD704E3D,,Managed Services,1,given,,,4.0
133875128579e882552004fe65aa10df846439f000a3bc7d1b7378645ce60cee,BAU_029,Human Resources,2019-02-01,2025-12-31,BAU Activity,COMPLETE,JMG11,JMG11,EDB6A9A7-5102-45E7-9BE3-A7F958716C2F,,,1,given,,,
aa47341a49c4f4945459010e7db69fc95dc2adc0d78cd6ab124ba9de25f40047,IMA_002,Historical MRR Reporting - Monthly Refreshes,2022-02-07,2022-05-31,Client Project,COMPLETE,JMG29,JMD41,6094CAB1-A9AE-4B8D-9A6A-C2E0B73FAF16,,,1,given,,,1.0
a3622e3c7c9b10a243752cbce7c74f2a0d3159cc353a8cf8b862b72d7077acee,ALA_004,Gym brand - social listening,2019-05-17,2019-08-30,Client Project,COMPLETE,JMG42,JMG42,2F3480E2-BF0C-49D0-BE00-3D760C18A37D,,,1,given,,,
55e8a2e26d625695c3c7f89c1b3ab9508bc156b46cf10a7c877446974c73ed31,HGC_028,Data Team Secondment,2022-01-24,2022-07-22,Client Project,COMPLETE,JMG31,JMG31,EE649EF4-C803-4F9C-A7AA-110D5BBB256E,,,1,given,,,1.0
8d949565892c9e92dc7f5bcd31a0a9bc9fe60d899c6b5c30f3b8508fe55730ea,LIT_003,Analytics Development,2020-11-04,2022-01-31,Client Project,COMPLETE,JML-024,JMD41,473AE726-CA6B-4869-B88B-B131A95074F8,,,1,given,,,1.0
485f5951590bcad1b3c7b36ced980a3603f8cb648a97cf684d0b7704dc343668,SLR_001,ESG Lead Gen,2021-07-07,2021-09-07,Client Project,COMPLETE,JMG56,JMD41,90A7DB90-AD35-4C22-82DC-D3359BE116C1,,,1,given,,,3.0
12e5c660fb3330d82b3e9f8964a028e458ea827be13ab9680d3925e91196d479,CRO_004,BA and MM Scraping,2022-10-17,2022-10-21,Client Project,COMPLETE,JMG15,JMD41,F4BA24D1-2156-4207-AB4C-E4C8AC271BEE,,,1,given,,,1.0
6b269157cd9c613ef0275e27585820fd60f5e956214e21f0dfbf569209261480,BCA_001,Data Science Support,2021-12-03,2022-05-27,Client Project,COMPLETE,JMG22,JMG22,B48B8392-9303-4A0F-B425-EDFC7FB21954,,,1,given,,,
4d0173670da084ac267a77803b91815344a5eb3506bd042124c90c41d1197175,BAU_008,Business Strategy & Management,2022-09-05,2030-12-31,BAU Activity,ACTIVE,JMG367,JMG367,EDB6A9A7-5102-45E7-9BE3-A7F958716C2F,,,1,given,,,
ca14fd8ac2bae56c2449e474da754dba04d8b5648f8c2f1cfc5b883d7d82cda2,OAD_002,BC Partners - OneAdvanced - Phase 1a (PG/BL/JT),2026-08-10,2026-09-07,Client Project,DEAL WON,JMG82,JMD263,1FE97166-C908-45BD-A859-811C2B1CA1AB,BI and Reporting;Data Engineering,Core Reporting,1,given,,,1.0
ffff8b1b2cd2fd1d82a526ab7cb5a7ff79ac9f6b292cf8d021a9ca6185405e28,JMG_026,CDM: Quality Control,2020-01-01,2022-12-31,Internal Project,COMPLETE,JMD162,JMD16,EDB6A9A7-5102-45E7-9BE3-A7F958716C2F,,,1,given,,,
dd45a465df687f7026753290d9cc111e41d2a13f089e6a538878a09e07a9b525,BKM_004,Bookmark Maintenance,2020-10-01,2021-09-30,Client Project,COMPLETE,JMD160,JML56,E07682C0-7187-4EC7-A4B4-2590F0F0032D,,,1,given,,,
26f7d158a1f44a01e4312d6f58410d4751194f3660b73e83fc1aa8f580df633b,LAW_001,Google Sheets Support,2022-06-20,2022-07-29,Client Project,COMPLETE,JMG29,JMG29,7A2A0806-F5C1-435B-AEBE-BD30A99D12B5,,,1,given,,,4.0
1da30d15cde28fe7b6fcd7568287ac45472b81d329aa4b27ec4bf123313b67a9,JMG_056,People- Hybrid working policy rollout,2022-03-14,2022-04-22,Internal Project,COMPLETE,JMG15,JMG15,EDB6A9A7-5102-45E7-9BE3-A7F958716C2F,,,1,given,,,
709cddfbf27fd8fe53e5b4a205786d992c3fe0f7244d1409d2314662ae259751,BAU_030,Marketing & Branding,2019-02-01,2025-12-31,BAU Activity,COMPLETE,JMG11,JMG11,EDB6A9A7-5102-45E7-9BE3-A7F958716C2F,,,1,given,,,
59c3287f6f0cdca878f8beb9a36973f3319d9c370c5af02a82a1732fb8617a99,JMG_156,TTC Becoming Marketing Led,2022-10-02,2022-11-18,Internal Project,COMPLETE,JMG15,JMG15,EDB6A9A7-5102-45E7-9BE3-A7F958716C2F,,,1,given,,,
599a97a4cdffd7e30791d41c17163b68995bc994df82ea6d0fca1d48990109bf,WEC_003,Searchlight Capital - Wecom - Arizona challenge submissions (RC/SR),2024-05-06,2024-05-14,Client Project,COMPLETE,JMG86,JMD112,FF0E9EF6-2086-468F-BF7E-FBAF27BE652D,Data Engineering,Core Reporting,1,given,,,3.0
f42c9e110e60a18a9b11f4fec5abcacb28aa66264a1fd8457ee8f7fbebf109ff,NID_001,NI DRIVE,2019-07-01,2019-09-30,Client Project,COMPLETE,JMD11,,59D0439C-C71C-43AA-BCA6-887131E16E62,,,1,given,,,
da7253e3524eb56b4b8a10c26f052655444b5d7c68cc145ff6c9a57bcb1f31b5,DAM_004,Triton/Kartesia - Damovo - Project Nexus - Q3 refresh (PG),2024-11-18,2024-11-24,Client Project,COMPLETE,JMG87,JMD156,960945DA-EA32-4A2B-BCFB-39307A77667F,BI and Reporting,Exit Support,1,given,,,1.0
fddf0b29281c8fdf5665c8ae59e8ef9451b96b8bd87c81cba378d3a552ae4c74,TRL_001,Baird GIB/Trill Impact - ILT - Exit Preparation (TW/TP),2024-01-20,2024-06-27,Client Project,COMPLETE,JMG59,JMD31,F048BD80-1B3F-445B-A02B-F7AF9AFC5CD2,,Exit Support,1,given,,,1.0
945260fb422544f1d2ad3e8ffe01da7e237ac078c189134216089eb1f6558c02,LBR_003,ICG - Law Business Research - Financial Consolidation,2025-10-27,2026-01-18,Client Project,COMPLETE,JMG72,JMD155,74F92EC5-5DDC-4E7D-B31A-0F0902B4A62F,BI and Reporting;Data Engineering,Core Reporting,1,given,2026-03-13,,2.0
93cfd59416ecf15b5776794bbed0e9a089eac6b8e9cafbd0d69e5a6bf7d87bd3,JMG_117,People- Review and automation around new starter process,2022-07-04,2022-08-12,Internal Project,COMPLETE,JMG15,JMG15,EDB6A9A7-5102-45E7-9BE3-A7F958716C2F,,,1,given,,,
451a56b705e6de6657d03662b57eb30f55558481e0371197019662241598433d,BIC_003,Vistria - BioCare - Tactical Analysis #2 (Workstream 2) (CD/TW/MC),2024-12-22,2025-04-12,Client Project,COMPLETE,JMG49,JMD116,E93CC17E-3217-43AD-813D-5AE48C2FF8E8,,Core Reporting,1,given,,,4.0
80ef8aac78d6241e1711220d5a7c01d8251794df84201d7c92d0c6784046ea36,NXN_006,Pricoa - Nixon - Reporting & Integrations Jan26 Extension,2026-01-12,2026-04-13,Client Project,COMPLETE,JMG315,JMD181,AF91FB14-CB0C-4238-9EBA-4AA4814BD089,Data Engineering;Full Stack Engineering,Core Reporting,1,given,2026-06-05,,2.0
69cb47a1c636c6d52356e73f6aae0bc8c7d67a0e3631f4d18215d45d0224b745,JMG_194,Analytical engineering - Technology CoE,2024-01-01,2024-12-31,Internal Project,PROPOSE,JMD20,JMD31,45AC9AD7-51C9-4C2D-AB89-ADEA174B2771,,,1,given,,,
568db3ee1817a6ed8c11028c37e76c8d03bf86ec41b2206a660ed630e237cc18,MCF_003,Permira - McAfee - Additional person for secondment,2025-02-17,2025-09-30,Client Project,COMPLETE,JMG73,JMG73,EAC6317A-DF9A-4891-908E-AEAC15225E7E,BI and Reporting,Value Creation,1,given,,,3.0
6bb93fdc2e00170c11280e36074aedf9191515d2645770b5cce3cdbec49fca93,JMG_242,Watch-Tower,2025-02-05,2026-01-23,Internal Project,ACTIVE,JMD41,JMD157,45AC9AD7-51C9-4C2D-AB89-ADEA174B2771,,,1,given,2026-12-31,,
c452886edb1931d3df698c80930a27112826529edf8dad5cfab37f9ada40edff,JMG_265,JMAN - Auto EDA,2025-08-01,2025-11-28,Internal Project,COMPLETE,JMD372,JMD372,45AC9AD7-51C9-4C2D-AB89-ADEA174B2771,,,1,given,,,
b3b3e66e838cf6eb32093bcafa25ceddfb5ab9f51a36f154e59bce99f74170be,TRG_009,Hypothesis Testing for Delivery Opportunities,2021-08-16,2021-08-27,Client Project,COMPLETE,JMG51,JMD41,329D4B6F-73A3-47C1-9458-913505CBCBD2,,,1,given,,,
2a655e134dba322558f19e7bf027df1fd23e3db6e76ec712c00859d21f75908d,MSG_006,Swiss Entities Data Warehouse Ingestion,2022-04-18,2022-07-22,Client Project,COMPLETE,JMG87,JMD20,2D143C29-D66C-4CD2-BB0D-1800CC18F116,,,1,given,,,1.0
7f658153116656131580e9bcc19ecbb402209f585bd41f613d9b8c11ee28c6a2,MIQ_003,Data Engineering Support,2022-07-18,2022-08-28,Client Project,COMPLETE,JMG29,JMD77,3CD5EE7D-A9C3-404B-9C5A-DBB34D4DA865,,,1,given,,,1.0
357c7b339872cd795ddfa07273e64b6b4a3b5b70890ee65e1f139dbf0d97adda,ONE_002,One.com Zoner CLV Analysis,2020-12-11,2021-01-08,Client Project,COMPLETE,JMG31,JMG31,AC87B31A-212B-44B6-BA73-6677A4222D6E,,,1,given,,,2.0
9a319c767004326613c9e611a5be6e5a5caf1108dbb2c2032e254ff6a4f7b409,NTS_012,Netsmart - Forms Management Portal,2023-07-01,2023-12-31,Client Project,COMPLETE,JMD8,JMD57,11E011AC-D864-49EA-85CD-38A219CB55C6,,Managed Services,1,given,,,3.0
9868def13d077dbb5ec3431aab03bf340f5e93001c9c72040399d98072d6a270,SLR_004,Ares - SLR - Board Pack,2026-02-23,2026-06-01,Client Project,COMPLETE,JMG141,JMD118,610EEECA-22AC-4D30-BA02-AB3055CD2762,Data Engineering,Core Reporting,1,given,2026-06-05,,3.0
26b2fda21e4bfb12b586e4b05f3f6ea3f0aaf7dec04c1af4462b0d8e2a5355f9,MRG_003,Sovereign - Murgitroyd - Platform & Exit Dashboard Build - Phase 2 (CD/AW),2023-06-19,2023-10-13,Client Project,COMPLETE,JMG44,JMD77,B6E3FC52-303B-4442-8D8B-923FFA0E3D61,,Core Reporting,1,given,,,2.0
2de2a5a65c2e90a34f993bf4f9e1d5f5140caa618cf79d1ed251b8af7bec0722,APA_005,Customer Insights Product Managed Service,2025-02-03,2026-01-16,Managed Services,COMPLETE,JMG24,JMD144,8744B82F-367A-429C-865A-23C3A16313EA,Data Engineering,Managed Services,1,given,,,4.0
0a89bf45424cf535260dda26d0c0f8c16f417bc07d85bdd6a984fd97e63bb35e,ONE_001,One.com - CPA Analysis,2020-03-16,2020-06-19,Client Project,COMPLETE,JMG42,JMG42,AC87B31A-212B-44B6-BA73-6677A4222D6E,,,1,given,,,2.0
b7bbc39c1c0465c462afd9a5374a96534b3602d8432c5eea86c12b660a1c4fad,HGC_052,Hg Capital - DD Project Pisa (NM),2023-06-07,2023-06-13,Client Project,COMPLETE,JMG53,JMG53,EE649EF4-C803-4F9C-A7AA-110D5BBB256E,,,1,given,,,1.0
daf6bea1ed78909584dc31848ced225912e0122c837056e9bf4534b89f7ba74b,WIT_012,ICG - With Intelligence - DTaas / Secondment Engagement (TW/EF),2024-01-01,2024-07-31,Client Project,COMPLETE,JMG107,JMG141,BD5939CE-0970-4DB4-98B7-BF77E8588207,,Exit Support,1,given,,,2.0
94f081cf1254027b573869edd05789ea664e738b560a399d84a7a8231512e495,PSC_005,Sussex Financial Sustainability,2020-08-09,2020-12-31,Client Project,COMPLETE,JML-005,JML-005,88B6B8E6-EF36-4337-80D6-8986EB36FAC7,,,1,given,,,2.0
667624d423640c39e35872a8fdb3402e1366c384638a18d11687a18aa2652fa5,IWS_001,Bowmark - IWSR - ACV Bridge (PG/MCa/RK),2024-05-07,2024-06-25,Client Project,COMPLETE,JMG149,JMD195,84948C39-A39C-4CCC-A62F-C557B5A44DAB,Analytical Engineering,Core Reporting,1,given,,,1.0
0348bf793ddf3c4b2d24230047b238f59efc65014178607accd94973a1cf244e,JMG_273,Project Precision - Exit Focus D&D,2026-06-01,2026-06-29,Client Project,DEAL WON,JMG354,JMD376,73FABDED-C184-4BEE-8D2F-E357F5145446,Data Engineering;BI and Reporting;Consulting;TechOps and Automation,Due Diligence,1,given,2026-11-27,,4.0
6cae8cda30b37567a1f098e78ad45ab2a552ad32bae2dca90353cdddf69a4088,TNC_004,Triton - Trench Group - Phase 3 - Ops KPIs,2025-05-26,2025-11-30,Client Project,COMPLETE,JMG313,JMD126,035038EA-77AA-4452-B6E3-3BD5BC424D3B,BI and Reporting,Core Reporting,1,given,2026-06-30,,4.0
024039d0902f079174eb7a1912ae7d989bd6e0d3abbdbd699f54ea339e8e3865,LAG_001,Northedge - Latus - Data Diagnostic & Reporting - phase 1,2025-01-06,2025-01-31,Client Project,COMPLETE,JMG79,JMD41,C8013A4D-C2A8-4C1E-A0A9-C221D6D83DCC,BI and Reporting;Data Engineering,Core Reporting,1,given,,,2.0
60d67d28b4deeab4fb0d4ea518ebe2c806c3fdd3f39eaa7d7ef4fa5c554283d8,DAL_002,Dalcour Maclaren - Phase 1 Roadmap,2025-01-09,2025-04-09,Client Project,COMPLETE,JMG90,JMD8,9205BDF6-A56F-4E0E-ACCE-55D752B7061F,BI and Reporting;Data Engineering;Consulting,Core Reporting,1,given,,,2.0
c7f583ccc9470b1077b6856e7db3a4d875e62a960851100d29df2304ba3c7d56,JMG_203,Baird Capital - JMAN Group - R&D,2024-05-13,2025-05-12,Client Project,COMPLETE,JMG79,JMG81,45AC9AD7-51C9-4C2D-AB89-ADEA174B2771,,Other,1,given,,,
0f958c242ce6a9f75c592022723a584d250dd991309cc6e30c7b3bd643f6e72a,JMG_020,CDM: Digital Solutions,2020-01-01,2022-12-31,Internal Project,COMPLETE,JMD162,JMD160,EDB6A9A7-5102-45E7-9BE3-A7F958716C2F,,,1,given,,,
5e6c20e4fef63eed1fe52d194af6e782bf8ebaa3e2b0db351030e2fdedb118c2,DLL_006,Expansion Model Refresh,2023-01-25,2023-01-31,Client Project,COMPLETE,JMG51,JMG51,2A9CAD83-6016-4EFD-AECB-21304B4C846E,,,1,given,,,1.0
41da93fdd6931f47ad8f0c3656124a2dd0c33b85261f5ebe3e9882be39b43595,HGC_027,Project Thunder,2022-01-12,2022-01-14,Client Project,COMPLETE,JMG22,JMG22,EE649EF4-C803-4F9C-A7AA-110D5BBB256E,,,1,given,,,1.0
aac588e1475e139c995c20c471d90208a5d72f28ec692e34ec8b7110c1fcba53,CAR_001,KPI Reporting,2022-04-11,2022-07-31,Client Project,COMPLETE,JML-013,JMD41,088C924E-476F-4D83-99B9-89BEA794A450,,,1,given,,,3.0
63f0ed1dcbea2e6ca8f4487369c81581b41f5df3e1da98f735fcd3b7ed038dab,LIT_010,Hg - Litera - pricing dashboard support (JT),2023-06-12,2023-08-04,Client Project,COMPLETE,JMG29,JMG29,473AE726-CA6B-4869-B88B-B131A95074F8,,,1,given,,,1.0
c3a5e494b81a4c6c564d919275f086dbc39cb97d41d8d1cdb32b8e1b5ded7ade,UPR_006,REALratingAPI,2022-12-12,2023-03-03,Client Project,COMPLETE,JMD7,JMD39,34DF2ADE-5CD1-46CD-8387-6B2C0F3FEBA5,,Managed Services,1,given,,,1.0
e1da756a010d23a4cd3509e259f819d4d06c326feaddb83bcf9bd5fda68b0d5f,JMG_005,J-Labs Blockchain POC,2019-01-01,2021-12-31,Internal Project,COMPLETE,JMG10,JMG10,EDB6A9A7-5102-45E7-9BE3-A7F958716C2F,,,1,given,,,
a3f96d8e6aed15a20046e299196677cd1ae37eeee7528ef0ff881bbc573fe0f6,TOT_006,Bowmark - Totalmobile - Managed service,2025-02-04,2025-07-31,Client Project,COMPLETE,JMG69,JMG69,7198B121-659E-4EBA-B262-0359CE2986AB,BI and Reporting,Managed Services,1,given,,,1.0
e77d9ccdc2f6c92d3459a425fe2fbebb431dbf022f15801486da2da8774c7404,SHK_007,Lee Equity - Shackleton Data Cleaning Support Phase 2 ,2026-06-01,2026-08-24,Client Project,DEAL WON,JMG72,JMD152,2388CF8B-3F81-4137-818A-54C9284CC92E,Data Engineering,Core Reporting,1,given,2026-09-18,,2.0
c419da5dfc471160b3dc24e25d0237c8acd7f7065092d4d32e21e82d730f1226,LCL_003,Aurelius - Lloyds Clinical - Managed Service,2025-10-06,2026-08-31,Managed Services,COMPLETE,JMD372,JMD221,C944160A-797A-44F6-8740-95C8BC518E0C,Data Engineering;Data Science & ML,Managed Services,1,given,,,1.0
8db4409bde30d7a14a6c6af0cee41afe7787a1819430a98594e0b2f78d0ab542,RTC_002,H2E - RAM Tracking - MI Managed Service (JC/JT),2023-11-20,2025-10-31,Managed Services,COMPLETE,JMG188,JMD120,4EE29C6C-E77E-4B0A-A014-5EE360F71D29,,Managed Services,1,given,2026-06-30,,1.0
86d15da68fca146e8628b6b597781d561e42e1f060e50afe9a99da821e95e2aa,JMG_170,JMAN Group - Away Day App,2023-08-28,2025-09-30,Client Project,COMPLETE,JMD433,JMD12,45AC9AD7-51C9-4C2D-AB89-ADEA174B2771,,,1,given,,,
d531d3d05469a7bf23727fb56953731a63ae5e477ee667225142745acca0088a,CLN_015,Client Reporting Phase 3a,2023-02-06,2023-08-04,Client Project,COMPLETE,JMG51,JMG51,CBE4E752-7D89-485F-8768-BE5DBF9C1F6C,,,1,given,,,4.0
3ebdfd70de927667e4e35847b24f039e4f515e132a81a2a74e5f9171910cc7c6,AIO_002,Horizon - Adeptio - Phase 2 Build,2026-01-05,2026-03-16,Client Project,COMPLETE,JMG146,JMD82,70F66EDD-857B-4FED-8357-B2F81ECE5959,Consulting;BI and Reporting;Data Engineering,Core Reporting,1,given,,,4.0
691574472f2fb1194c7404b95576400550174750536e9d2d698800275f068fba,FGS_001,Flagstone - Purview PoC (SI/MC/MJ),2024-11-04,2024-11-29,Client Project,COMPLETE,JMD3,JMD84,4EB019A8-44FA-46AE-8158-0B6233F0D292,Data Engineering,Data Advisory,1,given,,,1.0
d48c6c20c780cbe9053489b30c352cf65602be9442e1b9e11336bd283735e66d,JMG_172,JMAN Group - JIN IG,2023-08-28,2025-12-31,Client Project,COMPLETE,JMD7,JMD157,45AC9AD7-51C9-4C2D-AB89-ADEA174B2771,,,1,given,,,
e74e83da9212c06618f87de3b5b0ea9f6f6187779f95e6ac7ea1298c06eebdeb,PEN_001,Scam Man,2020-01-02,2020-03-06,Client Project,COMPLETE,JMD11,JMD11,1E971694-A819-4360-8CD2-44D47B1167F5,,,1,given,,,
7352c4c7bdbd3fbff532dd0c7445fedbd63c6c55277d538ddbc524fc33805ef5,CIP_002,Insight - CivicPlus - Customer Cube & Exit Prep (AG/MS/TW),2025-02-16,2025-05-23,Client Project,COMPLETE,JMG181,JMD5,951EF888-BA80-447A-8646-69007C340272,BI and Reporting;Data Engineering,Core Reporting,1,given,,,3.0
8fca36e90e06edae68c0f220efb3aac372d9f8f315d28e6050265bc8b1246336,TSS_004,Levine Leichtman - TSS - Tableau Migration Suport,2025-03-30,2025-05-08,Client Project,COMPLETE,JMG114,JMD20,7C9941A6-875B-41EB-927F-F62312A06059,BI and Reporting,Core Reporting,1,given,,,4.0
0bd3f2bfd939b7974483a8f7d33f35fefc089dc2ac48bfbbda399f098ce99187,JMG_102,Marketing- 1 marketing campaign focusing on PE,2022-07-04,2022-08-12,Internal Project,COMPLETE,JMG15,JMG15,EDB6A9A7-5102-45E7-9BE3-A7F958716C2F,,,1,given,,,
069d3bd598bf1c576469a94b08a53abfc9e4e39a16f2adf0bf2b20652b94528c,JZI_001,InvestIndustrial - Jacuzzi - Data Platform - Phase 1 (TW/FS),2026-06-15,2026-08-03,Client Project,COMPLETE,JMU003,JMD172,13DEBD4D-290C-45D0-87C2-23E9B39A78C2,Consulting,Data Advisory,1,given,,,2.0
f0ad0d6487fbba56d3f374572e700c7e5fcc6354afefee87805dbd4d049811c9,SHK_001,Shackleton Advisers - Phase 1,2024-12-11,2025-01-07,Client Project,COMPLETE,JMG122,JMD89,2388CF8B-3F81-4137-818A-54C9284CC92E,Consulting,Exit Support,1,given,,,2.0
31b201fafb5c088815388e6f6af5a274571bae7e2c8c290d38b1a8b3960c3ae4,WIT_013,ICG - With Intelligence - dbt Implementation & Workflow Development POC (TW/EF/OMC/SI),2024-01-18,2024-02-21,Client Project,COMPLETE,JMG49,JMD198,BD5939CE-0970-4DB4-98B7-BF77E8588207,,Exit Support,1,given,,,2.0
f8de3f8ac4e941472007dfff10d764bee8dd8cfd248757402413fe5401dbb64c,MCL_004,MyConsole Survey Tool and BI Dashboard,2021-03-31,2021-07-02,Client Project,COMPLETE,JMD160,JML56,637B410A-A9BA-45E3-A0AC-45FE639485EA,,,1,given,,,4.0
15cdb4c9278007a174fef4f946c6914e3b71604597946e9570c833f94db15a1b,LLR_001,Office Cost Review,2019-07-28,2019-09-07,Client Project,COMPLETE,JMG15,JMG15,532DD2F7-BF82-450E-A552-DAF9E4CAB4FA,,,1,given,,,
d181b2d4e940376f22e3aeae26a13c4cb5cd232a700fc4a60fac0ad003993e05,CMS_002,EQT - Compass Education - ARR Report Build Phase (JT / JP / KW / YS) ,2026-05-04,2026-06-29,Client Project,COMPLETE,JMG380,JMD180,8C646E80-F13A-4796-9F13-167D7293B298,Data Engineering,Core Reporting,1,given,2026-07-31,,1.0
f5370bce2cb81f4aa18635068471d8cfccdee29a9ea8ae34fcece8b186515f9c,STT_008,Horizon - STRAT7 - Exit Cube FY25 Q2 Refresh (CP/PG),2025-01-17,2025-01-30,Client Project,COMPLETE,JMG87,JMD8,A7EFCD95-5542-420F-A161-2025F1955333,Data Engineering,Exit Support,1,given,,,4.0
6d6d96557e863140f21d8cb3c3ceb1f1cabc541f683bf682587cfa5dc7c4da9b,NKD_004,Store Analyser v3,2022-08-11,2022-10-14,Client Project,COMPLETE,JMG31,JMD81,DE613E89-5536-4F17-9E33-712354E830C6,,,1,given,,,1.0
dc3cc8d40b195928f4aa59f2f65cede6b80e2e11fa04ad4e21894450f9fae291,JMG_077,Marketing- New Visual Identity Launch,2022-05-02,2022-06-10,Internal Project,COMPLETE,JMG15,JMG15,EDB6A9A7-5102-45E7-9BE3-A7F958716C2F,,,1,given,,,
6f3808b4829a1c72c1ede4ad5ec9e11f16b9d09ed457b9e934a4ce0986a793be,HGC_042,Deal Origination Tool - Phase 3,2020-08-03,2020-10-31,Client Project,COMPLETE,JMG22,JMG22,EE649EF4-C803-4F9C-A7AA-110D5BBB256E,,,1,given,,,1.0
cb0d84ce566e30017f5a4b1a32e8a2e3e6b527b960f4d7016f6b4b610cad3276,PNH_004,Kartesia - PlanetHome - Phase 4: Data Infrastructure Modernisation - POC use case build,2024-11-25,2025-05-31,Client Project,COMPLETE,JMG149,JMD140,41547C3F-28A6-4E22-8EBD-A014D1DA28E5,Data Engineering,Core Reporting,1,given,,,1.0
bf2feefa1a5d79883c386dfc4d2250d84ea57b7354d54df47a48b74b38574c44,RFN_002,Apiary - Radiant - Reviews Portal & Vertical Int. Reporting,2025-06-09,2025-09-21,Client Project,COMPLETE,JMG79,JMD39,9418E029-9583-4779-870F-65653E8E1B9E,BI and Reporting;Consulting,Core Reporting,1,given,,,2.0
35dbcd6884ba039cbae5797fe588f0367c4c257c7019a3cc9b40108925a56b48,AFF_002,Oakley Capital - Affinitas Education - Enrolment level reporting - Build Phase,2026-02-09,2026-03-27,Client Project,COMPLETE,JMG225,JMD81,6ADB5FC2-E271-4607-96AA-AF1768A6B21A,Data Engineering;BI and Reporting,Core Reporting,1,given,2026-04-25,,1.0
1109b40cda6226e66008b637e8f65b74a69a7581505f20a29fef40cd55f5e932,NAI_005,NAI C&H Automated Emails,2026-04-27,2026-05-11,Client Project,DEAL WON,JMG170,JMD258,C95FC561-B3EE-4DCC-901E-ED9CD4389D6C,Data Engineering;Consulting;BI and Reporting;Full Stack Engineering,Core Reporting,1,given,,,3.0
7ebcec27197141788f65c00af3b6458ddb68cc715a287506e26528d19af30a7f,GNT_003,Gen II - Customer Cube Build,2025-03-03,2025-05-16,Client Project,COMPLETE,JMG81,JMD370,369E080B-7B46-47FB-BFD0-FE822EB363A7,BI and Reporting;Data Engineering,Core Reporting,1,given,,,3.0
cadf73755c117df407168123420a646220cd0ce71d7be815c26f4c234ee0306d,RTC_004,H2E - RAM Tracking - Feature Additions (VC/JC),2024-01-08,2024-01-10,Client Project,COMPLETE,JMG188,JMD148,4EE29C6C-E77E-4B0A-A014-5EE360F71D29,,Data and Reporting,1,given,,,1.0
5da1cb1f2474208ecb34bd2fcb4749f058c52c7f9042a4432251589d51345198,GLS_009,Levine Leichtman - GLAS - TOM Design (MC / KO / SS),2024-11-11,2024-12-08,Client Project,COMPLETE,JMG64,EXT017,16BA707B-C0A5-43B3-8F7F-4D0E13213915,Consulting,Data Advisory,1,given,,,4.0
a09e40194194128effacc02221202a945a9527c8ad6a39a997ec4a11fd070451,PSC_020,British Council Process Mapping,2022-07-04,2022-10-31,Client Project,COMPLETE,JMG15,JMG15,88B6B8E6-EF36-4337-80D6-8986EB36FAC7,,,1,given,,,2.0
036501da218672a28f7cdb94fb53787364c15db6a0dacca352986b8ed825f098,AHP_001,Ashtons - Design and Discovery + Core Reporting (RK/KM/YS/NS),2025-07-07,2025-09-19,Client Project,COMPLETE,JMG217,JMD12,48891EA8-55FB-46DA-8F4C-9D81B45C4B96,BI and Reporting,Core Reporting,1,given,2026-01-29,,1.0
d23aeebb78b16d2555a19587998409c942a97e97cf475522b32f652b8f233727,PTZ_015,AKKR - Partnerize - AI Adoption & Impact Reporting,2026-02-09,2026-03-09,Client Project,COMPLETE,JMG308,JMG134,6DAE2A80-0E2E-40D9-A19E-0C34F59EDF1D,BI and Reporting,Value Creation,1,given,2026-05-23,,2.0
24eec0443552a7b8f0a0df7d4e6756827916f826015723dec7e62604b7cdbbf6,CHV_002,Triton - Chevron TM - Analytics POC Phase 2 (PG/CD),2023-07-31,2023-10-06,Client Project,COMPLETE,JMG87,JMD19,783F433D-70FA-417F-AA42-8D5833AED390,,Core Reporting,1,given,,,4.0
0086ae75a66f1b8e34aaa292da554b705b2fbde0da0e0f2b1f0d5e98b7320650,TRG_008,TRG Delivery Aggregator Tool - Maintenance,2019-05-06,2020-02-27,Client Project,COMPLETE,JMG22,JMG22,329D4B6F-73A3-47C1-9458-913505CBCBD2,,,1,given,,,
283d19add26cc9a4a5f130be55798940a74191a62653dfa028de4d4e608cddfd,SLC_006,Fiber Analysis Extension,2023-03-03,2023-04-14,Client Project,COMPLETE,JMG72,JMG72,FD167415-3377-4EC5-A564-654340D84674,,,1,given,,,3.0
cede549ae7c84394bfbeb102b4edb0028490745848107890954b705fc8350a11,RGS_010,RegScan Go-Live Support,2021-09-01,2021-09-30,Client Project,COMPLETE,JMD160,JML56,6C7618D4-6109-4EA4-A227-1B8CEBE1D585,,,1,given,,,
5e88b9cfdb52a7789d345f927361bd63c3dd4ca3db994188b806376a82f67dc1,ROI_001,Corten Capital - Roima - Core Reporting,2025-08-25,2025-10-19,Client Project,COMPLETE,JMG146,JMD31,E5C47FE7-C98A-4814-ADB2-7886AB6E2914,BI and Reporting;Data Engineering,Core Reporting,1,given,,,1.0
a4f93516d3748d3e5b04df43adf9ce46ef3b6283022c27208a4c2c032d13949c,CAS_004,Caseware - retained support extension (JT),2022-05-08,2025-12-31,Client Project,COMPLETE,JMG69,JMG69,E72F7D91-5FA6-49BC-B840-F213738107A8,,Core Reporting,1,given,,,1.0
7bdfdebd96311d8bc7fa6a29a253a4c5ea2772bedb5b3cbc33e450a42d58a84a,SOV_017,Sovos DBT Maintenance & Development (JAN 2026 - MAR 2026),2026-01-02,2026-03-27,Managed Services,COMPLETE,JMD135,JMD205,F984AAE7-6BC9-4D69-8125-763CEE1196B5,TechOps and Automation,Managed Service,1,given,,,1.0
f1f53632bc7b8a8ecf434d40ef68da97ab9798744c7296ee8efd357bc3a968f3,PTA_003,TA - PMA - Azure Migration (MC/AB/SR),2025-01-19,2025-02-08,Client Project,COMPLETE,JMG59,JMD128,E9ECAD7F-CDBD-4ED0-B8AC-DB6F1C5F6A4A,Data Engineering,Core Reporting,1,given,,,4.0
0df18ba7a0fc95e652d13045ef0d6dd7764737ea2da52e56f571771eebce381f,CHF_001,Horizon - Churches Fire - Core Reporting Design & Discovery,2025-08-04,2025-08-31,Client Project,COMPLETE,JMG97,JMD91,A00DFE0F-BF08-46E5-A27E-3104A16D21B5,Consulting;BI and Reporting,Core Reporting,1,given,,,4.0
48047ca6081ea99ae242d82206b707f7a451f0c9fab05ca7b2c0852c8679b6ea,SHK_002,Shackleton Advisors - Phase 2 (Roadmap),2025-01-06,2025-02-16,Client Project,COMPLETE,JMG122,JMD89,2388CF8B-3F81-4137-818A-54C9284CC92E,BI and Reporting,Exit Support,1,given,,,2.0
8088c1df536ee2acd31462d31314ac12a583b2c67c7872d08ef0970816fbeb7b,AMN_004,Cinven - Accumin - Group Infrastructure & Reporting Phase 4 DTaaS,2026-04-07,2026-06-30,Client Project,DEAL WON,JMG72,JMD140,39A852E2-9E69-488B-A52F-A42968DF52CF,Data Engineering,Core Reporting,1,given,2026-10-30,,2.0
80e84fe6fd7eb08f1264be474cb3c3f423e7c9e5111014ca088cfece7f5b60b8,KSY_001,Insight Partners - Kaseya - Design & discovery and Tactical Dashboard Support,2025-11-03,2025-12-12,Client Project,COMPLETE,JMG114,JMD20,2B0A8598-3C73-4209-A636-E544FFBCF854,Data Engineering;BI and Reporting,Core Reporting,1,given,2025-12-17,,3.0
01c9dc82cc80a80d63ed15cab51681f91ae45772d2fc836bd26dd9b443f49eca,JMG_200,Product - Magpie,2024-02-29,2025-12-31,Internal Project,COMPLETE,JMD39,JMD12,45AC9AD7-51C9-4C2D-AB89-ADEA174B2771,Software Development and LLMs,PE Services,1,given,,,
961fcee916ec06b3c99a6030590b76bbd79e033e354a700ef2e55f1d853232bb,LOW_007,Perwyn - Lowe - DD Support and Exit support,2025-05-15,2025-06-27,Client Project,COMPLETE,JMG219,JMD141,5B2E59CB-5FFE-4024-A372-A4600861A984,Consulting;BI and Reporting,Exit Support,1,given,,,1.0
93db44e634c1aafdfae8721f3e585edb6c2a842d6e01224b1c00f4d8ba48caaf,VTR_002,Vitruvian - Twinkl - PoC,2024-04-08,2024-04-26,Client Project,COMPLETE,JMG207,JMD141,ABB0A2B2-72FB-4E87-94F2-1E94882D38A3,Data Science,Value Creation,1,given,,,1.0
c6be4b5dbb497a463817221bac7f82bbfed61c629ec04af7bc3a5e8d09e60dba,SVT_001,Survitec - Product and Customer Cleansing,2022-05-10,2022-06-24,Client Project,COMPLETE,JMG24,JMG24,06667D0C-DFA2-4925-A6B2-CEE326A4E4D7,,,1,given,,,3.0
f53b3489fefb3617f0fd6769be9ee24247698d238f28da4a4c4d35f89ea7c560,ZED_001,Corsair - Zedra - Design & Discovery Assurance,2026-01-05,2026-02-02,Client Project,COMPLETE,JMG394,JMD16,FFDFFC68-8743-4418-802A-11A99EF184BC,Consulting;BI and Reporting;Data Engineering,Core Reporting,1,given,2026-05-09,,4.0
29ba814a681dbe3d51f9b5ab411abda71afcee077aa07dc763c021b42faf1275,PSG_002,Secondment,2023-03-01,2023-09-29,Client Project,COMPLETE,JMG56,JMG56,0D3F30CF-BC48-41BB-A106-96D6B5968ED2,,Core Reporting,1,given,,,1.0
2949eebfb7c719e1287bd77d48c44af3444aba64b7882358ad15b829b09fae54,HBU_003,HIG - Hibu - Dashboard Enhancements (MC / MB),2025-07-20,2025-12-26,Client Project,ACTIVE,JMG52,JMU003,50BF2268-960D-4ACB-8973-BFCCF9BEAC4A,BI and Reporting,Exit Support,1,given,2026-08-21,,3.0
be9eee7fc87af12f9e6f236456e5bfee7f1d8f0bd18c4b65a5c916b084630d6a,CLN_019,Account Oversight,2023-01-30,2023-03-31,Client Project,COMPLETE,JMG51,JMG51,CBE4E752-7D89-485F-8768-BE5DBF9C1F6C,,,1,given,,,4.0
0d08561133462462c6548ce313e0ee24b73b3eb077d1b0bbfed45e58d235cc3e,RDG_006,Horizon - Project EAGLE,2026-02-02,2026-03-30,Client Project,COMPLETE,JMG97,JMD180,C61666D9-4AB2-4623-95E1-E828C5352219,BI and Reporting;Data Engineering;Consulting,Exit Support,1,given,2026-08-07,,5.0
e991dbcfd00538bc1919d7bc90d50f3783aa5a96d2c60f84c2ffa28fd7a590b7,MTH_001,OTPP - Mitratech - ARR Bridge Diagnostic,2026-03-02,2026-03-16,Client Project,COMPLETE,JMG44,JMD141,C52D2B20-2EF0-4D4B-A786-FD5FEC282EE8,BI and Reporting;Data Engineering,Core Reporting,1,given,,,3.0
61198f25916cf508cc3e14351c2f81c91aa6f4629d11565811b9ca79fe0651ca,HGC_033,Project Malta,2022-03-28,2022-04-01,Client Project,COMPLETE,JMG22,JMG22,EE649EF4-C803-4F9C-A7AA-110D5BBB256E,,,1,given,,,1.0
c0de64918d3fc1b08233efbaac271f320a2e4f9e8ddf7395df18b32d7a004e65,MSG_009,New Entity Diligence,2022-10-10,2022-10-21,Client Project,COMPLETE,JMG49,JMG49,2D143C29-D66C-4CD2-BB0D-1800CC18F116,,,1,given,,,1.0
7d9a916462313a22da2ceac900245ea7751c5d1f50d56f5599df7551999bb27d,BFT_001,RFD Beaufort Managed Service Support,2026-04-01,2026-05-27,Managed Services,COMPLETE,JMG408,JMD189,E07E4852-1D58-4B72-8032-A77B573135CD,Data Engineering;TechOps and Automation,Managed Service,1,given,2026-08-31,,3.0
1b8349c07c4fafbd9cf5a3038c5fd3da70086722475c51f3061cb5550ba8f08a,NTL_006,Cinven - Nitel - Phase VI Tool Support (KO/MaS),2023-05-01,2023-10-13,Client Project,COMPLETE,JMG72,JMG72,4A53C5AA-F996-4D6C-90D5-3B4046634709,,,1,given,,,3.0
600510e96b4003098c703c384b3196ebdd4359d84ac766122b3253ca1738689d,JMG_025,CDM: DevOps,2020-01-01,2022-12-31,Internal Project,COMPLETE,JMD162,JMD162,EDB6A9A7-5102-45E7-9BE3-A7F958716C2F,,,1,given,,,
69e014b364354d58ff9b8e8a8935506516cd6d9aad3ce8ae566e6452a04aa086,NLD_001,PSG - Nalanda - Reporting Support (MH/BL),2023-06-12,2023-07-28,Client Project,COMPLETE,JMG56,JMG56,2DBC8C19-DC8C-4A95-A4B9-090DF0148CD3,,,1,given,,,1.0
c882855647bbee3d0d8c16afc0456f7b0f7a247f87d1534d34e5a4e1458f1cc4,GFP_001,Guardian Fire Protection Services - Reporting Automation,2024-05-26,2024-06-30,Client Project,COMPLETE,JMG52,JMD173,18BEADF3-4092-4A91-B73F-154A649BC563,,Core Reporting,1,given,,,3.0
c6e387e5494a054efbd72ce2548dd5bf8db38c8bedc8f7a4cab160093c3f94a6,EXE_001,Aurelius - Exertis - Pricing Diagnostic,2026-05-04,2026-06-01,Client Project,PROPOSE,JMG217,JMD372,D0731C13-17BD-4420-8335-37FC65D9A9CC,Consulting,Value Creation,1,given,,,1.0
cc02d033db1ef200596bc089cddf00a0e7080b25719162fab3971cd3e7473097,PSC_022,S&ES Financial Support follow on April to August,2019-02-01,2019-02-28,Client Project,COMPLETE,JML-005,JML-005,88B6B8E6-EF36-4337-80D6-8986EB36FAC7,,,1,given,,,2.0
00471b876ff67be3cb74dbd9faf03148d2f06019ef4db058df04ec5f0569f96c,WIT_005,Reporting Automation & Data Engineering,2023-04-10,2023-07-07,Client Project,COMPLETE,JMG49,JMG49,BD5939CE-0970-4DB4-98B7-BF77E8588207,,,1,given,,,2.0
4d2bf87567bf2c3f4a1dee357133af1356b2af64125a30e7e3560f2de238c4c7,NTS_018,NetSmart - myUnity - forms conversion work,2024-08-01,2024-12-31,Client Project,COMPLETE,JMD12,JMD92,11E011AC-D864-49EA-85CD-38A219CB55C6,,Managed Services,1,given,,,3.0
be148678ccc82105e231165279de79f705f627b2f8e65b18b10959ceee6a80aa,TRG_007,Labour Flexibility Model,2019-02-01,2019-02-28,Client Project,COMPLETE,JMG10,JMG10,329D4B6F-73A3-47C1-9458-913505CBCBD2,,,1,given,,,
f32d6c48712d8b2c17183de35b36381981b3886a621eea70b25afbe71d058bba,AUF_001,Baird Capital - Aura Futures - Data strategy and quick wins (FS/CD/KO),2023-12-04,2023-12-15,Client Project,COMPLETE,JMG122,JMD106,E89CED45-CB39-4485-AFB8-F802587197A3,,Data Advisory,1,given,,,2.0
83568c702eb4a9a1b66d696b413e8c0f8ac122a51616f8f88c2520a16936075b,VRA_002,Livingbridge - Veramed - Infrastructure Implementation (CD/MC/EA),2024-02-01,2024-06-07,Client Project,COMPLETE,JMG79,JMD118,F6DE63C6-9DE4-4BB0-9988-BA057EE8B051,,Core Reporting,1,given,,,2.0
5ed79781df131272c9ebf43b54a17a67285855dc208ce4418cd02d571a06860d,CNC_005,Cinch,2021-08-02,2021-08-31,Client Project,COMPLETE,JMD160,JML56,E6ED099A-E034-473D-A237-92B0C8A6EADF,,,1,given,,,4.0
325b259b61c781a6801bb73ffbce61be151d09499ece06a9af6221bf04dbdc8b,EVX_005,TPG - Everfox - Renewals Bridge Enhancements,2025-12-22,2026-02-16,Client Project,COMPLETE,JMG44,JMD135,1BDA2FFB-61C7-4F3F-A819-D79EE3818C31,BI and Reporting,Core Reporting,1,given,2026-05-13,,4.0
8b423f40a015b2cd430c85232c05f79a2c44ec4be4652873b913a1bd54e37060,SLR_003,Ares - SLR - Phase 2 Build,2026-01-05,2026-02-22,Client Project,COMPLETE,JMG141,JMD118,610EEECA-22AC-4D30-BA02-AB3055CD2762,Consulting,Core Reporting,1,given,,,4.0
8fdc138b14533c719173c2852443382785b1fbaba2d3e2864a9c39a3c9593433,TRG_001,TRG Basket Analysis,2020-01-20,2020-03-31,Client Project,COMPLETE,JMG15,JMG15,329D4B6F-73A3-47C1-9458-913505CBCBD2,,,1,given,,,
a0e72306fca03142cf420849ab1bf294543f2c0efadd327a3d58e75cdcf8024e,SVA_001,Synova - Deal Origination (MS),2022-12-26,2023-02-05,Client Project,COMPLETE,JMD41,JMD41,C41A61F0-82A6-4B65-B983-541748FD2482,Data Engineering,Managed Services,1,given,,,2.0
ce917fa206f30b37b5ffbaa03c600a65272e1bf5d7f18ff30e376849d30e7c78,ALM_013,Apax - Alcumus - Phase 7 - Highwire Churn Model Roll-out,2026-04-07,2026-06-02,Client Project,DEAL WON,JMG117,JMD112,7F3D6169-7593-427C-AEB3-F0F6C253DA67,BI and Reporting;Data Engineering,Value Creation,1,given,,,4.0
a78b1da2ca3fbaa2ae5019e657c4c1a1fdaff9d99fc75bec16a5275827b8961e,CNC_018,Mobile App build extension Q1 2023,2023-01-02,2023-03-31,Client Project,COMPLETE,JMD41,JMD41,E6ED099A-E034-473D-A237-92B0C8A6EADF,,,1,given,,,4.0
70490c22dbf0a001cfaf73d5964e643cf4c688614738211eac5af2412d583b4c,JMG_222,Real-Time Data Analytics,2024-08-05,2024-09-30,Internal Project,COMPLETE,JMD31,JMD31,45AC9AD7-51C9-4C2D-AB89-ADEA174B2771,,,1,given,,,
a6bb5660f2f265f569b5effa3b572091e5d9243e97548990533e8f7a8e36f614,EDF_001,Sovereign - Eden Futures - D&D & Exit Prep (JC/FS),2026-08-17,2026-10-26,Client Project,SOW PENDING SIGNATURE,JMG334,JMG334,C4B94E5B-2A22-4E7B-A3D3-E333C3E6231E,Data Engineering;BI and Reporting;Consulting,Exit Support,1,given,,,2.0
4bb28e3e7159751fd82304e2fe6cb84cddb55eabeb7ca46ecdc29f734f0c5369,SLC_005,Fibre Broadband DD,2023-01-03,2023-02-10,Client Project,COMPLETE,JMG22,JMG22,FD167415-3377-4EC5-A564-654340D84674,,,1,given,,,3.0
d09e60724c7653de271ec22aa3a8f5d893b53cd87d9b708009cc84d5498f42c8,IIR_001,ECI - Insurance Insider - Infrastructure & Dashboard Migration,2025-05-05,2025-07-11,Client Project,COMPLETE,JMG69,JMD16,DFA585B8-A0D4-4641-BA49-67FDE87AE947,BI and Reporting,Core Reporting,1,given,,,1.0
9b243668c5845511f8d2161ac5aaf73c7965cffdc6e2c9b7d1fa92751609651e,PTZ_016,AKKR - Partnerize - Customer Health Tool,2026-02-09,2026-04-06,Client Project,COMPLETE,JMU020,JMG134,6DAE2A80-0E2E-40D9-A19E-0C34F59EDF1D,BI and Reporting,Value Creation,1,given,2026-04-24,,2.0
0ac69d278d417a6f7effa6df7e0767a79c27c02cd8db118b96b156c377b4d5ae,GCC_007,Growth Curve - Confidential DDD May '24,2024-05-20,2024-05-24,Client Project,COMPLETE,JMG31,JMD3,E7B0400F-CBCC-4BE8-9573-F811A6B47A40,,Due Diligence,1,given,,,3.0
c51f3f7a31f27e30c36e06aa90ed883d85ef083e5da95e0aed321724de3f3afc,JMG_154,Diversity Strategy,2022-09-20,2022-12-02,Internal Project,COMPLETE,JMG87,JMG87,EDB6A9A7-5102-45E7-9BE3-A7F958716C2F,,,1,given,,,
ae4e8eaf804d465732c8d0e4e21b2c7521df5310bcdf316e433a8420205d83c3,JMG_226,Product - Single Company View - dbt Snowflake,2024-09-09,2025-12-31,Internal Project,COMPLETE,JMD84,JMD130,45AC9AD7-51C9-4C2D-AB89-ADEA174B2771,,,1,given,,,
309ca3765edc4bad00cbbec5fa625f4f3092bbc01ef93f25964672a44e5bb390,EFW_001,Perwyn - Everflow - AI workshop,2025-06-16,2025-06-22,Client Project,COMPLETE,JMG29,JMG29,3829CB2C-30DA-487F-8FDC-B2DFA30EE298,Gen AI,Value Creation,1,given,,,1.0
f8742df9f265e1dddb5b09296ad73b968f866494bbdeb0a8f9bee5d0fe86aa57,MTU_006,Permira - Motus - TOF Dashboard build,2025-11-03,2026-02-06,Client Project,COMPLETE,JMG133,JMD220,A9B18F79-66D7-4BA1-B09E-46A01365B601,Data Engineering;BI and Reporting,Core Reporting,1,given,2026-03-20,,3.0
5c53bffe440292e72dfcb2925c2ab74ef63f4b55c85054b331acf9dd73d47490,DUT_002,GCC - Duetto - SODU Secondment Analyst (AW / VC),2024-11-22,2024-12-20,Client Project,COMPLETE,JMG81,JMD5,734D863D-B3AA-4CAE-8955-47A762C7E0DD,Data Science & ML,Due Diligence,1,given,,,3.0
17606f2cbd4dcaf62ddc7a4f3975cf91f72636cf84bbda1501366fcb0e683f8d,CNV_002,Cinven - Project Meteor,2020-08-28,2022-09-08,Client Project,COMPLETE,JML-005,JML-005,8135724D-49AF-474E-A51F-16D014729EE8,,,1,given,,,2.0
a42eeac240fa2c162a2a9c2f67ac05b30a7cad6c0ded2377e2a80eb35e195b7b,JMG_163,Our Clients,2023-01-16,2024-12-31,Internal Project,COMPLETE,JMG24,JMD3,3A4B9733-496E-4579-9FCB-892E2A96B228,,,1,given,,,
292fa247c6b686d068b6132c8801e0484d763dd9e18a1d1af1d678f02064ccca,DLL_001,Expansion Analysis,2020-11-09,2021-01-03,Client Project,COMPLETE,JMG31,JMG31,2A9CAD83-6016-4EFD-AECB-21304B4C846E,,Value Creation,1,given,,,1.0
1dfdf23cbab573c38b20d9f218b4a8f389ab2e16de1933de38f0d39f276c0aa7,NMI_001,Levine Leichtman - NMi - Tactical Revenue Bridge Build,2024-03-28,2024-05-03,Client Project,COMPLETE,JMG64,JMD5,C85903E6-6748-44B5-95CF-FCC5AD71A1AE,Analytical Engineering,Exit Support,1,given,,,4.0
0842c7bc99cfba2add3dc356d0ff6b79ce4cf0710c6dd3227128d4bda1cc65c1,PEC_009,Platinum Equity - Peli BioThermal - Paxafe phase 2,2026-05-21,2026-06-25,Client Project,COMPLETE,JMG313,JMD214,2AD82EA3-8E7E-47BE-B693-EA64752F9440,Data Engineering;Full Stack Engineering,Core Reporting,1,given,2026-07-03,,5.0
78ffefc47efe00afbd394838f908ceb494015f1c1ec679c3cb80ac8813b034ce,FRG_005,Frasers Group - DTaaS - [Ext] Phase 4,2025-06-02,2025-07-31,Client Project,COMPLETE,JMD81,JMD130,D94A0075-BF8F-4217-AA78-69F5ACD0FB03,Data Engineering,Core Reporting,1,given,,,1.0
776ddb7ed48933aa2307ee863201cfd990fcf599fdc45ab2e830b602d82fda2e,JMG_096,Sales NC projects,2022-05-02,2022-12-31,Internal Project,COMPLETE,JMD3,JMD3,EDB6A9A7-5102-45E7-9BE3-A7F958716C2F,,,1,given,,,
5d5f028f1373d2716992ed33b416c6cafdc53597f2c03a97a7e5149f8c927561,MSQ_002,23MSQ - Ericsson MVP Build,2026-06-01,2026-07-27,Client Project,ACTIVE,JMG122,JMD12,3E738CE2-9FB1-42B0-929E-C1B9ED0BE76A,Full Stack Engineering;BI and Reporting,Core Reporting,1,given,2026-08-14,,2.0
7cbcbd82ed57aef3a48bdcb47dc5652fb7f84d92197b5e30ee0110b3adf7bf6c,SMG_002,HR Analysis,2023-01-16,2023-02-12,Client Project,COMPLETE,JMG113,JMD87,8CF471B9-079F-4497-AE69-8DFBC4CA75F4,,,1,given,,,3.0
4c2d1b2181635c65834fee94dce54b05b8507896b54d2e5b0f383babb86a6066,SVT_024,Searchlight - Survitec - DTaaS - For Defense - May - October,2025-05-01,2025-10-31,Managed Services,COMPLETE,JMD3,JMD173,06667D0C-DFA2-4925-A6B2-CEE326A4E4D7,Data Engineering,Managed Services,1,given,,,3.0
7c312f1a1ad7388a3f336c8f13083fd2c9e801b63ec1a6db8ac9dea43d5b8e66,CLN_022,GAoD BAU Placeholder,2022-11-01,2023-02-03,Client Project,COMPLETE,JMG51,JMG51,CBE4E752-7D89-485F-8768-BE5DBF9C1F6C,,,1,given,,,4.0
c57adff13543296d724ff6cfacf80d71a55853df83623aa55ea3199909d5bb2a,JMG_061,Scraper deployment framework,2022-02-14,2022-04-03,Internal Project,COMPLETE,JMD118,JMD118,EDB6A9A7-5102-45E7-9BE3-A7F958716C2F,,,1,given,,,
0957ffe4f06b45741ff8b6010ce0a86b3e1c1e4bbfdbdab706f368243fee3a0f,CMS_001,EQT - Compass Education - Design and Discovery,2026-04-13,2026-05-01,Client Project,COMPLETE,JMG150,JMD180,8C646E80-F13A-4796-9F13-167D7293B298,BI and Reporting,Data Advisory,1,given,,,1.0
9934adc958bb20b5ff9715998b6a47a13eec23ec17e82ca7f2bde11b025bbd12,OCP_004,Oakley Capital - ESG Reporting (AB / JT / SG),2025-10-27,2025-12-26,Client Project,COMPLETE,JMG98,JMD28,F96160CB-9CAA-455A-8B20-E2E563CCF353,Full Stack Engineering;Data Engineering;BI and Reporting,Core Reporting,1,given,,,1.0
20c7b20f3c98103d418132e8cbe999067fc800ede1795d17b8b7a3e8dd3ad02f,WDC_015,ABC - World Courier - Repricing Engine (MB/PG/CD),2023-08-29,2023-09-15,Client Project,COMPLETE,JMG186,JMG186,BA9A80E3-DFA1-45D1-8440-5955274FEA1A,,Value Creation,1,given,,,1.0
d7e04cb41d5d9200e81efcdbfea5b219ab7fedef20a88305ff3bfa02031ab3d7,HGC_036,Reserved DD Support,2022-05-02,2022-05-02,Client Project,COMPLETE,JML56,JML56,EE649EF4-C803-4F9C-A7AA-110D5BBB256E,,,1,given,,,1.0
fccad207b8c6bdd6ad3d905de704b9bfc30d74609f53a4706a0b7e6dd4778a2b,STL_003,Graphite Capital - Storal Nurseries - Phase 3,2025-12-08,2026-02-02,Client Project,COMPLETE,JMG122,JMD19,3A3351E8-AE6C-4014-A48A-4AC408DA183E,BI and Reporting;Data Engineering,Core Reporting,1,given,2026-02-13,,2.0
b8d5a89a7f343ab185a8822e17f5756dc74a78b7de599a0356509dcea86971a3,MSG_008,Phase III Development,2022-07-17,2022-10-28,Client Project,COMPLETE,JMG53,JMD94,2D143C29-D66C-4CD2-BB0D-1800CC18F116,,,1,given,,,1.0
c9b6b90a24c2c1889d98065460fdb83ad3a5882b838ce9cab833fef8c8234d80,JMG_262,Internal - JMAN - JHIRE,2025-07-01,2025-09-08,Internal Project,COMPLETE,JMD193,JMD193,45AC9AD7-51C9-4C2D-AB89-ADEA174B2771,,,1,given,,,
a02ec74928a1aa27ce9ea432322275c3d3eb56c5d35a1658d50ebbfd87897d42,NTS_004,Forms Management,2021-01-04,2021-12-31,Client Project,COMPLETE,JMD160,JML56,11E011AC-D864-49EA-85CD-38A219CB55C6,,,1,given,,,3.0
0c727b076320afcb956baeff3772a7b2799a7c47b3e03dac10d2809f074fc43d,JGL_169,Entity Resolution (IP) - Phase 3,2023-06-12,2023-07-31,Client Project,COMPLETE,JMD3,JMD3,EDB6A9A7-5102-45E7-9BE3-A7F958716C2F,,,1,given,,,
3c97caca0e7a52648c70d166c2587a6461dd9a23e55a195511bee6feabe42787,RLD_003,ARR Reporting Reconciliation,2023-01-16,2023-02-17,Client Project,COMPLETE,JMG44,JMD181,6FA65EF2-FAFC-432E-ADF3-4E4090AE887D,,,1,given,,,1.0
5275f82a04cef99e29d07200c86fc7c046ae3d351a610e4a0851dc83d88e8f6d,HGC_003,Project Seven,2020-08-10,2020-08-21,Client Project,COMPLETE,JMG24,JMG24,EE649EF4-C803-4F9C-A7AA-110D5BBB256E,,,1,given,,,1.0
8c914fe080f5730af02bbb2d1271ad10476ed44610219f6cf1f30f424106766b,ONE_008,Cinven - Group One - LLM Website Feature Extraction (AW / FS / NJ),2024-03-11,2024-04-25,Client Project,COMPLETE,JMG81,JMD5,AC87B31A-212B-44B6-BA73-6677A4222D6E,Software Development and LLMs,Value Creation,1,given,,,2.0
41b8fd9d2e89ea9821e348486e14a9c465500dcd29be35d54e3903a3ab01d261,CMR_001,Policy Genie VAPT and Concurrency Test,2019-02-01,2019-02-28,Client Project,COMPLETE,JMD43,,4D4AA188-085B-4EB0-BDD5-0B1AA4D17061,,,1,given,,,
032657783ec9a7efbeb7fddc5fdc08e1b2f13435bd7415b92963e93af3f30afb,JMG_075,ISO Re-certification 2022,2022-04-01,2022-05-31,Internal Project,COMPLETE,JMG76,JMG76,EDB6A9A7-5102-45E7-9BE3-A7F958716C2F,,,1,given,,,
3186a511bac0e78f8953721bf2fd7876384ce41fbd83749e95261dd9f7493d73,URB_008,Guna Intl - Urban SDK - QA Phase 8 (AG),2024-04-01,2024-06-30,Client Project,COMPLETE,JMD16,JMD165,537AE83E-2265-47B9-80F8-98900B13B716,QA,Managed Services,1,given,,,2.0
c3b6d2733be184093c324bca572f2ea31994e55fcdcb4973d0e688f41b35bb5e,LGC_001,LGC Digital Review,2020-05-25,2020-07-24,Client Project,COMPLETE,JMG15,JMG15,AF08DE99-873B-4EF4-8D4A-50CFCEF39CBA,,,1,given,,,
1b6ddc39fa72f3ab8a07d6066ae8bfdecde35e9cfc06d22a99d4921e1f8345f6,PSC_015,Doddington Community Hub business case,2021-11-01,2021-11-26,Client Project,COMPLETE,JMG15,JMG15,88B6B8E6-EF36-4337-80D6-8986EB36FAC7,,,1,given,,,2.0
f30764e5ea80939b903ecaa1a58b8c65017f76c699cc8e49d4e7ccd82680ec73,NTS_001,DeVero-FMP,2020-01-01,2020-12-31,Client Project,COMPLETE,JMD160,JML56,11E011AC-D864-49EA-85CD-38A219CB55C6,,,1,given,,,3.0
c8418b11799e4dda123ceef8125e313ee1cd661976edf1b4e7a908d33debac94,MTU_005,Permira - Motus - Enablement and Roll-out,2025-03-03,2025-05-06,Client Project,COMPLETE,JMG218,JMG236,A9B18F79-66D7-4BA1-B09E-46A01365B601,Consulting,Value Creation,1,given,,,3.0
4d514bc1801d6586e8b3614a2ae2cb7e2e208e446a64e30bc358a89aa7de5208,IRI_008,Project Maverick,2022-03-09,2022-04-01,Client Project,COMPLETE,JMG22,JMG22,C8496A79-EC52-4B84-875C-972B867B5CA6,,,1,given,,,1.0
af61d140e597fe1dbd3fc736e85bfde7f4615ba04cad4816f88bda028abd9181,APA_001,Apax - Fund Reporting - Pipeline Engineering POC (TW/SI),2024-02-12,2024-07-05,Client Project,COMPLETE,JMG49,JMD172,8744B82F-367A-429C-865A-23C3A16313EA,,Core Reporting,1,given,,,4.0
7eedbebab2bc6f5609bb5febacbe3937e293c31e5aca7a1d09db838d1fe344e3,BGR_001,Sovrereign - BioScript -Discovery & Customer Cube (CD/VM/OMC/COC),2025-03-03,2025-06-08,Client Project,COMPLETE,JMG301,JMG51,8D25DB9D-4BDA-4E96-9C6C-79E913444673,BI and Reporting;Consulting,Core Reporting,1,given,,,2.0
755fedbe0865661bc9c1fa6b68af9d02bd78efa1745773d6a638d68115d40d3c,GES_002,Excel support,2023-03-20,2023-03-23,Client Project,COMPLETE,JMG81,JMD28,2756CDC4-B4EA-458A-899A-8EECBA26A586,,,1,given,,,4.0
ad8ca4df007886acfab1c05f69731557348a35cd1cd6f208aed059077af82c61,IDN_004,IDNow SF Ingestion - Extension,2026-03-23,2026-04-27,Client Project,COMPLETE,JMG225,JMD166,4C08A09D-266B-4BF5-983D-DA8A90F88E02,Data Engineering;Data Science & ML;TechOps and Automation,Value Creation,1,given,2026-07-26,,1.0
4b41329440c419a931544dc28145f2569ad045e5d040956ce299643212421ecd,JMG_219,Product - CloudisHub,2024-08-01,2026-12-31,Internal Project,COMPLETE,JMD156,JMD47,45AC9AD7-51C9-4C2D-AB89-ADEA174B2771,,,1,given,,,
15f0b72af645613c55c130fe2f462c82604007609673872a636a4c96260297dd,IRI_014,Hg Capital - IRIS - New acquisition support (TB),2024-08-12,2024-08-26,Client Project,COMPLETE,JMG69,JMG69,C8496A79-EC52-4B84-875C-972B867B5CA6,,Data and Reporting,1,given,,,1.0
0c406a3093b7a7718c68d801fc636266c58a9fb11d8904370ba1dcc7c831e612,PMG_002,LLCP - Prime Global - Tactical reporting secondment,2025-07-14,2025-09-30,Client Project,COMPLETE,JMG321,JMG321,39DD5FA7-614D-438A-9F3E-FCA02F113EE5,BI and Reporting;Consulting,Core Reporting,1,given,,,4.0
f54b62e68bffb32b9ecdd77cb673d40e58d59cc611e191c8477fecabe49120f6,HCE_002,Graphite - Horizon Care & Education - People and ComOps Cubes,2026-07-20,2026-11-16,Client Project,SCOPING APPROVAL,JMG398,JMD152,B547876F-43ED-4217-A8E3-6A249273B1EE,BI and Reporting,Core Reporting,1,given,,,2.0
5d113c5f3cb601b5969e9f5f74371f5f970fbc53f25ce954634fb290ccdb8b8f,JMG_052,JMAN HRMS,2021-08-23,2021-09-30,Internal Project,COMPLETE,JMD160,JML56,EDB6A9A7-5102-45E7-9BE3-A7F958716C2F,,,1,given,,,
a87be9612caf7c2c2e7aee160ea93dc911dac1d7f6b1ab14328e47106885d3fa,BAU_031,Pre-Sales,2020-01-01,2020-12-31,BAU Activity,COMPLETE,JMD97,,EDB6A9A7-5102-45E7-9BE3-A7F958716C2F,,,1,given,,,
022a033c506f8ebf7f21b42392aab8f6397637c48a9cea7337d29102e07d48d6,MCF_002,Permira - McAfee - GB Extension (with taper),2025-01-13,2025-03-09,Client Project,COMPLETE,JMG73,JMD41,EAC6317A-DF9A-4891-908E-AEAC15225E7E,BI and Reporting,Value Creation,1,given,,,3.0
a8aff87e0aaec029609a48d8e66b5102ab34ede739e27d096d9207f0e838393b,KSY_002,Insight Partners - Kaseya - Data Team Augmentation,2025-11-03,2026-03-16,Client Project,ACTIVE,JMG334,JMU12,2B0A8598-3C73-4209-A636-E544FFBCF854,Data Engineering,Core Reporting,1,given,2026-10-09,,3.0
1ab3718f5a3a0e49b03f37d4e2db5f98656a2b041c8cc7e675cf16926895ef0e,CNV_008,Kinetic Scraping,2022-03-21,2022-05-07,Client Project,COMPLETE,JMG15,JMD41,8135724D-49AF-474E-A51F-16D014729EE8,,,1,given,,,2.0
9dc7d669faab1267d8f3af6c81a6be3604cf2e3ec05a71fc0b52e6667ac10d8d,ERG_001,Permira - Ergomed - PowerBI Reporting,2025-03-17,2025-12-30,Client Project,CLOSED,JMG161,JMG147,B128A82A-816D-4216-B236-BCB1BDBE5E92,BI and Reporting;Data Engineering,Core Reporting,1,given,,,1.0
d6837af2f0060f9c360bddc16d5f669c8f691c51ff414a17dcbd1524ccbbea58,HIG_001,HIG - Project Bulldog - Tactical Cost and GP Analysis,2025-06-25,2025-06-30,Client Project,COMPLETE,JMG159,JMG159,8F0945FF-C8BE-47CE-8AA6-BA0E8017DA82,BI and Reporting,Exit Support,1,given,,,3.0
a887865afa260f69083542e2d698961675f15ccce1fcc54afded39e18e774db1,CLN_020,Greenstone 1 Close,2023-02-06,2023-03-17,Client Project,COMPLETE,JMG79,JMG79,CBE4E752-7D89-485F-8768-BE5DBF9C1F6C,,,1,given,,,4.0
296699d6f171f5403990aebf313de5e041501ff311d514f5265893e17471fef7,SLR_006,SLR Consulting - BI Support Team,2026-07-06,2026-09-28,Client Project,SCOPING APPROVAL,JMG190,JMD116,610EEECA-22AC-4D30-BA02-AB3055CD2762,BI and Reporting;Data Engineering;Full Stack Engineering,Core Reporting,1,given,,,3.0
0ced3c2184344cbff8f1e2029a472c1a5b188973624728e44402190c9401b09c,IRI_004,Cross sales tool,2021-05-03,2021-06-30,Client Project,COMPLETE,JMG31,JMG31,C8496A79-EC52-4B84-875C-972B867B5CA6,,,1,given,,,1.0
87781f3e33e17136044c2d5712236c188dda358b89dcbb25e34637da69da8fa6,LIT_011,Hg - Litera - Matillion support (JT / NJ),2023-06-29,2023-11-03,Client Project,COMPLETE,JMD42,JMD42,473AE726-CA6B-4869-B88B-B131A95074F8,,Core Reporting,1,given,,,1.0
759077ea88536988a643c49d34e271ee2a592dec081cd38770d70e24f5edf9a8,DXT_003,Oakley - Dexters - AI Sell-Side Strategy,2026-07-13,2026-08-24,Client Project,DEAL WON,JMG87,JMD37,9C437241-FABB-43DD-995E-C704F6348A30,Consulting,Data Advisory,1,given,,,1.0
1a43c78135fdc5001f497217401bc74cb722b2c54c78e1d6caf590e537a7d846,VTP_004,BC Partners - VetPartners - Phase 2 Development,2025-07-14,2025-12-26,Client Project,COMPLETE,JMG72,JMD172,28EF8687-3270-460B-A7AA-0D130E2D7892,BI and Reporting;Data Engineering,Core Reporting,1,given,,,1.0
655910fd9bf259f67cc2d1632e21d65015175ba825ce53dfa062234966fbd3ce,DNS_004,Horizon - Dains Accountants - Phase 3 Enhancements (TW/GP/AP),2024-08-05,2024-10-27,Client Project,COMPLETE,JMG64,JMD195,5553337B-330A-4E7B-AAB2-97AF6889EF91,Data Governance;Data Engineering,Exit Support,1,given,,,4.0
a09583fcfe1f9f73b0b6ab6499d44961fdaa4de53661940167cda7be21f2d7ae,GRD_001,Staff Rota Guide,2021-03-22,2021-08-13,Client Project,COMPLETE,JMG56,JMG56,3140DC21-481C-4C5A-939B-11CAC974D22A,,,1,given,,,
34ac660beff0982c7f2e3c92176770287729a47986351fd0f6e7c8f4014c50ec,UPR_009,upReach - Product Maintenance (PG/FC/NJ),2023-11-06,2026-09-06,Managed Services,ACTIVE,JMG87,JMD56,34DF2ADE-5CD1-46CD-8387-6B2C0F3FEBA5,TechOps And MS,Managed Services,1,given,,,1.0
c483449bdd5cd9c00595c33291e73fe8414ab7489b7eba1887cdf797ded75950,DSN_006,Frontenac - DSN - Automation D&D,2026-06-22,2026-07-06,Client Project,COMPLETE,JMG159,JMD136,80BAADB4-F045-41A2-A04D-B1131019757B,Data Engineering,Data Advisory,1,given,,,3.0
c0254728bb0fbcda3fb86b6efc6d0ea9d72bad369e9ddc08091c2bcc0f9b070a,TNM_005,Horizon - Turnmill - iGlobal Integration,2026-07-13,2026-08-10,Client Project,DEAL WON,JMG212,JMD226,268F8F25-FFFF-4AA8-B7CF-F6A9D40FEAAA,Data Engineering,Managed Service,1,given,,,4.0
6bfd35fccd0a3acc2fd1f6ce2aca997436c9863615ec4330c92a2e89071f1003,LIT_008,Whitespace Dashboard,2022-06-27,2022-07-08,Client Project,COMPLETE,JMG56,JMG56,473AE726-CA6B-4869-B88B-B131A95074F8,,,1,given,,,1.0
773aab6a4b33e1b405a564120e0484e22934681de18e6db086fd831a3a7cfe82,JMG_195,Consulting - Technology CoE,2024-01-01,2026-12-31,Internal Project,ACTIVE,JMD376,JMD19,45AC9AD7-51C9-4C2D-AB89-ADEA174B2771,,,1,given,2026-12-31,,
4ac1fb2e3a3b7a9f1acc1c775302a20cb1ed8d15a1acce511948651e3d440900,GRD_002,Staff Rota Guide Analysis,2021-09-06,2021-09-24,Client Project,COMPLETE,JMG56,JMG56,3140DC21-481C-4C5A-939B-11CAC974D22A,,,1,given,,,
5b91c1d9a6ad54c05f171456cc850ed5dc03928c448bcf5acb02ea0a4a6ef0d1,IMA_001,Historical MRR reporting,2021-05-03,2021-06-30,Client Project,COMPLETE,JMG29,JMG29,6094CAB1-A9AE-4B8D-9A6A-C2E0B73FAF16,,,1,given,,,1.0
4d4b12a358ea564f7066f481259aaa132a61a03e69bae5bba5fb67bcdc34e514,AGG_003,AG Grid - refresh,2025-06-16,2025-06-29,Client Project,COMPLETE,JMG220,JMD12,791B8459-E635-4911-A4CC-B52BC66461C4,BI and Reporting,Exit Support,1,given,,,2.0
b4d7df39b5e6a5c999ad965bd416ac8df975884ed2ba36faff762e66ca31fe4a,WDC_010,CS Performance Management Dashboard,2022-03-28,2022-05-27,Client Project,COMPLETE,JML-024,JML-024,BA9A80E3-DFA1-45D1-8440-5955274FEA1A,,,1,given,,,1.0
29ead4af95cf28d2360fd6e202bf34750b0339df53c94d3785cee96d0f7d48ac,COP_001,Lee Equity - Cooper Parry - Data Strategy (TW/CD),2025-10-20,2025-12-12,Client Project,COMPLETE,JMG64,JMD81,175DC05B-EF5D-462B-9F84-E6E6BF946378,Consulting;Full Stack Engineering,Data Advisory,1,given,2026-01-02,,4.0
f115dbae733e69ccdc20e91328fee4195b8f37775c238ffea0f84c4760c006ba,JMG_255,Product - JNext,2024-06-01,2026-12-31,Internal Project,COMPLETE,JMD39,JMD39,45AC9AD7-51C9-4C2D-AB89-ADEA174B2771,,,1,given,,,
58edbc368b5f7ddab5b2fc018563720fba027834852cf22f0e34b50eec3972da,FIR_021,Firetree - Data clean up,2024-07-29,2024-08-26,Client Project,COMPLETE,JMD8,JMD27,A13DC602-1FC1-4D39-B2AF-D0F1E4D8767C,Software Development and LLMs;Data Engineering,Core Reporting,1,given,,,2.0
ce82893956453c25379c784e7161e1003de96ab88dbf167e78b3bdd0460762d4,OPO_001,Opus Origins - Acquisition Diligence (HT/PG),2025-01-05,2025-02-21,Client Project,COMPLETE,JMG313,JMG144,F73EFC33-2CC8-4412-B247-0974FE032187,Data Engineering,Due Diligence,1,given,,,4.0
68bbcd1ddf25b7ec1589dda83ca4c2e5bb85d469f22f6ee869a98c1c3b46c898,RTC_005,RAM Tracking - Dashboard & Warehouse Updates (VC/JC),2024-05-13,2024-06-24,Client Project,COMPLETE,JMG188,JMG188,4EE29C6C-E77E-4B0A-A014-5EE360F71D29,,Exit Support,1,given,,,1.0
6206329c2f4edd067896b1655dddb16497cb2d0ad774bf0dd20b3ebfe4e6e691,ZED_002,Corsair - Zedra - Pipeline + Landing page + ORK,2026-05-26,2026-06-16,Client Project,DEAL WON,JMG130,JMG130,FFDFFC68-8743-4418-802A-11A99EF184BC,Consulting;BI and Reporting;Data Engineering,Core Reporting,1,given,,,5.0
a4bdd83271b8f433e73c725c66fb528c503e57f16e2473d17bca8e56abad96b8,APA_002,Apax - Fund Reporting - PortCo 3 (APA_002 EXT) (TW),2024-08-15,2026-01-21,Client Project,COMPLETE,JMG49,JMD144,8744B82F-367A-429C-865A-23C3A16313EA,Analytical Engineering,Core Reporting,1,given,,,4.0
4ccb43a6c91c113fa5e469e770f3ffca43edc7c457515929b96216369380822a,CNC_021,Guna Int - Cinch - Mobile App Build Q4 2023 (NJ) (EXT),2023-10-03,2023-12-29,Client Project,COMPLETE,JMD41,JMD96,E6ED099A-E034-473D-A237-92B0C8A6EADF,,Managed Services,1,given,,,4.0
b173327de71f6ace8d4defc5fe1353bc95d8c6026d6d2d98ba01e6ba2f1f0aae,NEU_006,Permira - Neuraxpharm Arzneimittel GmbH - Fabric improvements,2025-12-01,2026-01-23,Client Project,COMPLETE,JMG217,JMD372,FCD4E105-C01A-4C15-959E-5D7D3DB59FB2,Data Engineering,Value Creation,1,given,2026-05-01,,1.0
dfd8b1c21a6e162d663598eef8c7475e4e753f266739f141db1e2688b7741e06,CON_003,Apiary - Connect - Managed Service,2025-03-17,2026-08-31,Managed Services,ACTIVE,JMG72,JMD205,5D03EEE7-A5D1-445F-8F65-18278E71D104,Data Engineering,Managed Services,1,given,2026-08-31,,2.0
b57a0ef0253caed12b62953783ea127167a5035540747b460c2e5a3dc84aa9fb,BTT_001,Chiltern Capital - Batt Cables - Foundational Data Reporting (FS/KO/SI),2024-09-02,2024-10-28,Client Project,COMPLETE,JMG128,JMD256,8CA340DC-1045-41CE-8161-724C25840E4E,Analytical Engineering;Data Engineering,Value Creation,1,given,,,2.0
d2f3a94c25ba129720aef43fcd7ecb7e6e351fe5e5e7900de63a64c452eebcb9,PSC_028,HIU Analysis,2020-11-24,2020-12-04,Client Project,COMPLETE,JMG22,JMG22,88B6B8E6-EF36-4337-80D6-8986EB36FAC7,,,1,given,,,2.0
a0e8f8a536bde120a0872a50926c5db755d48b7c2aa270cf1d3c90050bc98949,GCC_001,SODU Framework,2023-01-02,2023-01-31,Client Project,COMPLETE,JMG112,JMD81,E7B0400F-CBCC-4BE8-9573-F811A6B47A40,,,1,given,,,3.0
87a01cf7c3fa7f512be4089b0e6481762706bba605a63d55f3a5910c6d10bd29,CNC_026,Cinch - Mobile App Build Q1 2025 (NJ) (EXT),2025-01-01,2025-04-01,Managed Services,COMPLETE,JMD129,JMD157,E6ED099A-E034-473D-A237-92B0C8A6EADF,Full Stack Engineering,Managed Services,1,given,,,4.0
c37e82e0a7bd04439dce6523bf3265f27e90b9000f7909ba45f188ba57c858c2,ALM_007,Apax - Alcumus - Transcripts and Churn Phase 4 (ALM_008),2025-09-21,2025-11-29,Client Project,COMPLETE,JMG117,JMD112,7F3D6169-7593-427C-AEB3-F0F6C253DA67,Data Engineering;Gen AI;Data Science & ML,Value Creation,1,given,,,4.0
ae950623a34a8d4d0ce03aae66b0d204000d9e3cacee36e7f8ac9ec2a9a34e3c,DGT_001,Insight Partners - Diligent - LLM Transcripts Analysis,2025-09-07,2025-12-12,Client Project,COMPLETE,JMU003,JMD5,CF24F70C-1907-4C84-809B-60DF0823AA71,Gen AI,Value Creation,1,given,,,3.0
8227ed7aad80987d83d41487183fed51aa98971f3cd3bb2c3a9ec34770d310c0,DAM_006,Kartesia - Project Nexus - Diligence Support (PG),2025-01-27,2025-02-21,Client Project,COMPLETE,JMG87,JMG87,960945DA-EA32-4A2B-BCFB-39307A77667F,BI and Reporting,Exit Support,1,given,,,1.0
e6dc5bcb8067209a4e459abcc6fc466f73fc512c0d9aab43820c68ea2330faee,GHO_002,Searchlight - Gresham - Managed Service,2024-12-01,2026-08-31,Managed Services,COMPLETE,JMG144,JMD189,3BEEA552-CEB2-405A-8EFE-110BEDA13318,Data Engineering;BI and Reporting,Managed Services,1,given,2026-08-31,,3.0
88efed6b5b872d214c8e3e2092587e03c9051a0c7d4d0980aa6c794cf436cf46,MVT_002,Medivet - DTaaS,2026-07-13,2026-10-05,Client Project,PROPOSE,JMG107,JMD112,4321FA7D-6CB3-4E88-A67B-5F0B6BC705C2,Data Science & ML,Value Creation,1,given,,,2.0
4153a9d61089633f8aadba2857c48bc76db230f2c5bc9547c8ee04881cf5d50c,SHK_006,Lee Equity - Shackleton - Data Cleaning Support,2026-05-25,2026-06-08,Client Project,COMPLETE,JMG72,JMD152,2388CF8B-3F81-4137-818A-54C9284CC92E,Data Engineering,Core Reporting,1,given,2026-07-31,,2.0
4cd7c4fd2ecb7926aad2cf3d735f263189e032e4c0fe161c80b55a12688b6618,CPI_001,CPI Intranet Consolidation_01,2022-02-21,2022-03-31,Client Project,COMPLETE,JMD160,JMD160,D6C58028-7AF1-4E52-9200-01C6EA1DC28B,,,1,given,,,
0c0bd55a8680e8338c7127525100d08efbd42e699628b62da17911214ba1b975,PHN_001,Oakley Cap - Phenna - MVP Design & Discovery (JT / AB / SL / YS),2025-11-25,2025-12-30,Client Project,COMPLETE,JMG98,JMD435,292F23F2-DBB2-4181-B2D7-57D6C405416E,Data Engineering;BI and Reporting;Consulting,Core Reporting,1,given,2026-01-23,,1.0
7de64c0545ee3b0ff44c3982c94c150a822635a7325d56e8563a2154af5865a6,CLN_006,Client Reporting Project - Phase 1/2,2022-02-15,2022-12-16,Client Project,COMPLETE,JMG24,JMD118,CBE4E752-7D89-485F-8768-BE5DBF9C1F6C,,,1,given,,,4.0
c3e2809a1cd287c5feb3fb5c1a04adfc33241560b8f175165f308a90574cbee4,AUF_008,Aura Futures - Margin Leakage & Reoccurring Revenue,2025-06-02,2025-07-13,Client Project,CLOSED,JMG159,JMD31,E89CED45-CB39-4485-AFB8-F802587197A3,,Core Reporting,1,given,,,2.0
df6ed096f3d28f98da43c7d537ca8a555ab5d8c0c3dee47d2b13476545375aab,CHV_006,Triton - Chevron TM - Phase 5 Retainer (PG/ZF),2024-07-01,2024-08-09,Client Project,COMPLETE,JMG87,JMD94,783F433D-70FA-417F-AA42-8D5833AED390,,Data and Reporting,1,given,,,4.0
9cac5bb7267111ea041e1bfe85cbbc7aeb322eba3798d6d65f6bc6cc1ece5a72,COM_002,Transition Sprint,2023-02-06,2023-02-17,Client Project,COMPLETE,JMG87,JMD3,1C21F75B-AF84-4D5F-9000-216A34D91334,,,1,given,,,3.0
abdd2996f06eb25e54ffbcef2b262a7fe7b1a16106a5affbf93fcf558b93e0f0,VRA_004,Livingbridge - Veramed - Runn ETL,2025-02-17,2025-03-30,Client Project,COMPLETE,JMG72,JMD39,F6DE63C6-9DE4-4BB0-9988-BA057EE8B051,BI and Reporting,Core Reporting,1,given,,,2.0
690b071d76935e1161302ebb3c3c6db8768d0da25b2ba30d10e03b406148f847,PEC_002,Platinum - Peli BioThermal - Fabric Setup,2025-05-26,2025-08-01,Client Project,COMPLETE,JMG122,JMD214,2AD82EA3-8E7E-47BE-B693-EA64752F9440,Data Engineering,Core Reporting,1,given,,,4.0
4eb8815ab21451cc0e46704e90dd7c2f4263799c6529ce6e6fa69cff8599a08b,MSG_016,Perwyn - MissGroup Product Mapping Fix,2023-07-17,2023-09-22,Client Project,COMPLETE,JMD94,JMD104,2D143C29-D66C-4CD2-BB0D-1800CC18F116,,Core Reporting,1,given,,,1.0
201c183851227098cc01762d2994067d2bf8c9a78f2dfb2e3207c5eae236e49f,BXT_001,Blixt - Data Consolidation,2026-02-16,2026-03-02,Client Project,COMPLETE,JMG310,JMD37,A1CA59ED-77AC-4313-84E0-023F8A269D98,Data Engineering,Core Reporting,1,given,,,2.0
2bfca8d76224d6703ba36d1c152f92a5e7388da5b36a883b62ddcd568fc3e10b,PEC_006,Platinum - Peli BioThermal - PAXAFE PoC,2026-02-02,2026-02-23,Client Project,COMPLETE,JMG122,JMD93,2AD82EA3-8E7E-47BE-B693-EA64752F9440,Data Engineering;Full Stack Engineering,Core Reporting,1,given,2026-03-20,,2.0
8170dc9cfd36ad319f764ab32ad9a104d329317d57b2e29f86d0552cb2c1926f,THO_002,THORtal CRs,2020-09-14,2021-02-28,Client Project,COMPLETE,JMD160,JML56,C396D527-0F25-41D6-87CC-015440EAD08C,,,1,given,,,2.0
39e7eb192ac0edb607d44684a83deaf238f4a7f321f7f504c298eb7136ea01a9,THO_005,THORtal Maintenance & Support,2019-02-01,2019-02-28,Client Project,COMPLETE,JMD11,JMD11,C396D527-0F25-41D6-87CC-015440EAD08C,,,1,given,,,2.0
053aa7b259494d30403105e4fbaddec2330d339424d50047b8853ab3d9570092,COP_003,Lee Equity - Cooper Parry - Professional Services Cube and Tool,2026-06-08,2026-08-31,Client Project,DEAL WON,JMG130,JMD81,175DC05B-EF5D-462B-9F84-E6E6BF946378,BI and Reporting;Data Engineering,Core Reporting,1,given,2026-10-02,,4.0
69d950c63a65c95fba97964fa0463cc95bdba1fab0667b9e0b4c89a24493600e,JMG_057,React,2022-01-01,2022-10-31,Internal Project,COMPLETE,JMD160,JMD12,EDB6A9A7-5102-45E7-9BE3-A7F958716C2F,,,1,given,,,
7e42bfcf70ee251aa95233c560fd3ec18b8a8275a2edc4d0f1b2b92a1fa86bc2,NSH_001,nShift - Design & Discovery and Infra,2026-03-30,2026-05-04,Client Project,DEAL WON,JMG307,JMD89,D609D274-F591-4F02-8B9F-FB1D4531690F,Data Engineering;BI and Reporting,Core Reporting,1,given,2026-05-15,,2.0
b141fd7c6b16e9bae13acc16bcd540b9439a7ac5384a18c686747da1e1ef60c2,CLN_023,"MDM Support - Data Migration, Core Team & Quick Wins",2023-03-13,2023-05-31,Client Project,COMPLETE,JMG105,JMG105,CBE4E752-7D89-485F-8768-BE5DBF9C1F6C,,,1,given,,,4.0
ba023bed0ed489e4c411a713370fe76130186a9aeb02f6d47e68319cb8ad787b,COS_001,Inflexion - Curinos - Snowball Build Design & Discovery,2025-07-14,2025-09-30,Client Project,COMPLETE,JMG236,JMD27,EDDF6585-2544-4518-A1F3-22FAE54BE978,BI and Reporting;Data Engineering,Data Advisory,1,given,,,2.0
347cba197e2b93b09e0b78d07af292df5e77dc04562966c22fe127190fba1634,JMG_185,PE Services - Proposition CoE,2024-01-01,2024-12-31,Internal Project,COMPLETE,JMG220,JMG220,45AC9AD7-51C9-4C2D-AB89-ADEA174B2771,,,1,given,,,
5943b3c67240da47bbc9adf40836547b062e89743d25d3dd5015794d895bd79f,ZEN_004,Permira - Zendesk - Expansion Support (MS),2023-10-09,2024-02-02,Client Project,COMPLETE,JMG22,JMD94,CA5C9C60-65A9-4344-AB08-1931F832DD1E,,Value Creation,1,given,,,3.0
94c6d73825ab8574ec0f650f1d721ef4ef74c8df6de24da815ec15bf639ece21,LBP_001,Sovereign - LB Group - Data Platform Design & Build - Phase 1 & 2 (CD/MB/CF/NG) ,2023-10-11,2024-01-12,Client Project,COMPLETE,JMG44,JMD89,3F644ED5-45FC-4E5F-A105-630FE7B93F83,,Core Reporting,1,given,,,2.0
bd0f5dd9280d94568cc0d16bdb17bef193b76db117d79262a4c5c957a52e4548,SNF_001,Mayfair - Snowfox - Demand Forecasting - Stage 2 (TP/MS),2023-04-17,2023-05-19,Client Project,COMPLETE,JMG22,JMD136,79B531A8-2889-4996-9EC0-8A8424516580,,Value Creation,1,given,,,1.0
4fcb81e07279875841507ec54b4058a3dc8bc3fe80ee36f91ae1d9d09094b829,GET_003,Getronics - Spans & Layers,2019-05-10,2019-07-31,Client Project,COMPLETE,JMG29,JMG29,FE147121-9446-4FD9-B905-0EB291701893,,,1,given,,,
eb1ffe6320809f03e2b34a565cbac10e3c8f5656a6f893b83f9bcae6c82fa548,IRI_002,Churn Prediction,2021-03-05,2021-05-31,Client Project,COMPLETE,JMG22,JMG22,C8496A79-EC52-4B84-875C-972B867B5CA6,,,1,given,,,1.0
f4b9abad85d416c24f2c415a7681a40edc12821d9f4f5f83b5d4bf21a03b5784,OEM_002,Guna - 180 Medical Maintenance -1,2023-10-09,2023-10-20,Client Project,COMPLETE,JMD12,JMD6,DB7EF813-0AA5-4F6F-940D-47E6C5CDD230,,,1,given,,,2.0
58e6d0ae87a0a6010acce69b45a8a3d993f6f5b920d8d1a327e38919161eed48,JAG_004,Revenue Reporting - March Data Refresh,2021-04-12,2021-04-19,Client Project,COMPLETE,JMG22,JMG22,AC01872E-7DDC-4613-9962-C52DCBECDDF6,,,1,given,,,3.0
8bd05c765b20a94c48227e3bacdbc620b002fb03db58e6a2883628c741534a36,ASZ_004,Data valuation support extension 3,2022-07-01,2022-12-31,Client Project,COMPLETE,JMG29,JMG29,24C94574-43FF-4682-A338-263B0FBF906B,,,1,given,,,1.0
891f132d4d1ec43846091975317290dccb6fd6d0d54f03390f1cd40bcbb03cff,WIT_009,ICG - With Intelligence - Product Data Cube Phase 3 WIT_009 (TW),2023-07-24,2023-12-14,Client Project,COMPLETE,JMG49,JMG141,BD5939CE-0970-4DB4-98B7-BF77E8588207,,Core Reporting,1,given,,,2.0
40dc178d4ba80c2c4e4b87814886c7a98f162cd6fcb37ea2ce5ed4d55c52cce1,WTD_001,Order Economics Analytical Support,2021-11-05,2021-11-17,Client Project,COMPLETE,JMG15,JMG15,8054CF41-F9ED-4E3D-AE6A-D8ED06F7F90C,,,1,given,,,1.0
739ddfaa5c4fec4aab2fdb4e048ba468f9a708c8631390508840c0fd306f2d5b,PLC_003,plan.com - BA mapping & documentation support (JT / NM / TP),2024-07-09,2024-12-20,Client Project,COMPLETE,JMG150,JMD28,7E5DEA6D-06B5-433D-8F6D-5641EDD03CE1,Software Development and LLMs,Value Creation,1,given,,,1.0
8b7865c95e3587fb96f18c77c9f1324f89157be90223dd2b785b193dafdfc75f,IRI_011,Churn Prediction Refresh,2023-03-02,2023-04-11,Client Project,COMPLETE,JMG69,JMD112,C8496A79-EC52-4B84-875C-972B867B5CA6,,,1,given,,,1.0
60ffafc5838e16c4e454fea7f077ed21d738ca8cced933a3c8867e002f0fd88a,ARX_001,Data reporting support,2022-01-19,2022-04-19,Client Project,COMPLETE,JMG42,JMG42,7DEBFAB5-0A69-4B24-B9B7-81D9B4E45A53,,,1,given,,,2.0
9c737f0a35acb3445bff80326a2aeadacc7779fa9ea7161e88a70d799edd115a,MTF_005,Enterprise Reporting,2021-03-22,2021-05-21,Client Project,COMPLETE,JMG52,JMD98,B30CB546-7FD4-490E-942C-04CA6715F028,,,1,given,,,
98715fe1a1a473b1dc66840b349974fb797ac6147e59092d9d8fb2796d638bd1,PCL_004,TowerBrook - Premium Credit - Budget Optimisation ,2026-05-18,2026-06-15,Client Project,COMPLETE,JMG391,JMG391,F5288513-21D2-421A-918B-A9ABA7BF4F69,TechOps and Automation;Consulting;BI and Reporting;Data Engineering,Data Advisory,1,given,2026-06-26,,1.0
7a201e17432d54f8d93dc475afd30e635d70327077b9c118582113d836cf8b84,CNC_023,Guna Int - Cinch - Mobile App Build Q2 2024 (NJ) (EXT),2024-04-01,2024-06-28,Client Project,COMPLETE,JMD41,JMD96,E6ED099A-E034-473D-A237-92B0C8A6EADF,Software Development and LLMs,Managed Services,1,given,,,4.0
cca8a1ef6fc450a3d161c5d0aafe5361631f22215f9139d545bd8a5a3d90e6e9,CHV_013,ISQ - Chevron TM - Procurement Dashboard (ZF),2026-06-22,2026-07-20,Managed Services,DEAL WON,JMG77,JMD226,783F433D-70FA-417F-AA42-8D5833AED390,BI and Reporting;Data Engineering;TechOps and Automation,Managed Service,1,given,,,5.0
4e9412b40055c8675e7f97238207130ba594a4c8a0f6b135cc5afb22c555cc7a,GLS_001,Levine Leichtman Capital Partners - GLAS - Workstream One - Data and Reporting (CD/NM/SS/OMC),2023-12-11,2024-01-05,Client Project,COMPLETE,JMG56,JMD19,16BA707B-C0A5-43B3-8F7F-4D0E13213915,,Exit Support,1,given,,,4.0
d6d6a6188cb99218580521a137920f0ed2e2d7dcc616614e992670ede64bae55,FIR_017,Guna - Firetree Maintenance 2024 Q2,2024-04-01,2024-06-30,Client Project,COMPLETE,JMD28,JMD137,A13DC602-1FC1-4D39-B2AF-D0F1E4D8767C,Software Development and LLMs,Managed Services,1,given,,,2.0
d46921d18c432c3e8789c61418cc92e0820431c14ee1b9d07ccfbedab7d7dbf6,MCL_001,MyConsole Maintenance,2020-04-01,2020-12-31,Client Project,COMPLETE,JMD97,JMD97,637B410A-A9BA-45E3-A0AC-45FE639485EA,,,1,given,,,4.0
d7a02ec3a1c1b3fb6c09f67cb764a7ca8ed26b1cd96deb46df378246de1814ce,WIT_002,Phase 2 Exit Support & Analytics,2023-01-23,2023-03-03,Client Project,COMPLETE,JMG49,JMG49,BD5939CE-0970-4DB4-98B7-BF77E8588207,,,1,given,,,2.0
512a4edfadb840cc89fad912a5210254ef502e3df6d295e97a4521fcb3f0c626,KXC_001,KX - Historical Bookings Dataset (CD/VK),2024-07-17,2024-09-27,Client Project,COMPLETE,JMG69,JMD128,DB57271A-3E7D-4891-9DCB-ECB59ADF68BD,Analytical Engineering,Core Reporting,1,given,,,4.0
2e3dac96fc828422857db9823f1afff774440de81960ede4b8a5da2a34c5dce3,EMC_001,EM-ChronTrac,2019-02-01,2019-05-03,Client Project,COMPLETE,JMD72,JMD72,DE9E676D-60E7-43BB-9B1F-648F8D027665,,,1,given,,,
3c21d65d732547eba87507c36f61c7fb069e5b4dfadf8cf1dda950f57170e0fc,JMG_084,Sales- Project Pen phase 2- supporting the PE partnerships push,2022-05-02,2022-06-10,Internal Project,COMPLETE,JMG42,JMG42,EDB6A9A7-5102-45E7-9BE3-A7F958716C2F,,,1,given,,,
a1d2941b86b8f96b92c60798c251f000968d2f0938b75c9879d326012d5ad123,TNC_001,Triton - Trench - Data Advisory Scoping Phase 1 (HT/RR/SR),2025-02-03,2025-03-28,Client Project,COMPLETE,JMG313,JMD42,035038EA-77AA-4452-B6E3-3BD5BC424D3B,Consulting;Data Engineering,Data Advisory,1,given,,,4.0
575edea42af33b01bf1293ef169d8fe844d77e1328121fdd38a9076b0da79ee8,TBL_004,Hg - team.blue - exit support (NM/JT),2023-12-11,2024-02-23,Client Project,COMPLETE,JMG87,JMG128,7380B4D8-1B2D-4F08-A018-B0896FD20ED4,,Exit Support,1,given,,,1.0
b82bcba01ea0b92e0cb63544837ec697e485a08486e56f40b830f6934bf6ec4d,OEM_001,Guna Int - 180medical - Mobile Application build (LV/AD/YS),2023-06-01,2023-08-23,Client Project,COMPLETE,JMD5,JMD5,DB7EF813-0AA5-4F6F-940D-47E6C5CDD230,,Managed Services,1,given,,,2.0
a4467bf99d3bee49a0a7ee8c2b3233f8345836bea94b400154c9cbcac6b26bfe,IRI_005,Snowball Analysis Phase 2,2021-04-18,2021-06-11,Client Project,COMPLETE,JML-038,JML-038,C8496A79-EC52-4B84-875C-972B867B5CA6,,,1,given,,,1.0
602d5b7dcbe5683c489f0957774997abebea7b23db9f952bd381adaaaf5a2aeb,PTZ_011,AKKR - Partnerize - Product AI Phase 2,2025-09-15,2025-12-21,Client Project,COMPLETE,JMG134,JMD141,6DAE2A80-0E2E-40D9-A19E-0C34F59EDF1D,Consulting;Gen AI;TechOps and Automation,Value Creation,1,given,2025-12-24,,4.0
eac1443b37aebac8d4c94fb90e597293d563e9d22a0d8973716b6e2c6072f197,AVN_001,LabTrak,2020-02-24,2020-03-15,Client Project,COMPLETE,JMD11,,C280CF37-CEA3-45AA-96C8-193530E92282,,,1,given,,,
867d84c62c55d28ad7b9b63f319151a0b10e318c80156ac40b2165034a9ffb59,CRU_002,CRU - Development Support Phase 2 (MC/CD/SI),2024-02-01,2024-03-06,Client Project,COMPLETE,EXT017,JMD56,FCD7AD0C-94BB-4E9C-B688-D785EC972386,Software Development and LLMs,Managed Services,1,given,,,4.0
f5089f37b86887e02416df41af2928666b6d3f7a82dff9de71b9cae2df0a3200,CCN_003,TPG - Classic Collision - Transition to maintenance,2026-03-23,2026-06-01,Managed Services,ACTIVE,JMG134,JMD39,5692E2D1-CA43-4174-B71C-35FE9575BBA2,Data Engineering,Managed Service,1,given,2026-08-31,,4.0
f7f06dcd87f274e72d8365fe33e70a89e4cb72d0727cb614423b47f14dfc2c32,HNO_002,Platinum Equity - Horizon Organic - Phase 2 Build,2026-04-27,2026-05-25,Client Project,COMPLETE,JMG321,JMD140,6A5D7A8F-D1B1-4733-8723-08EFC584746D,BI and Reporting,Core Reporting,1,given,,,4.0
18ce4245fc93b41b88e498b7453571ef42ef4c90b1cb09572ba631712eac7e06,ZCF_002,PSG - Zenchef - ARR Snowball Phase 2 (MH / BL),2023-05-01,2023-05-09,Client Project,COMPLETE,JMG56,JMG56,5CD82B47-886E-4058-A5FD-834F45130BE4,,,1,given,,,1.0
256098ead0b462712d8083a38286fe2a5b1a2b5decd43b9ebc35a10b4723733c,PGY_004,Further Global - Progeny - Fee Extraction & Revenue Analysis,2025-09-15,2025-10-31,Client Project,COMPLETE,JMG149,JMD77,CFCC2EAC-35D0-4D1F-A9E0-786B81AA4312,BI and Reporting;Data Engineering;TechOps and Automation,Core Reporting,1,given,,,4.0
8bfa0adfd5ccbb81824d8fc017be6f5f96075bc3511ccc80439505ab8f5d018b,CSD_005,FPF - Clearstead - Billing Rollforward Enhancement,2025-04-29,2025-05-28,Client Project,COMPLETE,JMG86,JMD8,A7055242-6D88-4386-A79A-740298F495CE,Data Engineering;BI and Reporting,Core Reporting,1,given,,,4.0
fd879e3352f649eee9613f3cfba5d6ca0aff32c89672e342185e7cb97ec61f95,CLN_005,Marivabir Data Migration,2021-11-28,2022-05-30,Client Project,COMPLETE,JMG24,JMD41,CBE4E752-7D89-485F-8768-BE5DBF9C1F6C,,,1,given,,,4.0
c2edf5e4f66dc3acbd64afae52515e99b8946de1e08911e4c70e8cf79ee38fe6,TKR_001,Ticketer Market and Competitor Analysis,2021-02-01,2021-03-31,Client Project,COMPLETE,JMG15,JMG15,586F7ABD-1D4F-4E25-B567-9B5A98E91DF1,,,1,given,,,2.0
44e47b77a256f3a6cfd2f10d87e88bbc694e163952fe27e304a644ddd5091e5a,SLF_001,TA - Solifi - Discovery & Design,2026-05-12,2026-06-09,Client Project,COMPLETE,JMG344,JMG59,7E4478B2-0BA4-470C-961D-68C0FA69878E,Consulting,Data Advisory,1,given,2026-06-12,,4.0
c741d04193a7151b72c71988e62f2041be3a8d3a11b854c88678cbed316445c8,CLN_011,MDM Support - Quick-Wins,2022-07-01,2023-07-28,Client Project,COMPLETE,JMG51,JMD118,CBE4E752-7D89-485F-8768-BE5DBF9C1F6C,,,1,given,,,4.0
9304530b96ddb37e47cf5bdf080c75bb80500941cc7e08dda3ce6c88ea99d17b,CAC_003,Constellation Capital - Dashboard Refresh 2,2025-07-28,2025-11-14,Client Project,COMPLETE,JMG150,JMD31,EEE40AF3-2E01-48A4-8C08-585FDF245EA3,Data Engineering;BI and Reporting,Exit Support,1,given,,,1.0
5f92b25707a600229efd49eab7a1ce1fd874543f51f2cf98bd3b521453508a87,NEU_008,Permira - Neuraxpharm Arzneimittel GmbH - Insight Health Data & BfArM Automation NEU_008,2026-03-30,2026-04-13,Client Project,DEAL WON,JMD401,JMD401,FCD4E105-C01A-4C15-959E-5D7D3DB59FB2,Data Engineering,Core Reporting,1,given,2026-04-17,,1.0
da9a1c1a5d4bceb18339de82389766b0461699e3968c917e575e3594a8a3a359,LBP_007,Sovereign - LB Group - Aged Debt Report,2024-06-21,2024-06-26,Client Project,COMPLETE,JMG218,JMD89,3F644ED5-45FC-4E5F-A105-630FE7B93F83,Analytical Engineering,Core Reporting,1,given,,,2.0
6e97042c0e6272233444de8f87dffeccbe8c154484e559332cb202bce33e33bb,JMG_138,Contracts Sprint ,2022-09-12,2022-12-02,Internal Project,COMPLETE,JMG76,JMG76,EDB6A9A7-5102-45E7-9BE3-A7F958716C2F,,,1,given,,,
760367a47e328f98013d8931286169d219079aef16f9f48458751b319de6fd2e,DGT_003,Insight Partners - Diligent - Board Overlap Analysis (POC),2026-05-18,2026-06-08,Client Project,COMPLETE,JMG44,JMD57,CF24F70C-1907-4C84-809B-60DF0823AA71,Data Science & ML,Value Creation,1,given,2026-06-17,,3.0
788bb4e1405a415cb8f5b7ff3560c0e007d2044d368d029195a0f3bae26a77eb,DNS_003,Dains Accountants - Data Platform Managed Service,2024-05-06,2024-11-04,Managed Services,COMPLETE,JMG49,JMD258,5553337B-330A-4E7B-AAB2-97AF6889EF91,Data Engineering,Exit Support,1,given,,,4.0
c67c0f4aae320280bb33d31257e9917d7f76bb34aa6f546f575bf0f1dd31fbe7,BKM_003,MI Support,2019-06-03,2019-12-31,Client Project,COMPLETE,JML-024,JML-024,E07682C0-7187-4EC7-A4B4-2590F0F0032D,,,1,given,,,
a5a4b31819a25bcbc49488abcd6f45f7e1f82bc49d7831aa8f864cf72b5a4838,STT_004,Data Cube Cleaning,2023-09-04,2023-09-29,Client Project,COMPLETE,JMG87,JMD8,A7EFCD95-5542-420F-A161-2025F1955333,,Exit Support,1,given,,,4.0
553741019e582505cb4f16f8aedbde3d3b74c98d96e42ad22b5f32fbc009fbee,EIG_002,Alpine Investors - 8 Group - Foundational Data Platform Build,2025-10-13,2025-12-28,Client Project,COMPLETE,JMG159,JMD116,8F5DC2FD-1CAD-469D-8AF4-BA8582BA852D,Data Engineering;BI and Reporting;TechOps and Automation,Core Reporting,1,given,2026-01-16,,3.0
70efb3870ea93dceafbb2d9940ad91acd701fc8590dbb6261178b9c401ef5645,AXM_001,Permira - Axiom - Contact Data Extraction Pilot,2024-10-27,2024-11-11,Client Project,COMPLETE,JMG302,JMD16,02F0A8C6-8D8F-46BC-B73A-8890E2F1FAB7,Consulting,Value Creation,1,given,,,3.0
c8a8173329f3ff3a596fe31ca674fb648fd13cb1af0695d0041575d93f73a146,JMG_259,Product - JWrite,2025-06-24,2025-10-03,Client Project,COMPLETE,JMG44,JMD166,45AC9AD7-51C9-4C2D-AB89-ADEA174B2771,Gen AI,Value Creation,1,given,2026-12-31,,
7be7f085fa240a356ff9a459d3a2d589b3e2c9503be9b37da6028580925b3cea,STR_003,Baird Capital - STR - Phase 2 - MI Reporting Enhancements (VJ/FS/CF),2023-09-20,2023-12-22,Client Project,COMPLETE,JMG44,JMD172,13D12A91-709D-430B-A3E9-8C9DE0161526,,Core Reporting,1,given,,,2.0
b513d651fbdd1c3eaa73720b9ce3ad99eb26616936e912cb1aa9ff3adff6b976,PMR_016,Permira - AI Playbook for CRO/CDMO,2024-12-02,2024-12-15,Client Project,CLOSED,,JMG122,5DE4495A-84E3-4D46-83C4-6CA90A048F32,Gen AI,Other,1,given,,,3.0
4766f9362174e14810a10ae6ab7035e83dd734e3c290e344fabc56726ad1f3dc,BAL_001,Baltisse - Baobab - Competitor location scraping,2024-06-18,2024-06-25,Client Project,COMPLETE,JMG161,JMG161,3251A6B1-AF73-4E4F-AACC-8E107659A195,Analytical Engineering,Other,1,given,,,1.0
10961532fdee39e31cdb7cb34bd894a6193876f03deaa90e2cb45761814dea91,PGY_001,Further Global - Progeny - Data & Reporting (CD/JM/TW),2025-06-09,2025-09-12,Client Project,COMPLETE,JMG149,JMD77,CFCC2EAC-35D0-4D1F-A9E0-786B81AA4312,BI and Reporting;Consulting;Data Engineering,Core Reporting,1,given,,,4.0
cc76462911d96de1ebc98a719fca8cf7492e46fff8e13fdb3a7133fee6402cf9,AZE_003,BR Migration & Operational Dashboard,2020-09-28,2020-11-30,Client Project,COMPLETE,JMG24,JMG24,6619B410-1D13-498C-8A15-5FBE0E8987D1,,,1,given,,,4.0
9f9139aa97b41d3b9f72f6d8f3f87197a339898822d43afd3789e838c45ff0e3,PMR_012,Ben Rogers - Marketing tool,2024-05-15,2024-06-05,Client Project,COMPLETE,JMG161,JMD8,5DE4495A-84E3-4D46-83C4-6CA90A048F32,Software Development and LLMs,Other,1,given,,,3.0
e6344e54fd70ee2ea300feebe39ebab5ad266f6054a4c51c7edc3fa8a1603931,SVT_016,Searchlight - Survitec - Managed Service support,2024-04-01,2025-04-30,Managed Services,COMPLETE,JMD41,JMD212,06667D0C-DFA2-4925-A6B2-CEE326A4E4D7,Data Engineering,Managed Services,1,given,,,3.0
6e56698016aa6745fa5ac40b31bdc2add5d9d915b2666d060dc32b1cbd6e04b9,DLL_007,Tool Enhancements,2023-03-13,2023-03-16,Client Project,COMPLETE,JMG51,JMG51,2A9CAD83-6016-4EFD-AECB-21304B4C846E,,,1,given,,,1.0
ca0374e157fa3d76d2c49ec7ce95625230e40d3c48a482b5cca16eb14332d7f8,MCF_001,Permira - Mcafee - 1x Data Scientists (1) - Initial 3 months,2024-10-05,2025-04-27,Client Project,COMPLETE,JMG73,JMG73,EAC6317A-DF9A-4891-908E-AEAC15225E7E,Data Science,Value Creation,1,given,,,3.0
c3084edf3d573ad89d66a5be736d5a9877fca37f474144811e85cc4a64c8d15d,BRZ_002,Pricing tool refresh,2022-08-25,2022-08-25,Client Project,COMPLETE,JMG42,JMG42,B011A4FF-F946-4E1F-B542-F6A6E65887B1,,,1,given,,,2.0
e2c4c2c5afc522ac7b65b4c1cfcde060060ddbbc9dfa7dea3c71263e262d92be,KCG_004,Sun Capital - K3 Capital - Marketing Data Insights (tactical support),2025-04-14,2025-08-31,Client Project,COMPLETE,JMG218,JMD8,AEE80FE3-75A3-45B7-8A6C-C7672808E4D7,Data Engineering;BI and Reporting,Core Reporting,1,given,,,2.0
550704b80ec0882145128206374648f047cedb6d96789c8814d14978291710a6,JAG_002,Jaggaer - PMO & Analytics Support,2020-11-02,2021-02-28,Client Project,COMPLETE,JMG22,JMG22,AC01872E-7DDC-4613-9962-C52DCBECDDF6,,,1,given,,,3.0
58d60c3fd80c6803eb90c5ac831ba0ba9c74f731852d25517a7d4b63358d5a5b,UPR_010,upReach - Power BI implementation & support (PG/ZF),2024-08-23,2025-08-08,Client Project,COMPLETE,JMG87,JMG149,34DF2ADE-5CD1-46CD-8387-6B2C0F3FEBA5,Consulting,Core Reporting,1,given,,,1.0
d73d9619fbc17c87ed909121ebfc4f59db41390ab04891eafa5bc12a5ad6ee82,TOT_002,Totalmobile - Managed Service,2022-12-12,2023-09-15,Client Project,COMPLETE,JMG69,JMD41,7198B121-659E-4EBA-B262-0359CE2986AB,,Managed Services,1,given,,,1.0
f6cf7205874c7ee60d8f340c5db5a2bcb5ce81417086669ebfdfc249f2696606,SHK_005,Lee Equity - Shackleton Advisers - Managed Service,2025-08-18,2026-02-28,Managed Services,COMPLETE,JMG72,JMD89,2388CF8B-3F81-4137-818A-54C9284CC92E,Data Engineering;BI and Reporting,Managed Services,1,given,,,2.0
7381789b32ddfa5a09e8d603637f72b9145d635de5291ec9c18559d95d9b311c,JMG_071,Delivery- Scraping scaling tools,2022-03-14,2022-04-22,Internal Project,COMPLETE,JMG22,JMG22,EDB6A9A7-5102-45E7-9BE3-A7F958716C2F,,,1,given,,,
6172d7b29922a8bb55afc6e89c496c2303c677a8dd2cf926305ecd68fc206753,CHA_002,Confectionary Location Indentification_Ignore,2022-01-26,2022-02-25,Client Project,COMPLETE,JMG22,JMG22,E564B679-5259-4BF0-A986-2F14A8B3A1D9,,,1,given,,,
07a12e894b511b169a15da7bd33f0322eedcc68eedd755b84b8738b529af9e48,WHZ_002,PSG - Whoz - Reporting Updates (MH / VK),2023-08-30,2023-09-22,Client Project,COMPLETE,JMG56,JMD198,0825358E-4CBE-43CC-B14F-61F42EED8CA4,,Core Reporting,1,given,,,1.0
7b0f7aa5e2892f6875b579dec2bfcfdd449643a0ac79729ce4a1f1f3b9fb052e,JMG_110,People- Actions on disability support,2022-07-04,2022-08-12,Internal Project,COMPLETE,JMG15,JMG15,EDB6A9A7-5102-45E7-9BE3-A7F958716C2F,,,1,given,,,
004dd22d5a9fc406e6a06768ca8ecff87e8988fdbcb8d9cbb2f5e0e97a8e809d,CUC_001,CUCC Website Changes,2021-02-24,2021-03-12,Client Project,COMPLETE,JMD160,JML56,27095D42-BEF2-43D9-8516-1E1720ACA85E,,,1,given,,,
2318aa7c6bcbdd4a9863d4107f4611d655557cdf2c3c796c32e9b536e92b61a7,RGS_005,Virtual Team L&W Development,2020-11-09,2021-01-01,Client Project,COMPLETE,JMD97,,6C7618D4-6109-4EA4-A227-1B8CEBE1D585,,,1,given,,,
dab80d2379e40886fc9456a62c9421079568a6bf1af84b29ff049e55e457251b,WVN_011,Macquarie - Wavenet - ARR Logic Updates (AB),2026-01-26,2026-02-16,Client Project,COMPLETE,JMG222,JMD181,1F95B689-B6AC-4A18-8C04-3D0D26213AA8,Data Engineering,Core Reporting,1,given,,,2.0
e652e17f877033bdcbec4647a0a98a74107edeb26ecf7207c531ddc4665c83c8,WHG_004,Oakley Capital - WHG - Data Team Secondment (JT / AB / NK),2024-09-30,2024-12-31,Client Project,COMPLETE,JMG98,JMD219,6954D968-FE23-47F6-92F3-F78E4F726760,Analytical Engineering;Consulting,Core Reporting,1,given,,,1.0
28a109271005e86b6ad4a7b722bc0e3538759c738e26af7ace37ec8853e06ad3,BRZ_001,Barentz - MI App,2020-05-19,2021-05-31,Client Project,COMPLETE,JMG42,JMD41,B011A4FF-F946-4E1F-B542-F6A6E65887B1,,,1,given,,,2.0
c69f946402463bb61cd42e9dbb8f75ccb49db77c2e7741c0617dbad4b8780c8f,RDG_001,Horizon - Ridge - Phase 1 - Design & Discovery (CD/HT/AP/TW),2025-03-24,2025-05-04,Client Project,COMPLETE,JMG313,JMD16,C61666D9-4AB2-4623-95E1-E828C5352219,Data Engineering;BI and Reporting;Full Stack Engineering,Exit Support,1,given,,,4.0
4e905cbb05a865d50126958704c80668a0a2c86e66ba71574a852d24bcc3e13a,BAU_009,Corporate Sustainability,2022-09-05,2030-09-30,BAU Activity,ACTIVE,JMG76,JMG76,EDB6A9A7-5102-45E7-9BE3-A7F958716C2F,,,1,given,,,
2886a818f62a6593a89279f3c7afc6a8e8ad99850a2af8355e95652cb2cbb925,JMG_063,Delivery- GitHub migration,2022-03-14,2022-05-27,Internal Project,COMPLETE,JMG22,JMG22,EDB6A9A7-5102-45E7-9BE3-A7F958716C2F,,,1,given,,,
3b78fcbd866d22657c18e5c86cdd174c1acbf55d8e0a01546db60435047fee77,HGC_030,Company Website Scraping,2022-02-07,2022-02-18,Client Project,COMPLETE,JMG22,JMG22,EE649EF4-C803-4F9C-A7AA-110D5BBB256E,,,1,given,,,1.0
8426f9152551b6de454e68d949adcd19e0d72b3ce46f0c8fb31386072294369a,JMG_015,CUC - Admin & Website,2019-02-01,2019-02-28,Internal Project,COMPLETE,JMD11,JMD11,EDB6A9A7-5102-45E7-9BE3-A7F958716C2F,,,1,given,,,
d13737e4bafcac93df51f72b163d3f81f8cb6cc1bba37810e65139fe1b969ff1,CNC_011,Cinch,2022-04-01,2022-04-30,Client Project,COMPLETE,JMD160,JMD93,E6ED099A-E034-473D-A237-92B0C8A6EADF,,,1,given,,,4.0
3216648c9d85d077a1144166ab3b7748f3464b1f4dd602fbd2e8fb7eb0454613,ASZ_007,AstraZeneca - data project management (JT),2025-01-06,2025-06-30,Client Project,COMPLETE,JMG29,JMG29,24C94574-43FF-4682-A338-263B0FBF906B,Consulting,Core Reporting,1,given,,,1.0
36c8b42e7de0c0b79aba258f663a54cc54d926b79a7536d900add26c549aacfc,BAU_032,LEAVE,2019-01-01,2020-12-31,BAU Activity,COMPLETE,JMG21,JMG21,EDB6A9A7-5102-45E7-9BE3-A7F958716C2F,,,1,given,,,
b2701b6e804f7cbd83223504ade11b4c423eb354372406a4ce106cf6d9a318c2,VTP_002,BC Partners - VetPartners - First Month Development (PG/JT/SI),2025-01-13,2025-02-09,Client Project,COMPLETE,JMG72,JMD370,28EF8687-3270-460B-A7AA-0D130E2D7892,BI and Reporting,Core Reporting,1,given,,,1.0
d243442bf535da59bbef3d6aed6920c856cbedf5a7fd159ec1c03a4f629f1d33,MOJ_002,JML 3,2021-10-31,2022-01-28,Client Project,COMPLETE,JMG29,JMG29,E588A832-E896-41BB-AC29-C7BA37346511,,,1,given,,,
bcb893157d7c1efcdc5244ac651f95f6634d682b1c657a5df21375798e23461c,PTZ_010,AKKR - Partnerize - Diligence Support,2025-08-25,2025-11-09,Client Project,COMPLETE,JMG134,JMG134,6DAE2A80-0E2E-40D9-A19E-0C34F59EDF1D,Consulting,Due Diligence,1,given,,,4.0
20e82d7787b1b015fb02924f680ac066d7bac580c713c45e62550b34026cfa99,GES_001,Financial PQ Reporting System,2023-02-16,2023-02-23,Client Project,COMPLETE,JMG44,JMG44,2756CDC4-B4EA-458A-899A-8EECBA26A586,,,1,given,,,4.0
85d25783cfc6ae2642993a00b54e66710098d13d30f09eeac1d4e88656bcb4fc,PSC_033,The PSC - PBI code review (FS),2023-05-05,2023-06-20,Client Project,COMPLETE,JMG73,JMG42,88B6B8E6-EF36-4337-80D6-8986EB36FAC7,,,1,given,,,2.0
df2e8dfef38ba4b67ede35f9cac0abe0734c9fd87c6c6c70284edb9ec6fdd8be,MSQ_001,23MSQ - Ericsson Assessment Platform Design & Discovery,2026-05-18,2026-06-01,Client Project,COMPLETE,JMG122,JMD174,3E738CE2-9FB1-42B0-929E-C1B9ED0BE76A,Full Stack Engineering;BI and Reporting,Core Reporting,1,given,,,2.0
0b2c6f83930dd02033bde1f6d30e0be36e00b8b71ebfa34ed5a29c0e5c0cee63,BAU_033,Legal & Compliance,2020-01-01,2020-12-31,BAU Activity,COMPLETE,JMD21,,EDB6A9A7-5102-45E7-9BE3-A7F958716C2F,,,1,given,,,
82b30d50a3102741eb2a5e1eb57ae1f389602b00d28d09eab1dd2dba3b23496d,AUG_001,Portfolio Reporting Support,2022-08-01,2022-08-19,Client Project,COMPLETE,JMG31,JMG31,A636102D-2E2D-4BB7-A4A5-85798D63582F,,,1,given,,,
33da5f9aca64294049096c0c838cecc100dd2ebb13ba979ce532945c9b2b5bf0,JMG_277,Project Altitude,2026-08-10,2026-09-30,Internal Project,ACTIVE,JMG367,JMG367,45AC9AD7-51C9-4C2D-AB89-ADEA174B2771,,,1,given,,,
dc2c5288bc441356845ac7bbdc22ddc08b19f932b456e8b6a87c465807971b1d,PNH_001,"Kartesia - PlanetHome - Metrics, Review & Planning (Strategy & Exit) (CD/JT/RK/MC/SI/OMC)",2024-06-10,2024-07-12,Client Project,COMPLETE,JMG149,JMD140,41547C3F-28A6-4E22-8EBD-A014D1DA28E5,,Core Reporting,1,given,,,1.0
35490ed015562e9907aed655aaa6a99f689bae47536d4e320a1c4ead3bca48af,PSC_002,2020 Eastern Sussex,2020-06-05,2020-07-17,Client Project,COMPLETE,JML-008,JML-008,88B6B8E6-EF36-4337-80D6-8986EB36FAC7,,,1,given,,,2.0
65eb13f63f4cd4492728ca46bd8d463555839d38906769ca8ead1d2863265498,MSG_025,Perwyn- Miss Group New Entity Ingestion Template (PG/SP/CK),2025-09-15,2025-10-06,Client Project,COMPLETE,JMG87,JMD235,2D143C29-D66C-4CD2-BB0D-1800CC18F116,Data Engineering,Managed Service,1,given,,,1.0
cdf16a0f71861420d46dea3a6691598bddaae99a862bb4c531f28ae594c0b943,MIT_002,Tech Stack Strategy & Reporting Requirements,2022-09-20,2022-10-28,Client Project,COMPLETE,JMG22,JMD20,FA52DD8B-17B4-4CA3-93C7-DBCB361C38EE,,,1,given,,,3.0
85f8a9187e80a2b1a8263e705bc5179678f7ebd7400362dc4d2af94267fe2efc,PRX_001,Sales and Marketing Reporting,2021-07-12,2021-09-30,Client Project,COMPLETE,JMG31,JMG31,FB1031E5-A832-4227-A95C-FE4437FA3BFF,,,1,given,,,
abc5caee1c67ac2c06258dc7ab9ec08b289cfaa1336adc4d58d22c4f986ea2f7,RDG_002,Horizon - Ridge - Phase 2 - Core Reporting (CD/HT/TW),2025-05-12,2025-08-22,Client Project,COMPLETE,JMG97,JMD16,C61666D9-4AB2-4623-95E1-E828C5352219,BI and Reporting;Data Engineering;Full Stack Engineering,Core Reporting,1,given,,,4.0
9d6d8cdc8f336f1e1b2332035e3b596bf5f909ec5c9f2be099abcd454bbab074,NOO_002,Ad-monetization workshop,2022-12-01,2023-03-17,Client Project,COMPLETE,JMG31,JMG31,B97C8F34-49F0-4C67-B90E-3997DFF1617F,,,1,given,,,2.0
e6dea851acb8df5887c87091e67814d8d8690b373a268d7d639e14a1926d0b5a,HGC_031,Web Traffic Data Extraction,2022-02-15,2022-02-23,Client Project,COMPLETE,JMG22,JMD41,EE649EF4-C803-4F9C-A7AA-110D5BBB256E,,,1,given,,,1.0
f230d04d0cc2c7879192f86c32ac9e6f76d7a25e1078464bbbbe69be9506f5ea,QSC_002,Data Warehouse Build,2022-01-31,2022-04-08,Client Project,COMPLETE,JML-024,JMD42,34E5306B-5B74-4EC2-B262-4B3C119FB438,,,1,given,,,1.0
b0abc7abb31be3590b5781500509bc171fcc6459dee40472475482563dbe0789,JMG_085,People- IDE Sharepoint page,2022-05-02,2022-06-02,Internal Project,COMPLETE,JMG15,JMG15,EDB6A9A7-5102-45E7-9BE3-A7F958716C2F,,,1,given,,,
b1bbe65835c57718ae6860283e95aa5afa019954e7650be1bb12f3fe11cacdc9,NDC_001,Nordic Capital - Data & Analytics Strategy (CD/TP/RK/SG/AW),2023-11-13,2023-12-21,Client Project,COMPLETE,JMG220,JMD42,4620D418-5BA7-4567-B91D-8FD71EEB38FC,,Data Advisory,1,given,,,1.0
6d33a51b0c5ec9d31b694004579e78ffc72a6b5fd2e579c957aa6192b311dfaa,GLS_008,Levine Leichtman - GLAS - Chennai Software Development,2024-09-30,2024-12-23,Client Project,COMPLETE,JMG313,JMD28,16BA707B-C0A5-43B3-8F7F-4D0E13213915,Full Stack Engineering,Managed Services,1,given,,,4.0
2d4aac5271414d5c79a5ca64e9e80b6dd577a49f699d5162f19a69120e4ff6d0,NZO_004,NetZero Group - Exit Support,2026-08-10,2026-08-31,Client Project,DEAL WON,JMG398,JMD223,EF39E392-4DEF-4ADC-B095-2E495BB0ED5C,BI and Reporting,Exit Support,1,given,,,2.0
7801ae08dd0a1d0b0d23a34048e09e9874c3f56a4322e14ad3a312849b978344,TVC_001,TravelChapter - ICG - TOM Strategy (PG/JT/JM),2026-01-29,2026-02-26,Client Project,COMPLETE,JMG380,JMG87,FD5BC133-1171-4205-A6E3-7DEF79E613FF,Consulting,Data Advisory,1,given,,,1.0
253ac5e897168e98ab91aaf6e555a64f2ed00949ae039352207ab72a2dd5367f,CLN_014,Partner Products Reporting,2022-12-13,2022-12-19,Client Project,COMPLETE,JMG51,JMG51,CBE4E752-7D89-485F-8768-BE5DBF9C1F6C,,,1,given,,,4.0
4e5bfdf0810ef40c8283339705f14ff83432716067f8313eec0f9901edf5a775,LOW_003,Perwyn - Lowe Rental - Cost Cube (MB / TP / DD),2023-10-23,2023-10-27,Client Project,COMPLETE,JMG52,JMD118,5B2E59CB-5FFE-4024-A372-A4600861A984,,Exit Support,1,given,,,1.0
e400d01cdb4014b3a5b887e991482cf2b860995480fdab40223df9c0491dcc7c,RMC_003,RMC Legal - Recdirec & Rackle website maintenance,2024-01-02,2024-12-27,Client Project,COMPLETE,JMD7,JMD157,B53F23DB-A3CF-4645-A6A7-30A1BDB67517,Software Development and LLMs,Managed Services,1,given,,,2.0
7e0b7c58b65f3f75c3e95ed15f95561b40d1cfed5072845217e275b656e4723c,JMG_034,JMAN Website (2020-2021),2020-12-01,2021-06-11,Internal Project,COMPLETE,JMD160,JML56,EDB6A9A7-5102-45E7-9BE3-A7F958716C2F,,,1,given,,,
5e84cb1f9b098dd2d93bdea5f3c68f17d77297a1840f52472126c253c1e1dc4f,SVT_003,Survitec - Product and Customer Cleansing - Phase 3,2022-08-17,2022-10-19,Client Project,COMPLETE,JMG24,JMG24,06667D0C-DFA2-4925-A6B2-CEE326A4E4D7,,,1,given,,,3.0
cc660f94b7c217f14107a335d3924a167a33c86f3751d334e8704c253a02e696,RIT_004,Rithum - Tactical ARR Support & Handover ,2026-02-17,2026-03-10,Client Project,COMPLETE,JMG129,JMD184,5AD60E58-D7A2-4AF5-8DA0-251C77DF4432,BI and Reporting,Core Reporting,1,given,2026-03-19,,3.0
0ca842390e4011ccca21bca2ce3ab3e942f8c009bf921ac4bc24e83920afc98e,IRI_013,Hg Capital - IRIS - New acquisition snowball support,2024-04-08,2024-06-30,Client Project,COMPLETE,JMG69,JMG69,C8496A79-EC52-4B84-875C-972B867B5CA6,,Core Reporting,1,given,,,1.0
5d66d2cf9e7b306a9aaab872c1cc811fcaae9a7e5b3d36944aa1e947d7083084,LIT_006,Litera Acquisitions Data Project,2021-11-01,2021-12-24,Client Project,COMPLETE,JMG56,JMD98,473AE726-CA6B-4869-B88B-B131A95074F8,,,1,given,,,1.0
96e56f893cfefa5ca8025ab9d7d041e37212615ab9c7f2d62ce236876537ecf4,DGT_006,Insight Partners - Diligent - Board Overlap Phase 3,2026-07-13,2026-08-03,Client Project,COMPLETE,JMG329,JMD57,CF24F70C-1907-4C84-809B-60DF0823AA71,Data Science & ML;Consulting,Value Creation,1,given,,,3.0
d62f02abd0ab3cc24953f0f18414ac8ef3ea69c066eaf0085ee61306cb80d83e,VPS_003,Houlihan Lokey - Project Far - Exit Support Phase 3,2024-07-14,2024-07-21,Client Project,COMPLETE,JMG181,JMD41,4DDC6D71-D260-4489-9659-30FB4A52DBAA,Data Engineering,Exit Support,1,given,,,2.0
4b8674c5f06e9e60227dbe56dffaec41dce00c302dbaa37cc2cd6c0b0c538e49,TLS_001,Telestream D&D,2026-06-08,2026-07-06,Client Project,DEAL WON,JMG159,JMD116,10CF3856-0E93-435E-8D69-ADD2DE0FDEF8,Consulting;BI and Reporting;Data Engineering,Core Reporting,1,given,2026-07-08,,3.0
21cb4205dad981308de3c30bc384983c686137b806b264fc12c96b00b1365d45,JMG_081,Sales- Project Wheelhouse Phase 2- JWiki Improvement,2022-05-02,2022-06-10,Internal Project,COMPLETE,JMG42,JMD3,EDB6A9A7-5102-45E7-9BE3-A7F958716C2F,,,1,given,,,
8dab73d1c24c9c88632d3ad05a0bd34223f689f07e7e93da5a2ee71f85d34a21,G3C_001,Oakley Capital - G3 - Design & Discovery,2026-04-27,2026-05-18,Client Project,COMPLETE,JMG149,JMD106,265E5F12-DFBE-431F-A795-9A29AD5BEB6B,Data Engineering;BI and Reporting,Core Reporting,1,given,,,1.0
4306db4ed0dd5667413eb42cd398d6e1a4cdae52bf5f8f23abf9dc766dddf65a,DTQ_001,Baird GIB - DTiQ - Data Cleaning & Data Cube,2026-01-12,2026-02-16,Client Project,COMPLETE,JMG97,JMD12,5B8D7E8C-AA98-43CB-8CAC-654D87734E08,Consulting;BI and Reporting,Exit Support,1,given,2026-05-15,,4.0
2b0c8dd9935b655d6d65b0f4fdbc2e746aaa91de8e7c0431f652ce519bf7992a,TKR_002,Strategy Workshop Facilitation,2021-04-25,2021-05-21,Client Project,COMPLETE,JMG15,JMG15,586F7ABD-1D4F-4E25-B567-9B5A98E91DF1,,,1,given,,,2.0
4dabc62656478c4563f757a614485eaf18f7570f9dde9591af281795c9fb19cb,SEG_006,Data Platform - BA Support,2020-06-01,2020-08-07,Client Project,COMPLETE,JMG23,JMG23,2A8783B2-5AE0-4378-B753-DA2CAA7DCE88,,,1,given,,,
cda6785e7076f9c9b3d476df8ae658479d13b7178557919e908b0fb3a5050bbe,MIM_003,Permira - Mimecast - New Business Scoring,2025-06-02,2025-11-21,Client Project,COMPLETE,JMG133,JMD112,4CFF45AA-31C7-49E7-8251-ED10B0AC7363,Data Science & ML,Value Creation,1,given,2026-03-27,,3.0
26d148577c5df1509cd3b604ed01761506fbc7778bd20b3f129883fa6156b596,PGY_002,Further Global - Progeny - Managed Service,2025-09-15,2026-03-06,Managed Services,COMPLETE,JMG219,JMD212,CFCC2EAC-35D0-4D1F-A9E0-786B81AA4312,BI and Reporting;Data Engineering,Managed Services,1,given,,,4.0
b98c3c30bf946d78c89d3399dcf2c880191d5a907fa351bddee27f5c957bb477,PTZ_008,AKKR - Partnerize - Finance Data Cube Phase 2 Extension (COC / AW / MC),2025-05-26,2025-08-29,Client Project,COMPLETE,JMG134,JMG134,6DAE2A80-0E2E-40D9-A19E-0C34F59EDF1D,BI and Reporting,Core Reporting,1,given,2025-11-28,,4.0
51b58af94eee07aa40ddd3c90cb243f1a4732a625c5a000a0d275119ba469495,STR_002,Baird Capital - STR - Data Warehouse Maintenance (FS/CF),2023-07-31,2023-09-15,Client Project,COMPLETE,JMG44,JMD20,13D12A91-709D-430B-A3E9-8C9DE0161526,,Managed Services,1,given,,,2.0
b8389ff8529eeaff42c7191de8929cfbaffcbd43e7923412cf44298eeb00133d,TKR_003,Project Infinity Analytics Support,2022-01-04,2022-02-25,Client Project,COMPLETE,JMG22,JMG22,586F7ABD-1D4F-4E25-B567-9B5A98E91DF1,,,1,given,,,2.0
4f6618ed402710d41d2b6acbc5adc4fde10bf53f36befb37158cc8e6c69141ad,MCL_005,Enhancements (Block 1 and Block 2),2021-07-02,2021-09-18,Client Project,COMPLETE,JMD160,JML56,637B410A-A9BA-45E3-A0AC-45FE639485EA,,,1,given,,,4.0
652feed65b8ced357470114b326a17782faf08375f565c845642a0d49da2a543,PTZ_007,AKKR - Partnerize - Finance Cube Build,2025-02-09,2025-05-23,Client Project,COMPLETE,JMG59,JMG207,6DAE2A80-0E2E-40D9-A19E-0C34F59EDF1D,BI and Reporting;Data Engineering,Exit Support,1,given,,,4.0
6407cf2b4daac773ca8efca76a32d6e79695560b070d10f08cd8bf84c38fc15b,PLG_003,Oakley - PLG - Data Migration Support,2025-05-12,2025-06-17,Client Project,COMPLETE,JMG159,JMD84,09E5C8A7-E152-4F6A-87B3-2DEAFC4E378D,BI and Reporting,Core Reporting,1,given,,,1.0
f390a34b5248587c0d1622080e79919b7e88ff5e8f043c13a93b306dee734764,SIS_006,Nordic Capital - SIS - Cockpit maintenance and Exit data support,2025-07-03,2025-08-15,Client Project,COMPLETE,JMG217,JMD42,F6FB1F9C-8FCE-45BC-A908-E4C6DE7D160B,Data Engineering,Core Reporting,1,given,,,1.0
2686f15f2d54d9c167b69838717f70c7fd50f710d88f8df6c81c1e3aa886fea9,OCO_006,Inflexion - Ocorian - Data Enrichment,2025-06-16,2025-07-25,Client Project,COMPLETE,JMG236,JMD37,F419A4DB-8641-406D-83DC-C985EC14B44D,Gen AI,Value Creation,1,given,,,2.0
9f39572ee5fba1809e2261f619535c3e016a387672f00b13fe761360e63b55d7,RLD_007,TA - RLDatix - RL6 Pricing Migration (RK/RS),2024-01-15,2024-03-15,Client Project,COMPLETE,JMG186,JMG186,6FA65EF2-FAFC-432E-ADF3-4E4090AE887D,,Pricing,1,given,,,1.0
07e778be431c6539865bd5f193c373d011f025333b6f3a549f403c124217c2d5,JMG_196,AI & ML - Technology CoE,2024-01-01,2026-12-31,Internal Project,ACTIVE,JMD372,JMD372,45AC9AD7-51C9-4C2D-AB89-ADEA174B2771,,,1,given,2026-12-31,,
cc3da4ba4edae2b64c019e82190a82fb1cfc3a223cabcd063d8ed712e37c5cc1,CAC_001,Baird GIB/Constellation Capital - Constellation Academy - Exit Prep & Foundational Reporting (TW/TP/MC),2024-04-15,2024-07-18,Client Project,COMPLETE,JMG188,JMD118,EEE40AF3-2E01-48A4-8C08-585FDF245EA3,,Exit Support,1,given,,,1.0
80b590f68a785a9ef495168e073992b4f81abcc610f3492dd500071706cbfdfe,TOT_004,Bowmark - Totalmobile - Exit readiness and insight review (CD/TB/MC),2024-05-20,2024-06-07,Client Project,COMPLETE,JMG29,JMG69,7198B121-659E-4EBA-B262-0359CE2986AB,,Exit Support,1,given,,,1.0
2e5be41dd5568bdb4fd4b7b73bfc074a7307b2529a0d4fae09aa761c74167358,HEC_002,Novum - Hecht - Data & Systems Infrastructure Assessment,2025-03-17,2025-04-25,Client Project,COMPLETE,JMG217,JMD28,42102E3D-F9A5-4A59-B22A-B33095D7DB9F,BI and Reporting,Core Reporting,1,given,,,1.0
0cf08b76af7aadd341e0e7536b14d2b2f5ea4e77150196798a9010a4b939bde6,MSQ_004,23MSQ - Intelligent Analytics,2026-08-03,2026-08-31,Client Project,DEAL WON,JMG406,JMD324,3E738CE2-9FB1-42B0-929E-C1B9ED0BE76A,Full Stack Engineering,Value Creation,1,given,,,2.0
ba56da87ef6b1110466f2df7be44845a6e8aa37bdd7586e803206cef1faaed26,PSC_019,NWAFT Pathology & Pharmacy Service Review,2022-05-15,2022-07-15,Client Project,COMPLETE,JMG15,JMG15,88B6B8E6-EF36-4337-80D6-8986EB36FAC7,,,1,given,,,2.0
2d604ee87b3ee8be13723ad0bd08654c6baff40bf4971f2d05969cd31e8ca3a9,BKA_001,CBPE - BKL - BI secondment (MB/F/YS),2024-11-24,2025-03-21,Client Project,COMPLETE,JMG42,JMD42,4B0740C2-E149-46BA-9EC1-704194C42177,Consulting;BI and Reporting,Core Reporting,1,given,,,2.0
d56d6fdedac21f741fb6c71ed18212defb48069183e3b90c2537dc837d8b39c4,JMG_271,JMAN-Product Fabric Starter Kit,2026-05-21,2026-12-31,Internal Project,ACTIVE,JMD118,JMD135,45AC9AD7-51C9-4C2D-AB89-ADEA174B2771,,,1,given,,,
ee776d1d8e30472c9e9cd6292ca3f4da,FDX_001,,2026-07-06,2026-09-28,Client Project,ACTIVE,,,FD,,,1,given,,,
cc824f6fec354c4f99eff83770563897,TES_001,,2026-06-22,2026-09-14,Client Project,ACTIVE,,,Tesla,,,1,given,,,
d39753d5025e4c169de7f81d3f70fbd9,NOT_001,,2026-06-22,2026-09-14,Client Project,ACTIVE,,,Nothing,,,1,given,,,
392ea4e6f77345bb8031d5e347045ddc,SON_001,,2026-06-29,2026-09-21,Client Project,ACTIVE,,,Sony,,,1,given,,,
ea4a73bb0b6a496dabd9eab9b1caee32,SUZ_001,,2026-07-06,2026-09-28,Client Project,ACTIVE,,,Suzuki,,,1,given,,,
ffc2313dc067482eae3b33e18546c148,SUZ_002,,2026-07-06,2026-09-28,Client Project,ACTIVE,,,Suzuki,,,1,given,,,
